# Blender 5.1.2
# www.blender.org
mtllib midBoss.mtl
o 円柱.004
v -0.000000 2.607456 3.371663
v 0.000000 3.392005 2.606127
v 0.002161 2.607514 3.371517
v 0.069287 3.393945 2.606451
v 0.004240 2.607686 3.371085
v 0.135912 3.399688 2.607410
v 0.006155 2.607965 3.370382
v 0.197313 3.409014 2.608968
v 0.007834 2.608341 3.369437
v 0.251132 3.421566 2.611064
v 0.009212 2.608799 3.368286
v 0.295300 3.436860 2.613618
v 0.010236 2.609321 3.366972
v 0.328120 3.454308 2.616533
v 0.010866 2.609888 3.365547
v 0.348330 3.473241 2.619695
v 0.011079 2.610477 3.364064
v 0.355154 3.492931 2.622983
v 0.010866 2.611067 3.362582
v 0.348330 3.512620 2.626271
v 0.010236 2.611633 3.361156
v 0.328120 3.531554 2.629433
v 0.009212 2.612156 3.359842
v 0.295300 3.549002 2.632348
v 0.007834 2.612614 3.358691
v 0.251132 3.564296 2.634902
v 0.006155 2.612989 3.357746
v 0.197313 3.576848 2.636998
v 0.004240 2.613269 3.357044
v 0.135912 3.586174 2.638556
v 0.002161 2.613441 3.356611
v 0.069287 3.591918 2.639515
v -0.000000 2.593740 3.347367
v -0.000000 3.553144 2.651172
v -0.002161 2.613441 3.356611
v -0.069287 3.591918 2.639515
v -0.004240 2.613269 3.357044
v -0.135912 3.586174 2.638556
v -0.006155 2.612989 3.357746
v -0.197313 3.576848 2.636998
v -0.007834 2.612614 3.358691
v -0.251132 3.564296 2.634902
v -0.009212 2.612156 3.359842
v -0.295300 3.549002 2.632348
v -0.010236 2.611633 3.361156
v -0.328120 3.531554 2.629433
v -0.010866 2.611067 3.362582
v -0.348330 3.512620 2.626271
v -0.011079 2.610477 3.364064
v -0.355154 3.492931 2.622983
v -0.010866 2.609888 3.365547
v -0.348330 3.473241 2.619695
v -0.010236 2.609321 3.366972
v -0.328120 3.454308 2.616533
v -0.009212 2.608799 3.368286
v -0.295300 3.436860 2.613618
v -0.007834 2.608341 3.369437
v -0.251132 3.421566 2.611064
v -0.006155 2.607965 3.370382
v -0.197313 3.409014 2.608968
v -0.004240 2.607686 3.371085
v -0.135912 3.399688 2.607410
v -0.002161 2.607514 3.371517
v -0.069287 3.393945 2.606451
v -0.000000 2.546203 3.301248
v -0.000000 2.534508 3.202077
v -0.000000 2.573221 3.107906
v -0.000000 2.643799 3.046171
v -0.000000 2.784651 2.980191
v -0.000000 2.976608 2.925808
v -0.000000 3.099834 2.891366
v -0.000000 3.189756 2.859572
v 0.000000 3.298885 2.782428
v 0.000000 3.343344 2.733979
v 0.069287 3.344997 2.734715
v 0.064829 3.299468 2.784003
v 0.060124 3.190077 2.860919
v 0.054996 3.099999 2.892525
v 0.047630 2.976848 2.926625
v 0.038476 2.785188 2.980780
v 0.029604 2.644694 3.046372
v 0.020004 2.573939 3.108051
v 0.013986 2.535150 3.201971
v 0.008304 2.546764 3.300752
v 0.135912 3.349895 2.736895
v 0.127167 3.301194 2.788667
v 0.117937 3.191025 2.864908
v 0.107879 3.100487 2.895957
v 0.093430 2.977558 2.929043
v 0.075474 2.786779 2.982524
v 0.058071 2.647343 3.046967
v 0.039240 2.576064 3.108482
v 0.027435 2.537049 3.201658
v 0.016289 2.548428 3.299281
v 0.197313 3.357847 2.740435
v 0.184618 3.303997 2.796242
v 0.171217 3.192565 2.871385
v 0.156616 3.101280 2.901530
v 0.135640 2.978711 2.932971
v 0.109571 2.789363 2.985357
v 0.084305 2.651646 3.047932
v 0.056968 2.579516 3.109183
v 0.039830 2.540133 3.201150
v 0.023647 2.551129 3.296892
v 0.251132 3.368549 2.745198
v 0.234975 3.307769 2.806435
v 0.217918 3.194638 2.880101
v 0.199335 3.102347 2.909029
v 0.172637 2.980263 2.938256
v 0.139458 2.792841 2.989168
v 0.107300 2.657436 3.049232
v 0.072507 2.584160 3.110125
v 0.050694 2.544284 3.200466
v 0.030097 2.554765 3.293678
v 0.295300 3.381590 2.751004
v 0.276301 3.312366 2.818856
v 0.256245 3.197163 2.890723
v 0.234393 3.103648 2.918168
v 0.202999 2.982155 2.944696
v 0.163985 2.797078 2.993813
v 0.126172 2.664491 3.050815
v 0.085259 2.589820 3.111273
v 0.059610 2.549341 3.199633
v 0.035391 2.559195 3.289762
v 0.328120 3.396468 2.757626
v 0.307009 3.317610 2.833028
v 0.284724 3.200045 2.902841
v 0.260444 3.105131 2.928594
v 0.225561 2.984312 2.952044
v 0.182210 2.801913 2.999112
v 0.140195 2.672540 3.052622
v 0.094734 2.596277 3.112583
v 0.066235 2.555112 3.198682
v 0.039324 2.564249 3.285293
v 0.348330 3.412611 2.764812
v 0.325919 3.323300 2.848404
v 0.302261 3.203171 2.915990
v 0.276485 3.106741 2.939907
v 0.239454 2.986654 2.960016
v 0.193433 2.807158 3.004861
v 0.148830 2.681274 3.054582
v 0.100569 2.603283 3.114004
v 0.070315 2.561373 3.197650
v 0.041746 2.569733 3.280445
v 0.355154 3.429400 2.772285
v 0.332304 3.329218 2.864395
v 0.308183 3.206422 2.929664
v 0.281902 3.108415 2.951672
v 0.244145 2.989088 2.968307
v 0.197223 2.812613 3.010841
v 0.151746 2.690357 3.056621
v 0.102540 2.610569 3.115483
v 0.071692 2.567884 3.196578
v 0.042564 2.575437 3.275402
v 0.348330 3.446189 2.779759
v 0.325919 3.335136 2.880386
v 0.302261 3.209674 2.943338
v 0.276485 3.110089 2.963436
v 0.239454 2.991523 2.976599
v 0.193433 2.818069 3.016820
v 0.148830 2.699440 3.058659
v 0.100569 2.617855 3.116961
v 0.070315 2.574395 3.195505
v 0.041746 2.581140 3.270360
v 0.328120 3.462333 2.786945
v 0.307009 3.340826 2.895763
v 0.284724 3.212800 2.956487
v 0.260444 3.111698 2.974749
v 0.225561 2.993864 2.984571
v 0.182210 2.823314 3.022570
v 0.140195 2.708174 3.060619
v 0.094734 2.624861 3.118382
v 0.066235 2.580657 3.194473
v 0.039324 2.586624 3.265512
v 0.295300 3.477211 2.793567
v 0.276301 3.346070 2.909934
v 0.256245 3.215681 2.968605
v 0.234393 3.113182 2.985175
v 0.202999 2.996022 2.991919
v 0.163985 2.828149 3.027869
v 0.126172 2.716223 3.062426
v 0.085259 2.631318 3.119692
v 0.059610 2.586427 3.193522
v 0.035391 2.591678 3.261043
v 0.251132 3.490251 2.799372
v 0.234975 3.350667 2.922355
v 0.217918 3.218207 2.979227
v 0.199335 3.114482 2.994313
v 0.172637 2.997913 2.998359
v 0.139458 2.832386 3.032513
v 0.107300 2.723279 3.064009
v 0.072507 2.636977 3.120840
v 0.050694 2.591484 3.192689
v 0.030097 2.596108 3.257126
v 0.197313 3.500954 2.804136
v 0.184618 3.354439 2.932549
v 0.171217 3.220279 2.987943
v 0.156616 3.115549 3.001813
v 0.135640 2.999465 3.003645
v 0.109571 2.835863 3.036325
v 0.084305 2.729069 3.065309
v 0.056968 2.641622 3.121783
v 0.039830 2.595635 3.192005
v 0.023647 2.599744 3.253912
v 0.135912 3.508906 2.807676
v 0.127167 3.357242 2.940124
v 0.117937 3.221820 2.994421
v 0.107879 3.116342 3.007386
v 0.093430 3.000619 3.007572
v 0.075474 2.838448 3.039157
v 0.058071 2.733371 3.066274
v 0.039240 2.645073 3.122483
v 0.027435 2.598719 3.191497
v 0.016289 2.602445 3.251523
v 0.069287 3.513803 2.809856
v 0.064829 3.358968 2.944788
v 0.060124 3.222768 2.998409
v 0.054996 3.116831 3.010818
v 0.047630 3.001329 3.009990
v 0.038476 2.840039 3.040901
v 0.029604 2.736020 3.066869
v 0.020004 2.647198 3.122914
v 0.013986 2.600619 3.191184
v 0.008304 2.604109 3.250053
v -0.000000 3.480012 2.817057
v 0.000000 3.334582 2.948957
v -0.000000 3.200135 2.988033
v -0.000000 3.101171 2.999905
v -0.000000 2.948582 2.998769
v -0.000000 2.805559 3.041372
v -0.000000 2.708864 3.066222
v -0.000000 2.625845 3.120615
v -0.000000 2.582324 3.186695
v -0.000000 2.585505 3.243505
v -0.069287 3.513803 2.809856
v -0.064829 3.358968 2.944788
v -0.060124 3.222768 2.998409
v -0.054996 3.116831 3.010818
v -0.047630 3.001329 3.009990
v -0.038476 2.840039 3.040901
v -0.029604 2.736020 3.066869
v -0.020005 2.647198 3.122914
v -0.013986 2.600619 3.191184
v -0.008304 2.604109 3.250053
v -0.135912 3.508906 2.807676
v -0.127167 3.357242 2.940124
v -0.117937 3.221820 2.994421
v -0.107879 3.116342 3.007386
v -0.093430 3.000619 3.007572
v -0.075474 2.838448 3.039157
v -0.058071 2.733371 3.066274
v -0.039240 2.645073 3.122483
v -0.027435 2.598719 3.191497
v -0.016289 2.602445 3.251523
v -0.197313 3.500954 2.804136
v -0.184618 3.354439 2.932549
v -0.171217 3.220279 2.987943
v -0.156616 3.115549 3.001813
v -0.135640 2.999465 3.003645
v -0.109571 2.835863 3.036325
v -0.084305 2.729069 3.065309
v -0.056968 2.641622 3.121783
v -0.039830 2.595635 3.192005
v -0.023647 2.599744 3.253912
v -0.251132 3.490251 2.799372
v -0.234975 3.350667 2.922355
v -0.217918 3.218207 2.979227
v -0.199335 3.114482 2.994313
v -0.172637 2.997913 2.998359
v -0.139458 2.832386 3.032513
v -0.107300 2.723279 3.064009
v -0.072507 2.636977 3.120840
v -0.050694 2.591484 3.192689
v -0.030097 2.596108 3.257126
v -0.295300 3.477211 2.793567
v -0.276301 3.346070 2.909934
v -0.256245 3.215681 2.968605
v -0.234393 3.113182 2.985175
v -0.202999 2.996022 2.991919
v -0.163985 2.828149 3.027869
v -0.126172 2.716223 3.062426
v -0.085259 2.631318 3.119692
v -0.059610 2.586427 3.193522
v -0.035391 2.591678 3.261043
v -0.328120 3.462333 2.786945
v -0.307009 3.340826 2.895763
v -0.284724 3.212800 2.956487
v -0.260444 3.111698 2.974749
v -0.225561 2.993864 2.984571
v -0.182210 2.823314 3.022570
v -0.140195 2.708174 3.060619
v -0.094734 2.624861 3.118382
v -0.066235 2.580657 3.194473
v -0.039324 2.586624 3.265512
v -0.348330 3.446189 2.779759
v -0.325919 3.335136 2.880386
v -0.302261 3.209674 2.943338
v -0.276485 3.110089 2.963436
v -0.239454 2.991523 2.976599
v -0.193433 2.818069 3.016820
v -0.148830 2.699440 3.058659
v -0.100569 2.617855 3.116961
v -0.070315 2.574395 3.195505
v -0.041746 2.581140 3.270360
v -0.355154 3.429400 2.772285
v -0.332304 3.329218 2.864395
v -0.308183 3.206422 2.929664
v -0.281902 3.108415 2.951672
v -0.244145 2.989088 2.968307
v -0.197223 2.812613 3.010841
v -0.151746 2.690357 3.056621
v -0.102540 2.610569 3.115483
v -0.071692 2.567884 3.196578
v -0.042564 2.575437 3.275402
v -0.348330 3.412611 2.764812
v -0.325919 3.323300 2.848404
v -0.302261 3.203171 2.915990
v -0.276485 3.106741 2.939907
v -0.239454 2.986654 2.960016
v -0.193433 2.807158 3.004861
v -0.148830 2.681274 3.054582
v -0.100569 2.603283 3.114004
v -0.070315 2.561373 3.197650
v -0.041746 2.569733 3.280445
v -0.328120 3.396468 2.757626
v -0.307009 3.317610 2.833028
v -0.284724 3.200045 2.902841
v -0.260444 3.105131 2.928594
v -0.225561 2.984312 2.952044
v -0.182210 2.801913 2.999112
v -0.140195 2.672540 3.052622
v -0.094734 2.596277 3.112583
v -0.066235 2.555112 3.198682
v -0.039324 2.564249 3.285293
v -0.295300 3.381590 2.751004
v -0.276301 3.312366 2.818856
v -0.256245 3.197163 2.890723
v -0.234393 3.103648 2.918168
v -0.202999 2.982155 2.944696
v -0.163985 2.797078 2.993813
v -0.126172 2.664491 3.050815
v -0.085259 2.589820 3.111273
v -0.059610 2.549341 3.199633
v -0.035391 2.559195 3.289762
v -0.251132 3.368549 2.745198
v -0.234975 3.307769 2.806435
v -0.217918 3.194638 2.880101
v -0.199335 3.102347 2.909029
v -0.172637 2.980263 2.938256
v -0.139458 2.792841 2.989168
v -0.107300 2.657436 3.049232
v -0.072507 2.584160 3.110125
v -0.050694 2.544284 3.200466
v -0.030097 2.554765 3.293678
v -0.197313 3.357847 2.740435
v -0.184618 3.303997 2.796242
v -0.171217 3.192565 2.871385
v -0.156616 3.101280 2.901530
v -0.135640 2.978711 2.932971
v -0.109571 2.789363 2.985357
v -0.084305 2.651646 3.047932
v -0.056968 2.579516 3.109183
v -0.039830 2.540133 3.201150
v -0.023647 2.551129 3.296892
v -0.135912 3.349895 2.736895
v -0.127167 3.301194 2.788667
v -0.117937 3.191025 2.864908
v -0.107879 3.100487 2.895957
v -0.093430 2.977558 2.929043
v -0.075474 2.786779 2.982524
v -0.058071 2.647343 3.046967
v -0.039240 2.576064 3.108482
v -0.027435 2.537049 3.201658
v -0.016289 2.548428 3.299281
v -0.069287 3.344997 2.734715
v -0.064829 3.299468 2.784003
v -0.060124 3.190077 2.860919
v -0.054996 3.099999 2.892525
v -0.047630 2.976848 2.926625
v -0.038476 2.785188 2.980780
v -0.029604 2.644694 3.046372
v -0.020005 2.573939 3.108051
v -0.013986 2.535150 3.201971
v -0.008304 2.546764 3.300752
v 0.000000 5.261610 1.164403
v 0.000000 5.840164 1.164403
v 0.062907 5.261610 1.170599
v 0.062907 5.840164 1.170599
v 0.123397 5.261610 1.188949
v 0.123397 5.840164 1.188949
v 0.179145 5.261610 1.218746
v 0.179145 5.840164 1.218746
v 0.228008 5.261610 1.258847
v 0.228008 5.840164 1.258847
v 0.268109 5.261610 1.307711
v 0.268109 5.840164 1.307711
v 0.297907 5.261610 1.363458
v 0.297907 5.840164 1.363458
v 0.316256 5.261610 1.423948
v 0.316256 5.840164 1.423948
v 0.322452 5.261610 1.486855
v 0.322452 5.840164 1.486855
v 0.316256 5.261610 1.549763
v 0.316256 5.840164 1.549763
v 0.297907 5.261610 1.610252
v 0.297907 5.840164 1.610252
v 0.268109 5.261610 1.666000
v 0.268109 5.840164 1.666000
v 0.228008 5.261610 1.714863
v 0.228008 5.840164 1.714863
v 0.179145 5.261610 1.754964
v 0.179145 5.840164 1.754964
v 0.123397 5.261610 1.784762
v 0.123397 5.840164 1.784762
v 0.062907 5.261610 1.803112
v 0.062907 5.840164 1.803112
v 0.000000 5.261610 1.809307
v 0.000000 5.840164 1.809307
v -0.062907 5.261610 1.803112
v -0.062907 5.840164 1.803112
v -0.123397 5.261610 1.784762
v -0.123397 5.840164 1.784762
v -0.179145 5.261610 1.754964
v -0.179145 5.840164 1.754964
v -0.228008 5.261610 1.714863
v -0.228008 5.840164 1.714863
v -0.268109 5.261610 1.666000
v -0.268109 5.840164 1.666000
v -0.297907 5.261610 1.610252
v -0.297907 5.840164 1.610252
v -0.316256 5.261610 1.549763
v -0.316256 5.840164 1.549763
v -0.322452 5.261610 1.486855
v -0.322452 5.840164 1.486855
v -0.316256 5.261610 1.423948
v -0.316256 5.840164 1.423948
v -0.297907 5.261610 1.363458
v -0.297907 5.840164 1.363458
v -0.268109 5.261610 1.307711
v -0.268109 5.840164 1.307711
v -0.228008 5.261610 1.258847
v -0.228008 5.840164 1.258847
v -0.179145 5.261610 1.218746
v -0.179145 5.840164 1.218746
v -0.123397 5.261610 1.188949
v -0.123397 5.840164 1.188949
v -0.062907 5.261610 1.170599
v -0.062907 5.840164 1.170599
v 0.000000 5.595876 1.145769
v 0.066543 5.595876 1.152323
v 0.130528 5.595876 1.171733
v 0.189497 5.595876 1.203253
v 0.241184 5.595876 1.245671
v 0.283603 5.595876 1.297358
v 0.315123 5.595876 1.356327
v 0.334532 5.595876 1.420313
v 0.341086 5.595876 1.486855
v 0.334532 5.595876 1.553398
v 0.315123 5.595876 1.617383
v 0.283603 5.595876 1.676353
v 0.241184 5.595876 1.728040
v 0.189497 5.595876 1.770458
v 0.130528 5.595876 1.801978
v 0.066543 5.595876 1.821388
v 0.000000 5.595876 1.827942
v -0.066543 5.595876 1.821388
v -0.130528 5.595876 1.801978
v -0.189497 5.595876 1.770458
v -0.241184 5.595876 1.728040
v -0.283603 5.595876 1.676353
v -0.315123 5.595876 1.617383
v -0.334532 5.595876 1.553398
v -0.341086 5.595876 1.486855
v -0.334532 5.595876 1.420313
v -0.315123 5.595876 1.356327
v -0.283603 5.595876 1.297358
v -0.241184 5.595876 1.245671
v -0.189497 5.595876 1.203253
v -0.130528 5.595876 1.171733
v -0.066543 5.595876 1.152323
v 0.070959 5.820492 1.130123
v 0.000000 5.820492 1.123134
v 0.000000 5.595876 1.102115
v 0.139190 5.820492 1.150821
v 0.202073 5.820492 1.184432
v 0.257190 5.820492 1.229666
v 0.302423 5.820492 1.284783
v 0.336035 5.820492 1.347665
v 0.356732 5.820492 1.415897
v 0.363721 5.820492 1.486855
v 0.356732 5.820492 1.557814
v 0.336035 5.820492 1.626045
v 0.302423 5.820492 1.688928
v 0.257190 5.820492 1.744045
v 0.202073 5.820492 1.789279
v 0.139190 5.820492 1.822890
v 0.070959 5.820492 1.843588
v 0.000000 5.820492 1.850577
v -0.070959 5.820492 1.843588
v -0.139190 5.820492 1.822890
v -0.202073 5.820492 1.789279
v -0.257190 5.820492 1.744045
v -0.302423 5.820492 1.688928
v -0.336035 5.820492 1.626045
v -0.356732 5.820492 1.557814
v -0.363721 5.820492 1.486855
v -0.356732 5.820492 1.415897
v -0.336035 5.820492 1.347665
v -0.302423 5.820492 1.284783
v -0.257190 5.820492 1.229666
v -0.202073 5.820492 1.184432
v -0.139190 5.820492 1.150821
v -0.070959 5.820492 1.130123
v 0.075059 5.595876 1.109508
v 0.147234 5.595876 1.131402
v 0.213750 5.595876 1.166955
v 0.272053 5.595876 1.214803
v 0.319900 5.595876 1.273105
v 0.355454 5.595876 1.339622
v 0.377348 5.595876 1.411796
v 0.384740 5.595876 1.486855
v 0.377348 5.595876 1.561915
v 0.355454 5.595876 1.634089
v 0.319900 5.595876 1.700606
v 0.272053 5.595876 1.758908
v 0.213750 5.595876 1.806755
v 0.147234 5.595876 1.842309
v 0.075059 5.595876 1.864203
v 0.000000 5.595876 1.871596
v -0.075059 5.595876 1.864203
v -0.147234 5.595876 1.842309
v -0.213750 5.595876 1.806755
v -0.272053 5.595876 1.758908
v -0.319900 5.595876 1.700606
v -0.355454 5.595876 1.634089
v -0.377348 5.595876 1.561915
v -0.384740 5.595876 1.486855
v -0.377348 5.595876 1.411796
v -0.355454 5.595876 1.339622
v -0.319900 5.595876 1.273105
v -0.272053 5.595876 1.214803
v -0.213750 5.595876 1.166955
v -0.147234 5.595876 1.131402
v -0.075059 5.595876 1.109508
v -0.000000 5.670748 1.078449
v -0.000000 5.745620 1.086025
v 0.078198 5.745620 1.093727
v 0.079676 5.670748 1.086297
v 0.153391 5.745620 1.116536
v 0.156290 5.670748 1.109538
v 0.222689 5.745620 1.153577
v 0.226898 5.670748 1.147278
v 0.283430 5.745620 1.203425
v 0.288786 5.670748 1.198069
v 0.333278 5.745620 1.264166
v 0.339577 5.670748 1.259957
v 0.370319 5.745620 1.333464
v 0.377318 5.670748 1.330565
v 0.393129 5.745620 1.408657
v 0.400558 5.670748 1.407179
v 0.400831 5.745620 1.486855
v 0.408406 5.670748 1.486855
v 0.393129 5.745620 1.565054
v 0.400558 5.670748 1.566531
v 0.370319 5.745620 1.640247
v 0.377318 5.670748 1.643146
v 0.333278 5.745620 1.709545
v 0.339577 5.670748 1.713754
v 0.283430 5.745620 1.770285
v 0.288786 5.670748 1.775642
v 0.222689 5.745620 1.820134
v 0.226898 5.670748 1.826432
v 0.153391 5.745620 1.857175
v 0.156290 5.670748 1.864173
v 0.078198 5.745620 1.879984
v 0.079676 5.670748 1.887414
v -0.000000 5.745620 1.887686
v -0.000000 5.670748 1.895261
v -0.078198 5.745620 1.879984
v -0.079676 5.670748 1.887414
v -0.153391 5.745620 1.857175
v -0.156290 5.670748 1.864173
v -0.222689 5.745620 1.820134
v -0.226898 5.670748 1.826432
v -0.283430 5.745620 1.770285
v -0.288786 5.670748 1.775642
v -0.333278 5.745620 1.709545
v -0.339577 5.670748 1.713754
v -0.370319 5.745620 1.640247
v -0.377318 5.670748 1.643146
v -0.393129 5.745620 1.565054
v -0.400558 5.670748 1.566531
v -0.400831 5.745620 1.486855
v -0.408406 5.670748 1.486855
v -0.393129 5.745620 1.408657
v -0.400558 5.670748 1.407179
v -0.370319 5.745620 1.333464
v -0.377318 5.670748 1.330565
v -0.333278 5.745620 1.264166
v -0.339577 5.670748 1.259957
v -0.283430 5.745620 1.203425
v -0.288786 5.670748 1.198069
v -0.222689 5.745620 1.153577
v -0.226898 5.670748 1.147278
v -0.153391 5.745620 1.116536
v -0.156290 5.670748 1.109538
v -0.078198 5.745620 1.093727
v -0.079676 5.670748 1.086297
v 0.415602 2.790459 1.439716
v 0.853183 2.727795 1.350285
v 0.422756 2.787761 1.512291
v 0.394414 2.793055 1.369915
v 0.806607 2.733498 1.196851
v 0.868909 2.721862 1.509837
v 0.868910 2.721116 1.529900
v 0.899360 2.390093 1.497548
v 0.422757 2.787015 1.532348
v 0.415602 2.784317 1.604939
v 0.394412 2.781721 1.674746
v 0.806605 2.709479 1.842910
v 0.386755 2.781034 1.693226
v 0.798946 2.708792 1.861395
v 0.352331 2.778641 1.757584
v 0.305994 2.776543 1.814008
v 0.621472 2.698924 2.126817
v 0.291904 2.776020 1.828092
v 0.152623 2.772735 1.916437
v 0.170964 2.773017 1.908843
v 0.341700 2.691804 2.318300
v 0.235420 2.774297 1.874415
v 0.483290 2.694616 2.242671
v 0.500208 2.234598 2.240119
v 0.607382 2.698400 2.140902
v 0.628913 2.256247 2.136735
v 0.353354 2.218510 2.316947
v 0.375057 1.369684 2.090867
v 0.335015 2.216953 2.324384
v 0.323360 2.691522 2.325894
v 0.169709 2.689790 2.372471
v 0.175650 2.207043 2.371700
v 0.186712 1.335867 2.139420
v 0.009908 2.203698 2.387678
v 0.356715 1.365341 2.097103
v 0.009911 2.689205 2.388199
v -0.009911 2.689205 2.388199
v 0.009912 2.771680 1.944804
v -0.009909 2.203698 2.387678
v -0.009907 1.325914 2.153710
v -0.175650 2.207043 2.371700
v -0.186712 1.335867 2.139420
v -0.195090 0.378160 0.987848
v -0.356715 1.365341 2.097103
v -0.373148 0.427966 0.966948
v -0.383797 0.120982 0.311877
v -0.372334 0.429605 0.965780
v -0.355892 1.366222 2.095296
v -0.374234 1.370565 2.089060
v -0.390683 0.436620 0.962843
v -0.401343 0.130263 0.309493
v -0.391497 0.434977 0.964005
v -0.402157 0.128432 0.310330
v -0.373872 0.102560 -0.476819
v -0.571033 0.216815 0.291985
v -0.531331 0.186724 -0.476819
v -0.490874 0.144767 -0.927819
v -0.669314 0.299964 -0.476819
v -0.616827 0.248134 -0.927819
v -0.535274 0.256597 -1.225946
v -0.585101 0.213441 -1.163553
v -0.667868 0.301410 -0.476744
v -0.681238 0.314791 -0.476797
v -0.717513 0.337152 0.266656
v -0.599325 0.227690 -1.163585
v -0.548133 0.272294 -1.225087
v -0.630761 0.262079 -0.927819
v -0.549545 0.270885 -1.225946
v -0.533866 0.258003 -1.225076
v -0.316595 0.310160 -1.760812
v -0.423441 0.230263 -1.574779
v -0.325705 0.159492 -2.014717
v -0.338835 0.160830 -1.574779
v -0.262066 0.107264 -2.014717
v -0.141491 0.047356 -2.533653
v -0.189422 0.068435 -2.014717
v -0.106398 0.028599 -2.533653
v -0.193738 0.039259 -1.988800
v -0.094933 0.021032 -3.104288
v -0.135606 0.063608 -2.691568
v -0.094802 0.021348 -3.102514
v -0.089743 0.019248 -3.102514
v -0.175233 0.031611 -1.988827
v -0.089874 0.018932 -3.104288
v -0.087905 0.020923 -2.533653
v -0.170965 0.060777 -2.014717
v -0.049686 0.009330 -2.533653
v -0.047619 0.027163 -2.691568
v -0.031382 0.107478 -2.631221
v -0.001625 0.007953 -3.095019
v -0.009917 0.005413 -2.533653
v -0.031382 0.107478 -2.631221
v -0.031382 0.107478 -2.631221
v -0.089367 0.131495 -2.631221
v -0.089367 0.131495 -2.631221
v -0.089367 0.131495 -2.631221
v -0.133746 0.175874 -2.631221
v -0.137762 0.062437 -3.099622
v -0.141997 0.066685 -3.099622
v -0.172208 0.072565 -2.533653
v -0.137478 0.062720 -3.101752
v -0.141713 0.066968 -3.101752
v -0.267605 0.230527 -2.151870
v -0.282147 0.245035 -2.151820
v -0.338901 0.175143 -2.013386
v -0.186714 0.087109 -2.533653
v -0.351406 0.158897 -2.012517
v -0.340115 0.173931 -2.014717
v -0.331930 0.156386 -2.006991
v -0.324476 0.160718 -2.013413
v -0.330928 0.324508 -1.760805
v -0.437770 0.244615 -1.574779
v -0.507102 0.329096 -1.574779
v -0.638583 0.379379 -1.225946
v -0.734071 0.387964 -0.927819
v -0.704725 0.503120 -1.225946
v -0.702902 0.503873 -1.225038
v -0.558603 0.425449 -1.574779
v -0.810817 0.531547 -0.927819
v -0.628699 0.570144 -1.248733
v -0.429214 0.310490 -2.013538
v -0.636603 0.589265 -1.248729
v -0.710741 0.522843 -1.225047
v -0.712568 0.522088 -1.225946
v -0.816570 0.550790 -0.927206
v -0.818456 0.550011 -0.927819
v -0.808941 0.532322 -0.927173
v -0.915370 0.498335 -0.867207
v -0.922967 0.516711 -0.867279
v -0.950556 0.678771 0.195857
v -0.887293 0.626284 -0.476819
v -0.942822 0.660486 0.199682
v -0.917138 0.922089 0.759233
v -0.944819 0.659719 0.200055
v -0.879979 0.608608 -0.476819
v -0.795884 0.451277 -0.476819
v -0.854612 0.494475 0.234353
v -0.831470 0.770251 0.823312
v -0.733191 0.349612 0.264422
v -0.713494 0.637695 0.878937
v -0.683114 1.490005 1.918117
v -0.711983 0.638935 0.877989
v -0.795763 1.568454 1.805482
v -0.681594 1.490619 1.916692
v -0.667484 1.482551 1.928276
v -0.669004 1.481937 1.929700
v -0.699361 0.624658 0.884408
v -0.628913 2.256247 2.136735
v -0.531712 1.417540 2.022157
v -0.500208 2.234598 2.240119
v -0.483290 2.694616 2.242671
v -0.353354 2.218510 2.316947
v -0.375057 1.369684 2.090867
v -0.335015 2.216953 2.324384
v -0.323360 2.691522 2.325894
v -0.341700 2.691804 2.318300
v -0.152623 2.772735 1.916437
v -0.169709 2.689790 2.372471
v -0.082669 2.771946 1.937643
v -0.009912 2.771680 1.944804
v -0.170965 2.773017 1.908843
v -0.235420 2.774297 1.874415
v -0.291904 2.776020 1.828092
v -0.607382 2.698400 2.140902
v -0.305994 2.776543 1.814008
v -0.394412 2.781721 1.674745
v -0.152613 2.802041 1.128214
v 0.291881 2.798757 1.216544
v -0.621473 2.698924 2.126817
v -0.643010 2.259137 2.122933
v -0.723294 2.703532 2.002833
v -0.352331 2.778641 1.757585
v -0.386755 2.781034 1.693226
v -0.798946 2.708792 1.861395
v -0.806605 2.709479 1.842910
v -0.827077 2.315596 1.853308
v -0.834743 2.319392 1.835185
v -0.887138 1.668549 1.661770
v -0.883051 2.352031 1.679317
v -0.853183 2.715184 1.689469
v -0.415602 2.784316 1.604938
v -0.868910 2.721116 1.529900
v -0.899362 2.385972 1.517224
v -0.956064 1.866592 1.377429
v -0.899360 2.390094 1.497548
v -0.956062 1.878110 1.360892
v -0.953912 1.877855 1.360716
v -0.999002 1.291883 0.604415
v -0.938666 1.979057 1.215958
v -0.883051 2.424032 1.335475
v -0.853183 2.727795 1.350285
v -0.834746 2.456669 1.179613
v -0.887141 2.076135 1.076577
v -0.926827 1.626456 0.464015
v -0.879436 2.086766 1.061314
v -0.885155 2.075410 1.077075
v -0.877450 2.086042 1.061811
v -0.917094 1.642837 0.456942
v -0.924826 1.625627 0.464180
v -0.919094 1.643672 0.456791
v -0.944785 1.447526 0.036536
v -0.831470 1.794835 0.393357
v -0.795763 2.176235 0.932858
v -0.854612 1.612707 0.002250
v -0.795884 1.516724 -0.476819
v -0.733213 1.757544 -0.027813
v -0.682713 1.654623 -0.476819
v -0.630797 1.464861 -0.927819
v -0.681343 1.653254 -0.476122
v -0.660752 1.424294 -1.090265
v -0.667872 1.666704 -0.476177
v -0.731687 1.756099 -0.027267
v -0.646397 1.438649 -1.090272
v -0.533799 1.354280 -1.194612
v -0.616743 1.507303 -0.927819
v -0.535153 1.355633 -1.225946
v -0.749008 1.502972 -1.254548
v -0.754507 1.492156 -1.270969
v -0.548233 1.339839 -1.194613
v -0.511063 1.315988 -1.293672
v -0.549588 1.341193 -1.225946
v -0.573678 1.364758 -1.345684
v -0.566650 1.383924 -1.345284
v -0.496509 1.318903 -1.296694
v -0.324005 0.845559 -2.014115
v -0.423274 1.105736 -1.574779
v -0.338711 0.842491 -2.011083
v -0.340182 0.824930 -2.014717
v -0.215146 0.947329 -1.812390
v -0.390185 0.732889 -2.153644
v -0.437822 1.091184 -1.574779
v -0.507102 1.006766 -1.574779
v -0.392208 0.761536 -2.014717
v -0.211755 0.400600 -2.533653
v -0.430742 0.689444 -2.014717
v -0.230132 0.366220 -2.533653
v -0.228194 0.365415 -2.533092
v -0.220033 0.256688 -3.095455
v -0.202949 0.402161 -2.691568
v -0.219930 0.256645 -3.095140
v -0.220374 0.255575 -3.095140
v -0.220477 0.255618 -3.095455
v -0.236533 0.345407 -2.532966
v -0.238436 0.346196 -2.533653
v -0.438890 0.669793 -2.014717
v -0.249782 0.308795 -2.533653
v -0.239394 0.314173 -2.691568
v -0.157764 0.296621 -2.631221
v -0.207535 0.153031 -3.113014
v -0.157764 0.296621 -2.631221
v -0.253595 0.270078 -2.533653
v -0.157764 0.296621 -2.631221
v -0.157764 0.233860 -2.631221
v -0.133746 0.354606 -2.631221
v -0.133746 0.354606 -2.631221
v -0.089367 0.398985 -2.631221
v 0.157762 0.296621 -2.631221
v 0.157762 0.233860 -2.631221
v -0.157764 0.233860 -2.631221
v -0.207538 0.150924 -3.113014
v -0.367537 0.486125 -2.000381
v -0.239394 0.218937 -2.691568
v -0.207358 0.150924 -3.111958
v -0.249782 0.209426 -2.533653
v -0.462640 0.407446 -2.014717
v -0.238427 0.171993 -2.533653
v -0.380639 0.373713 -2.076632
v -0.438884 0.329131 -2.014717
v -0.199518 0.089454 -3.104233
v -0.199215 0.089579 -3.102769
v -0.197538 0.085513 -3.102769
v -0.197842 0.085388 -3.104233
v -0.372515 0.354127 -2.076682
v -0.230340 0.152391 -2.533653
v -0.430900 0.309794 -2.014717
v -0.211755 0.117621 -2.533653
v -0.202949 0.130950 -2.691568
v -0.133746 0.175874 -2.631221
v -0.133746 0.175874 -2.631221
v -0.392208 0.237407 -2.014717
v -0.428672 0.330902 -2.026104
v -0.443243 0.345815 -2.027828
v -0.437216 0.329820 -2.013508
v -0.566505 0.444571 -1.574779
v -0.598168 0.548948 -1.574779
v -0.753260 0.656232 -1.225946
v -0.865689 0.705718 -0.927819
v -0.767000 0.795734 -1.225946
v -0.608860 0.657508 -1.574779
v -0.881637 0.867634 -0.927819
v -0.821045 0.819839 -1.083395
v -0.606930 0.657507 -1.573783
v -0.557778 0.655865 -1.564906
v -0.606915 0.678485 -1.573787
v -0.557769 0.677159 -1.564888
v -0.251700 0.270076 -2.532591
v -0.470647 0.510210 -2.014718
v -0.365644 0.486123 -1.999316
v -0.608847 0.678486 -1.574779
v -0.766991 0.816485 -1.225946
v -0.598168 0.786914 -1.574779
v -0.753260 0.955899 -1.225946
v -0.865689 1.049650 -0.927819
v -0.712575 1.090020 -1.225946
v -0.881631 0.887792 -0.927820
v -0.956533 0.993653 -0.476819
v -0.879639 0.887792 -0.927059
v -0.821034 0.840590 -1.083401
v -0.892519 0.862927 -1.053519
v -0.891871 0.843167 -1.047214
v -0.879654 0.867634 -0.927032
v -0.954527 0.974388 -0.476407
v -0.956537 0.974389 -0.476819
v -1.026833 1.043653 0.120364
v -0.939059 0.796933 -0.476819
v -1.008083 0.857256 0.159054
v -0.980785 1.102650 0.683824
v -0.952551 0.678010 0.196258
v -0.926824 0.938619 0.752658
v -0.924841 0.939248 0.752034
v -0.938666 1.765633 1.522382
v -0.885152 1.668765 1.660918
v -0.877472 1.658162 1.676142
v -0.879458 1.657946 1.676993
v -0.919121 0.921461 0.759858
v -0.748615 2.285510 1.996985
v -0.999005 1.273228 0.612243
v -0.996848 1.273130 0.612011
v -0.953915 1.866338 1.377252
v -1.024662 1.043643 0.120317
v -0.996846 1.291782 0.604176
v -1.024659 1.063545 0.116153
v -1.026830 1.063563 0.116232
v -0.954510 0.993653 -0.476487
v -1.008083 1.249927 0.077550
v -0.939059 1.171069 -0.476819
v -0.887300 1.341698 -0.476819
v -0.818463 1.171927 -0.927819
v -0.776388 1.139075 -1.148287
v -0.885476 1.340943 -0.476246
v -0.878099 1.358707 -0.476319
v -0.950551 1.428367 0.040624
v -0.768514 1.158063 -1.148302
v -0.952555 1.429158 0.040348
v -0.980785 1.462435 0.532845
v -0.702856 1.108426 -1.224956
v -0.810760 1.223930 -0.927819
v -0.805042 1.172199 -1.225204
v -0.704642 1.109165 -1.225946
v -0.558487 0.910631 -1.574779
v -0.638583 1.232754 -1.225946
v -0.556666 0.909876 -1.573870
v -0.564694 0.890520 -1.573858
v -0.428880 0.919660 -1.556429
v -0.437030 0.900010 -1.556423
v -0.566511 0.891273 -1.574779
v -0.462640 0.591496 -2.014717
v -0.710790 1.089281 -1.224956
v -0.805287 1.159862 -1.241856
v -0.734071 1.367404 -0.927819
v -0.879938 1.359470 -0.476819
v -0.942780 1.446729 0.036781
v -0.455189 0.652567 -1.801648
v -0.470664 0.488917 -2.014718
v -0.207355 0.153031 -3.111958
v -0.157764 0.233860 -2.631221
v 0.133744 0.175874 -2.631221
v 0.127993 0.111868 -3.108686
v 0.157762 0.233860 -2.631221
v 0.157762 0.233860 -2.631221
v 0.133744 0.175874 -2.631221
v 0.031380 0.107478 -2.631221
v 0.239392 0.218937 -2.691568
v 0.126490 0.108222 -3.108686
v 0.230338 0.152391 -2.533653
v 0.202947 0.130950 -2.691568
v 0.126217 0.108334 -3.113579
v 0.228765 0.153039 -2.532303
v 0.236890 0.172626 -2.532252
v 0.429212 0.310490 -2.013538
v 0.430898 0.309794 -2.014717
v 0.437214 0.329820 -2.013508
v 0.438882 0.329131 -2.014717
v 0.564756 0.445293 -1.573711
v 0.566504 0.444571 -1.574779
v 0.436072 0.291315 -2.244644
v 0.439431 0.270944 -2.243282
v 0.556852 0.426172 -1.573716
v 0.618495 0.486193 -1.385788
v 0.558602 0.425448 -1.574779
v 0.626334 0.505163 -1.385798
v 0.814261 0.550790 -0.927206
v 0.712567 0.522088 -1.225946
v 0.806632 0.532322 -0.927173
v 0.880886 0.609386 -0.476584
v 0.808509 0.531547 -0.927819
v 0.704724 0.503120 -1.225946
v 0.882766 0.608608 -0.476819
v 0.944819 0.659719 0.200055
v 0.798670 0.451277 -0.476819
v 0.854612 0.494475 0.234353
v 0.831470 0.770251 0.823312
v 0.733191 0.349612 0.264421
v 0.713494 0.637695 0.878937
v 0.683114 1.490005 1.918117
v 0.711983 0.638935 0.877989
v 0.795763 1.568454 1.805482
v 0.681594 1.490619 1.916692
v 0.667484 1.482551 1.928276
v 0.697851 0.625893 0.883455
v 0.669004 1.481937 1.929700
v 0.699361 0.624657 0.884408
v 0.719030 0.335738 0.267301
v 0.555570 0.515843 0.930071
v 0.531712 1.417540 2.022157
v 0.391497 0.434977 0.964005
v 0.402156 0.128432 0.310330
v 0.390683 0.436620 0.962843
v 0.571033 0.216815 0.291985
v 0.374234 1.370565 2.089060
v 0.355892 1.366222 2.095296
v 0.372334 0.429605 0.965780
v 0.373148 0.427966 0.966948
v 0.383797 0.120982 0.311877
v 0.195090 0.378160 0.987848
v 0.200520 0.066546 0.323175
v 0.009906 0.361342 0.994905
v 0.009907 1.325914 2.153710
v 0.009907 1.326889 2.151769
v 0.009906 0.363124 0.993665
v -0.009907 1.326889 2.151769
v -0.009906 0.363124 0.993665
v -0.009906 0.361342 0.994905
v -0.009906 0.050144 0.326099
v -0.009906 0.048164 0.326991
v -0.007939 0.026042 -0.476819
v -0.200520 0.066546 0.323175
v -0.185674 0.043548 -0.476819
v -0.173121 0.013149 -0.927819
v -0.356565 0.095387 -0.476819
v -0.329134 0.060475 -0.927819
v -0.284363 0.093615 -1.225946
v -0.328336 0.062403 -0.927399
v -0.346960 0.017263 -1.122311
v -0.223143 0.103273 -1.573625
v -0.365361 0.024897 -1.122319
v -0.241570 0.110912 -1.573620
v -0.346338 0.069869 -0.927419
v -0.373089 0.104449 -0.476886
v -0.347138 0.067938 -0.927819
v -0.355782 0.097277 -0.476858
v -0.382982 0.122818 0.311049
v -0.302766 0.101245 -1.225946
v -0.426688 0.167482 -1.225946
v -0.242273 0.109217 -1.574779
v -0.229387 0.179683 -1.651306
v -0.210924 0.172037 -1.651322
v -0.202581 0.136326 -1.723986
v -0.267042 0.015316 -1.701417
v -0.247520 0.011215 -1.701452
v -0.185324 0.126639 -1.726753
v -0.223847 0.101573 -1.574779
v -0.118983 0.069764 -1.574780
v -0.092026 0.036831 -2.014717
v -0.009915 0.028744 -2.014717
v -0.009913 0.059021 -1.574780
v -0.009915 0.030392 -2.013302
v -0.014637 0.072874 -2.139968
v 0.005195 0.072874 -2.139968
v -0.001625 0.005728 -3.079579
v -0.009915 0.015350 -2.091631
v 0.009913 0.015350 -2.091631
v 0.009913 0.030392 -2.013302
v 0.009913 0.028744 -2.014717
v -0.004700 0.003330 -1.547343
v 0.009911 0.059021 -1.574780
v 0.009909 0.039025 -1.225946
v 0.118982 0.069764 -1.574780
v 0.149832 0.052805 -1.225946
v 0.009908 0.018530 -1.402324
v -0.009910 0.018530 -1.402324
v 0.008547 -0.000738 -0.927441
v -0.024523 0.003330 -1.547343
v 0.008547 -0.002832 -0.927819
v -0.010856 -0.000738 -0.927441
v 0.010725 0.028087 -0.476908
v 0.010725 0.026042 -0.476819
v 0.009906 0.048164 0.326991
v 0.188461 0.043548 -0.476819
v 0.170812 0.013149 -0.927819
v 0.009906 0.050144 0.326099
v -0.007939 0.028087 -0.476908
v 0.326825 0.060475 -0.927819
v 0.284362 0.093615 -1.225946
v 0.223846 0.101573 -1.574779
v 0.301542 0.014227 -1.170453
v 0.315215 0.024992 -1.089856
v 0.223142 0.109903 -1.573625
v 0.241569 0.110912 -1.573620
v 0.197686 0.156469 -1.605622
v 0.227299 0.094378 -1.612364
v 0.246867 0.098057 -1.613581
v 0.216148 0.164115 -1.605605
v 0.189420 0.068435 -2.014717
v 0.105862 0.029886 -2.531988
v 0.242272 0.109217 -1.574779
v 0.087357 0.022239 -2.532014
v 0.087903 0.020923 -2.533653
v 0.060119 0.036210 -3.100742
v 0.170962 0.060777 -2.014717
v 0.060229 0.035946 -3.097838
v 0.064460 0.037703 -3.097838
v 0.031380 0.107478 -2.631221
v 0.047617 0.027163 -2.691568
v 0.089365 0.131495 -2.631221
v 0.089365 0.131495 -2.631221
v 0.089365 0.131495 -2.631221
v 0.135604 0.063608 -2.691568
v 0.141489 0.047356 -2.533653
v 0.093965 0.079870 -3.112942
v 0.172206 0.072565 -2.533653
v 0.106396 0.028599 -2.533653
v 0.262064 0.107264 -2.014717
v 0.338834 0.160830 -1.574779
v 0.325703 0.159492 -2.014717
v 0.423440 0.230263 -1.574779
v 0.535273 0.256597 -1.225946
v 0.422122 0.231579 -1.573661
v 0.416847 0.252790 -1.619355
v 0.431272 0.267214 -1.619327
v 0.292178 0.236353 -2.066754
v 0.317332 0.194807 -2.069127
v 0.484317 0.058650 -1.744904
v 0.499647 0.071842 -1.746402
v 0.436455 0.245927 -1.573654
v 0.548132 0.272294 -1.225087
v 0.437769 0.244615 -1.574779
v 0.549543 0.270885 -1.225946
v 0.628451 0.262079 -0.927819
v 0.638582 0.379377 -1.225946
v 0.611100 0.217166 -1.125753
v 0.596876 0.202919 -1.125721
v 0.684025 0.314790 -0.476797
v 0.670655 0.301410 -0.476744
v 0.716144 0.149726 -1.246008
v 0.708078 0.132998 -1.238079
v 0.533865 0.258003 -1.225077
v 0.717513 0.337152 0.266656
v 0.672101 0.299964 -0.476819
v 0.614518 0.248134 -0.927819
v 0.488565 0.144767 -0.927819
v 0.534118 0.186723 -0.476819
v 0.376659 0.102560 -0.476819
v 0.344829 0.067938 -0.927819
v 0.375876 0.104449 -0.476886
v 0.401343 0.130263 0.309493
v 0.382982 0.122818 0.311049
v 0.358569 0.097277 -0.476858
v 0.359352 0.095387 -0.476819
v 0.333600 0.032618 -1.089877
v 0.319943 0.015229 -1.170460
v 0.302764 0.101245 -1.225946
v 0.426686 0.167482 -1.225946
v 0.731677 0.351019 0.263754
v 0.685472 0.313344 -0.476819
v 0.731762 0.387964 -0.927819
v 0.507101 0.329096 -1.574779
v 0.392206 0.237407 -2.014717
v 0.340113 0.173931 -2.014717
v 0.186712 0.087109 -2.533653
v 0.306720 0.250861 -2.066705
v 0.095330 0.081436 -3.114652
v 0.320294 0.214765 -2.072133
v 0.093866 0.079968 -3.114652
v 0.095428 0.081338 -3.112942
v 0.211753 0.117621 -2.533653
v 0.049683 0.009330 -2.533653
v 0.031380 0.107478 -2.631221
v 0.001623 0.007953 -3.095019
v 0.009915 0.005413 -2.533653
v 0.092024 0.036831 -2.014717
v 0.001623 0.005728 -3.079579
v 0.064350 0.037967 -3.100742
v -0.010856 -0.002832 -0.927819
v -0.009909 0.039025 -1.225946
v -0.149833 0.052805 -1.225946
v 0.748615 2.285510 1.996985
v 0.879458 1.657946 1.676993
v 0.919121 0.921461 0.759858
v 0.917138 0.922089 0.759233
v 0.877472 1.658162 1.676142
v 0.885152 1.668765 1.660918
v 0.924840 0.939248 0.752034
v 0.950556 0.678771 0.195857
v 0.926824 0.938619 0.752658
v 0.952550 0.678010 0.196258
v 0.890080 0.626284 -0.476819
v 1.008083 0.857256 0.159054
v 0.941846 0.796933 -0.476819
v 0.863380 0.705718 -0.927819
v 0.959324 0.974388 -0.476819
v 0.879328 0.867634 -0.927819
v 0.766999 0.795734 -1.225946
v 0.897153 0.844604 -1.006547
v 0.854776 0.795733 -1.098402
v 0.957314 0.974388 -0.476408
v 1.024662 1.043643 0.120317
v 0.957298 0.993652 -0.476487
v 1.026833 1.043653 0.120364
v 0.897138 0.865191 -1.006573
v 0.879322 0.887792 -0.927819
v 0.854764 0.816484 -1.123328
v 0.766990 0.816485 -1.225946
v 0.606914 0.678485 -1.598707
v 0.606929 0.657507 -1.573783
v 0.608859 0.657508 -1.574779
v 0.456015 0.774676 -1.484485
v 0.711324 0.621362 -1.725757
v 0.725472 0.635756 -1.720037
v 0.456006 0.795970 -1.484466
v 0.470645 0.510210 -2.014718
v 0.311049 0.566583 -2.283822
v 0.416298 0.516994 -2.171695
v 0.608846 0.678486 -1.574779
v 0.416316 0.495777 -2.169896
v 0.257682 0.049704 -2.999301
v 0.311075 0.544890 -2.283819
v 0.304091 0.180712 -2.556082
v 0.193190 0.191885 -3.095409
v 0.470663 0.468933 -2.037146
v 0.462639 0.407446 -2.014717
v 0.249780 0.209426 -2.533653
v 0.238425 0.171993 -2.533653
v 0.598167 0.548948 -1.574779
v 0.753259 0.656232 -1.225946
v 0.816146 0.550011 -0.927819
v 0.193393 0.191885 -3.096468
v 0.193187 0.194256 -3.095409
v 0.193390 0.194257 -3.096468
v 0.253593 0.270078 -2.533653
v 0.239392 0.314173 -2.691568
v 0.157762 0.296621 -2.631221
v 0.249780 0.308795 -2.533653
v 0.158590 0.254848 -3.106574
v 0.238434 0.346196 -2.533653
v 0.157762 0.296621 -2.631221
v 0.133744 0.354606 -2.631221
v 0.157394 0.257731 -3.106574
v 0.133744 0.354606 -2.631221
v 0.202947 0.402161 -2.691568
v 0.031380 0.423006 -2.631221
v 0.031380 0.423006 -2.631221
v -0.031382 0.423006 -2.631221
v -0.089367 0.398985 -2.631221
v -0.055872 0.405792 -3.080418
v -0.031382 0.423006 -2.631221
v -0.031382 0.423006 -2.631221
v -0.047619 0.505949 -2.691568
v -0.056926 0.405354 -3.080418
v -0.056949 0.405352 -3.079784
v -0.106446 0.489596 -2.533653
v -0.135606 0.469504 -2.691568
v -0.055894 0.405790 -3.079784
v -0.086950 0.495341 -2.533875
v -0.087778 0.497336 -2.533653
v -0.170863 0.938196 -2.014717
v -0.049686 0.508891 -2.533653
v -0.092026 0.962111 -2.014717
v -0.118983 1.266099 -1.574781
v -0.009905 0.970199 -2.014717
v -0.009905 1.276842 -1.574781
v -0.009905 1.573107 -1.225946
v -0.009905 1.274814 -1.574001
v -0.009905 0.968068 -2.014300
v 0.009903 0.968068 -2.014300
v -0.009905 0.921924 -2.051005
v 0.009903 0.921924 -2.051005
v 0.009903 0.512809 -2.533653
v 0.001205 0.400581 -3.090517
v 0.009903 0.970199 -2.014717
v -0.000736 0.400581 -3.090517
v -0.000718 0.400556 -3.092737
v -0.009905 0.512809 -2.533653
v 0.001223 0.400556 -3.092737
v 0.047617 0.505949 -2.691568
v 0.049684 0.508891 -2.533653
v 0.088982 0.382710 -3.085655
v 0.087776 0.497336 -2.533653
v 0.031380 0.423006 -2.631221
v 0.089365 0.398985 -2.631221
v 0.091568 0.381638 -3.085655
v 0.106444 0.489596 -2.533653
v 0.135604 0.469504 -2.691568
v 0.091581 0.381692 -3.085840
v 0.088996 0.382764 -3.085840
v 0.150443 0.902797 -2.087940
v 0.131779 0.910547 -2.088094
v 0.170048 0.936235 -2.014258
v 0.170861 0.938196 -2.014717
v 0.188642 0.928533 -2.014236
v 0.241525 1.371248 -1.256368
v 0.200461 0.944853 -2.026678
v 0.222996 1.378923 -1.256379
v 0.253307 1.240995 -1.586740
v 0.302788 1.510873 -1.225946
v 0.338834 1.175033 -1.574781
v 0.262064 0.891678 -2.014717
v 0.141489 0.470864 -2.533653
v 0.325479 0.839635 -2.014717
v 0.171916 0.445894 -2.533653
v 0.289585 0.682225 -2.116344
v 0.114598 0.295478 -3.054067
v 0.114623 0.295478 -3.054277
v 0.116119 0.293981 -3.054277
v 0.116095 0.293981 -3.054067
v 0.133744 0.354606 -2.631221
v 0.186805 0.430999 -2.533653
v 0.089365 0.398985 -2.631221
v 0.089365 0.398985 -2.631221
v 0.304486 0.667342 -2.116134
v 0.340180 0.824930 -2.014717
v 0.211753 0.400600 -2.533653
v 0.392206 0.761536 -2.014717
v 0.230130 0.366220 -2.533653
v 0.430740 0.689444 -2.014717
v 0.228192 0.365415 -2.533092
v 0.236531 0.345407 -2.532966
v 0.428879 0.688672 -2.013906
v 0.157738 0.257616 -3.109039
v 0.158934 0.254733 -3.109039
v 0.437029 0.669022 -2.013900
v 0.556665 0.909876 -1.573870
v 0.558486 0.910631 -1.574779
v 0.704641 1.109165 -1.225946
v 0.507101 1.006766 -1.574779
v 0.638582 1.232754 -1.225946
v 0.731762 1.367404 -0.927819
v 0.549587 1.341193 -1.225946
v 0.808451 1.223930 -0.927819
v 0.882725 1.359470 -0.476819
v 0.749285 1.132788 -1.065171
v 0.880886 1.358707 -0.476319
v 0.888263 1.340942 -0.476246
v 0.942780 1.446728 0.036782
v 0.944785 1.447526 0.036536
v 0.950550 1.428367 0.040624
v 0.924827 1.625626 0.464180
v 0.952554 1.429158 0.040348
v 0.890087 1.341698 -0.476819
v 0.926827 1.626456 0.464015
v 1.008083 1.249927 0.077550
v 0.980785 1.462435 0.532845
v 0.938666 1.979056 1.215958
v 0.999002 1.291883 0.604415
v 0.956062 1.878109 1.360893
v 1.026829 1.063563 0.116232
v 0.996846 1.291782 0.604176
v 0.953912 1.877855 1.360716
v 0.953915 1.866338 1.377252
v 0.996848 1.273130 0.612011
v 0.956064 1.866592 1.377429
v 0.899362 2.385972 1.517224
v 0.999005 1.273228 0.612243
v 0.938666 1.765633 1.522382
v 0.883051 2.352031 1.679317
v 0.853183 2.715184 1.689469
v 0.834743 2.319392 1.835185
v 0.887138 1.668549 1.661771
v 0.827077 2.315596 1.853308
v 0.723294 2.703532 2.002833
v 0.643010 2.259137 2.122933
v 0.980785 1.102650 0.683824
v 1.024659 1.063545 0.116153
v 0.959320 0.993653 -0.476819
v 0.941846 1.171069 -0.476819
v 0.863380 1.049650 -0.927819
v 0.816154 1.205334 -0.927819
v 0.712574 1.090020 -1.225946
v 0.757158 1.113801 -1.065155
v 0.710789 1.089279 -1.224956
v 0.873366 1.136192 -1.215651
v 0.862515 1.140373 -1.232808
v 0.702855 1.108426 -1.224956
v 0.564693 0.890520 -1.573858
v 0.566510 0.891273 -1.574779
v 0.438888 0.669793 -2.014717
v 0.598167 0.786914 -1.574779
v 0.462639 0.591496 -2.014717
v 0.753259 0.955899 -1.225946
v 0.883051 2.424032 1.335474
v 0.834746 2.456669 1.179614
v 0.887141 2.076135 1.076577
v 0.879436 2.086766 1.061314
v 0.885155 2.075410 1.077075
v 0.877450 2.086042 1.061811
v 0.917094 1.642837 0.456942
v 0.919094 1.643672 0.456791
v 0.831470 1.794835 0.393357
v 0.795763 2.176235 0.932858
v 0.854612 1.612707 0.002250
v 0.798670 1.516724 -0.476819
v 0.733213 1.757544 -0.027813
v 0.685500 1.654623 -0.476819
v 0.628488 1.473981 -0.927819
v 0.684130 1.653254 -0.476122
v 0.670659 1.666704 -0.476177
v 0.610122 1.420432 -1.175899
v 0.731687 1.756099 -0.027267
v 0.595767 1.434787 -1.175908
v 0.533798 1.354278 -1.224923
v 0.614434 1.507303 -0.927819
v 0.535152 1.355633 -1.225946
v 0.548232 1.339839 -1.224925
v 0.436409 1.089772 -1.573926
v 0.421856 1.104319 -1.573941
v 0.338709 0.823460 -2.014090
v 0.437821 1.091184 -1.574779
v 0.324003 0.838160 -2.014115
v 0.335002 0.831415 -2.037442
v 0.323236 0.848506 -2.036089
v 0.423273 1.105736 -1.574779
v 0.426687 1.444649 -1.225946
v 0.488565 1.610601 -0.927819
v 0.534118 1.781278 -0.476819
v 0.344849 1.687419 -0.927819
v 0.672041 1.668086 -0.476819
v 0.718980 1.771485 -0.030706
v 0.699320 1.940458 0.332248
v 0.571033 1.890367 -0.055382
v 0.717452 1.770033 -0.030183
v 0.697788 1.938999 0.332732
v 0.711976 1.925918 0.338240
v 0.681608 2.253552 0.821307
v 0.713511 1.927372 0.337739
v 0.667452 2.261644 0.809689
v 0.668972 2.262767 0.808619
v 0.683128 2.254675 0.820238
v 0.628886 2.519820 0.878035
v 0.531712 2.327148 0.716184
v 0.500208 2.541464 0.774674
v 0.483290 2.748363 0.797082
v 0.353361 2.557552 0.697848
v 0.375065 2.375002 0.647477
v 0.356701 2.379351 0.641233
v 0.391507 2.130104 0.252666
v 0.374242 2.373613 0.648930
v 0.335003 2.559111 0.690404
v 0.355878 2.377962 0.642686
v 0.372299 2.135249 0.250431
v 0.390676 2.128232 0.253388
v 0.373130 2.137125 0.249719
v 0.383775 1.986207 -0.075274
v 0.195090 2.186926 0.228821
v 0.186712 2.408822 0.598920
v 0.200520 2.040637 -0.086572
v 0.382952 1.984326 -0.074566
v 0.358589 1.870845 -0.476080
v 0.401347 1.976867 -0.073005
v 0.375943 1.863665 -0.476050
v 0.402169 1.978744 -0.073725
v 0.376675 1.865432 -0.476819
v 0.555570 2.049242 0.286598
v 0.344142 1.685713 -0.926743
v 0.326081 1.693196 -0.926744
v 0.302059 1.509115 -1.224904
v 0.283579 1.516774 -1.224902
v 0.284308 1.518532 -1.225946
v 0.326789 1.694904 -0.927819
v 0.359326 1.872621 -0.476819
v 0.170812 1.742219 -0.927820
v 0.149832 1.559325 -1.225946
v 0.118982 1.266099 -1.574781
v 0.009905 1.573107 -1.225946
v 0.223771 1.234312 -1.574781
v 0.009903 1.276842 -1.574781
v 0.008545 1.758201 -0.927820
v 0.011603 1.706825 -0.952845
v 0.009903 1.274814 -1.574001
v -0.007794 1.706825 -0.952845
v -0.010853 1.756366 -0.926723
v -0.010853 1.758201 -0.927820
v 0.008545 1.756366 -0.926723
v 0.010724 1.940050 -0.476036
v 0.010724 1.941959 -0.476819
v -0.007937 1.940050 -0.476036
v -0.007937 1.941959 -0.476819
v -0.009904 2.056990 -0.089611
v -0.009904 2.059019 -0.090387
v -0.009905 2.203744 0.221763
v -0.200520 2.040637 -0.086572
v -0.195090 2.186926 0.228821
v -0.186712 2.408822 0.598920
v -0.373130 2.137126 0.249719
v -0.009906 2.418775 0.584630
v 0.009906 2.418775 0.584630
v -0.009907 2.572364 0.627114
v -0.009906 2.417292 0.586218
v -0.009905 2.201723 0.222559
v 0.009906 2.417292 0.586218
v 0.009905 2.201723 0.222559
v 0.009905 2.203744 0.221763
v 0.009905 2.056990 -0.089611
v 0.009905 2.059019 -0.090387
v 0.009908 2.572364 0.627114
v -0.009910 2.753773 0.651555
v -0.175650 2.569018 0.643091
v -0.169709 2.753189 0.667284
v -0.335003 2.559111 0.690404
v -0.323349 2.751457 0.713857
v -0.356701 2.379351 0.641233
v -0.375065 2.375002 0.647477
v -0.355878 2.377962 0.642686
v -0.374242 2.373613 0.648930
v -0.390676 2.128233 0.253388
v -0.391507 2.130104 0.252666
v -0.402169 1.978744 -0.073725
v -0.555570 2.049242 0.286598
v -0.531712 2.327149 0.716184
v -0.401347 1.976867 -0.073005
v -0.373155 1.863665 -0.476050
v -0.382952 1.984326 -0.074566
v -0.355802 1.870845 -0.476080
v -0.337193 1.635721 -1.139351
v -0.356539 1.872622 -0.476819
v -0.383774 1.986207 -0.075274
v -0.329097 1.694904 -0.927819
v -0.284309 1.518532 -1.225946
v -0.173121 1.742219 -0.927820
v -0.149833 1.559325 -1.225946
v -0.223772 1.234312 -1.574781
v -0.222997 1.232443 -1.573990
v -0.170049 1.167223 -1.561880
v -0.188643 1.159521 -1.561858
v -0.105614 0.487591 -2.533721
v -0.241526 1.224768 -1.573978
v -0.242299 1.226633 -1.574781
v -0.302060 1.509115 -1.224904
v -0.302789 1.510873 -1.225946
v -0.283580 1.516774 -1.224902
v -0.355638 1.615198 -1.166761
v -0.347158 1.660866 -0.927819
v -0.373888 1.865433 -0.476819
v -0.490874 1.610602 -0.927819
v -0.531331 1.781278 -0.476819
v -0.571033 1.890368 -0.055382
v -0.669254 1.668086 -0.476819
v -0.718980 1.771485 -0.030706
v -0.699321 1.940458 0.332248
v -0.717451 1.770033 -0.030182
v -0.697788 1.938999 0.332732
v -0.711976 1.925918 0.338240
v -0.681608 2.253552 0.821307
v -0.713511 1.927372 0.337739
v -0.667452 2.261644 0.809689
v -0.668972 2.262767 0.808619
v -0.683128 2.254676 0.820237
v -0.628886 2.519820 0.878034
v -0.500208 2.541464 0.774673
v -0.483290 2.748363 0.797082
v -0.353361 2.557552 0.697848
v -0.341706 2.751174 0.721457
v -0.170970 2.801758 1.135814
v -0.235420 2.800478 1.170240
v -0.291881 2.798757 1.216544
v -0.306004 2.798232 1.230659
v -0.607357 2.744580 0.898833
v -0.621483 2.744055 0.912950
v -0.643021 2.516922 0.891872
v -0.723294 2.739445 1.036921
v -0.352331 2.796135 1.287070
v -0.386739 2.793743 1.351398
v -0.798930 2.734187 1.178328
v -0.806607 2.733498 1.196850
v -0.827059 2.460472 1.161449
v -0.748615 2.490553 1.017807
v -0.394414 2.793055 1.369916
v -0.415602 2.790460 1.439716
v -0.422756 2.787761 1.512291
v -0.868909 2.721862 1.509837
v -0.422757 2.787015 1.532348
v -0.426688 1.444649 -1.225946
v -0.338835 1.175033 -1.574781
v -0.262066 0.891679 -2.014717
v -0.333205 0.839635 -2.014717
v -0.179642 0.445894 -2.533653
v -0.200245 0.962212 -1.812602
v -0.165132 0.332647 -3.092493
v -0.167292 0.330486 -3.092493
v -0.390821 0.753527 -2.151195
v -0.167239 0.330516 -3.092714
v -0.186807 0.430999 -2.533653
v -0.165080 0.332677 -3.092714
v -0.141491 0.470864 -2.533653
v -0.189455 0.930490 -2.014717
v -0.185674 1.924453 -0.476819
v -0.372299 2.135249 0.250431
v -0.082668 2.802829 1.107011
v -0.009911 2.803096 1.099850
v 0.009911 2.803096 1.099850
v 0.170970 2.801758 1.135814
v 0.152613 2.802041 1.128214
v 0.323349 2.751457 0.713857
v 0.082669 2.802829 1.107011
v 0.169709 2.753189 0.667284
v 0.341706 2.751174 0.721457
v 0.175650 2.569018 0.643091
v 0.009910 2.753773 0.651555
v 0.235420 2.800478 1.170240
v 0.607358 2.744580 0.898833
v 0.621483 2.744055 0.912950
v 0.643021 2.516922 0.891872
v 0.748615 2.490553 1.017807
v 0.723294 2.739445 1.036922
v 0.352331 2.796135 1.287070
v 0.798930 2.734187 1.178328
v 0.827059 2.460472 1.161450
v 0.386739 2.793743 1.351398
v 0.306004 2.798232 1.230659
v 0.188461 1.924453 -0.476819
v 0.092024 0.962111 -2.014717
v -0.089367 0.398985 -2.631221
v 0.257664 0.071317 -3.001163
v 0.888195 0.627064 -0.476655
v 0.942821 0.660486 0.199682
v 0.127720 0.111980 -3.113579
v 0.133744 0.175874 -2.631221
v -0.133746 0.354606 -2.631221
v -0.555570 0.515843 0.930071
v -0.719030 0.335738 0.267301
v -0.697852 0.625894 0.883454
v -0.731677 0.351019 0.263754
v -0.682685 0.313344 -0.476819
v 0.082668 2.771946 1.937643
v 0.747064 1.485330 3.500102
v 0.700076 1.696508 3.602944
v 0.792006 1.479842 3.369696
v -0.706790 1.464090 3.506762
v -0.627812 1.448794 3.514033
v -0.683727 1.699475 3.650863
v -0.691836 1.700521 3.652152
v -0.729370 1.696508 3.602944
v 0.657470 1.699475 3.650863
v 0.678998 1.464090 3.506762
v 0.665039 1.700521 3.652152
v -0.651468 1.685796 3.614905
v -0.714906 1.463595 3.495006
v -0.779708 1.485330 3.500102
v 0.605275 1.448794 3.514033
v -0.827854 1.479842 3.369696
v 0.686574 1.463595 3.495006
v 0.763879 1.682684 3.505221
v 0.627357 1.685796 3.614905
v -0.797722 1.682684 3.505221
v -0.728039 1.394215 2.488003
v -0.722036 1.401087 3.046306
v -0.836055 1.452386 2.922088
v -0.865984 1.472568 2.363785
v -0.743394 1.401521 2.476419
v -0.734728 1.405871 3.034722
v -0.544348 2.075850 2.798421
v -0.570205 1.847358 3.356724
v -0.598542 1.362905 3.138762
v -0.578632 1.335896 2.580460
v -0.957065 1.553615 2.235296
v -0.911338 1.505448 2.793599
v -0.864222 1.895384 2.969913
v -0.900061 2.149204 2.411611
v -0.814676 2.121958 2.555288
v -0.793646 1.877545 3.113590
v -0.698654 1.861908 3.239539
v -0.699752 2.098073 2.681236
v -0.685974 1.860194 3.253340
v -0.684411 2.095456 2.695038
v 0.684410 2.095456 2.695038
v 0.694783 1.860194 3.253340
v 0.800531 1.877545 3.113590
v 0.814675 2.121958 2.555287
v 0.699751 2.098073 2.681236
v 0.707237 1.861908 3.239539
v 0.957064 1.553615 2.235296
v 0.916121 1.505448 2.793599
v 0.842183 1.452386 2.922088
v 0.865984 1.472568 2.363785
v 0.578632 1.335896 2.580460
v 0.608914 1.362905 3.138762
v 0.581082 1.847358 3.356724
v 0.544348 2.075850 2.798421
v 0.869847 1.895384 2.969913
v 0.900061 2.149204 2.411611
v 0.742666 1.405871 3.034722
v 0.743394 1.401521 2.476419
v 0.730201 1.401087 3.046306
v 0.728039 1.394215 2.488003
v -0.179512 1.902944 2.290619
v -0.179164 1.930359 2.297929
v -0.183200 1.612484 2.213174
v -0.182850 1.640034 2.220520
v -0.853303 2.088842 1.773756
v -0.851113 2.116047 1.781004
v -0.870776 1.871796 1.715925
v -0.868570 1.899197 1.723226
v -0.916757 2.233014 1.455621
v -0.919765 2.205851 1.448371
v -0.935636 2.062545 1.410121
v -0.938687 2.034998 1.402768
v 0.653458 2.362252 0.835484
v 0.657762 2.334651 0.828031
v 0.640130 2.447716 0.858564
v 0.644366 2.420555 0.851229
v 0.347812 2.452987 0.661376
v 0.351124 2.425555 0.653872
v 0.340596 2.512769 0.677728
v 0.343874 2.485613 0.670300
v 0.009906 2.456337 0.595020
v 0.009907 2.483606 0.602563
v 0.009907 2.507616 0.609204
v 0.009907 2.534719 0.616701
v -0.369462 2.422134 0.660483
v -0.366200 2.449570 0.668053
v -0.362209 2.483137 0.677315
v -0.358983 2.510268 0.684801
v 0.009907 1.924804 2.313340
v 0.009907 1.897403 2.306036
v 0.009907 1.632274 2.235368
v 0.009907 1.604744 2.228030
v 0.938661 2.025994 1.420334
v 0.935665 2.053444 1.427722
v 0.919743 2.199281 1.466975
v 0.916781 2.226410 1.474277
v 0.921849 2.113606 1.252097
v 0.918405 2.141157 1.259497
v 0.903284 2.262141 1.291992
v 0.899894 2.289272 1.299279
v 0.667650 2.355876 0.847881
v 0.671867 2.328305 0.840350
v 0.654316 2.443066 0.871698
v 0.658463 2.415948 0.864290
v 0.360940 1.921815 2.237924
v 0.360236 1.949321 2.245250
v 0.368176 1.638788 2.162541
v 0.367469 1.666464 2.169913
v -0.900301 2.170148 1.630641
v -0.902878 2.142981 1.623370
v -0.918827 1.974814 1.578364
v -0.921429 1.947384 1.571023
v -0.863913 2.197526 1.090992
v -0.860042 2.225144 1.098392
v -0.846421 2.322330 1.124433
v -0.842616 2.349477 1.131708
v -0.777977 2.294808 0.964904
v -0.782117 2.267207 0.957445
v -0.762296 2.399344 0.993157
v -0.766366 2.372215 0.985825
v 0.182081 2.475883 0.617411
v 0.183968 2.448559 0.609877
v 0.178401 2.529181 0.632107
v 0.180273 2.502059 0.624628
v -0.349130 1.663004 2.176544
v -0.349833 1.635419 2.169183
v -0.341899 1.946803 2.252286
v -0.342598 1.919361 2.244962
v 0.519186 2.412355 0.739439
v 0.523234 2.384818 0.731923
v 0.508713 2.483601 0.758883
v 0.512705 2.456449 0.751472
v 0.341898 1.946803 2.252286
v 0.342598 1.919361 2.244961
v 0.349130 1.663004 2.176544
v 0.349833 1.635419 2.169182
v -0.521746 1.676012 2.091108
v -0.520676 1.703774 2.098514
v -0.511241 1.948458 2.163787
v -0.510178 1.976033 2.171143
v -0.918406 2.141157 1.259497
v -0.921849 2.113606 1.252097
v -0.899894 2.289272 1.299279
v -0.903285 2.262141 1.291992
v 0.921428 1.947384 1.571023
v 0.918826 1.974814 1.578364
v 0.902877 2.142981 1.623370
v 0.900301 2.170148 1.630641
v -0.653458 2.362252 0.835484
v -0.657762 2.334651 0.828031
v -0.640130 2.447717 0.858563
v -0.644366 2.420555 0.851228
v 0.850345 2.343375 1.148937
v 0.854077 2.316273 1.141599
v 0.867779 2.216755 1.114653
v 0.871572 2.189204 1.107193
v -0.182082 2.475883 0.617411
v -0.183968 2.448559 0.609877
v -0.178401 2.529181 0.632107
v -0.180274 2.502059 0.624628
v -0.343875 2.485613 0.670300
v -0.340597 2.512769 0.677728
v -0.351124 2.425555 0.653872
v -0.347813 2.452987 0.661376
v -0.667651 2.355877 0.847881
v -0.671867 2.328305 0.840350
v -0.654316 2.443066 0.871698
v -0.658464 2.415948 0.864290
v 0.777977 2.294808 0.964904
v 0.782117 2.267207 0.957445
v 0.762296 2.399345 0.993157
v 0.766365 2.372215 0.985825
v -0.009909 1.924804 2.313340
v -0.009909 1.897403 2.306036
v -0.009908 1.632274 2.235368
v -0.009908 1.604744 2.228030
v -0.919744 2.199281 1.466975
v -0.916782 2.226410 1.474277
v -0.938662 2.025994 1.420334
v -0.935665 2.053444 1.427722
v 0.362208 2.483137 0.677315
v 0.358982 2.510267 0.684801
v 0.369461 2.422134 0.660483
v 0.366199 2.449570 0.668053
v 0.179511 1.902944 2.290619
v 0.179163 1.930359 2.297929
v 0.183199 1.612484 2.213174
v 0.182849 1.640034 2.220520
v -0.360940 1.921815 2.237924
v -0.360237 1.949321 2.245250
v -0.368177 1.638788 2.162541
v -0.367469 1.666464 2.169913
v -0.854077 2.316273 1.141599
v -0.850345 2.343376 1.148937
v -0.871573 2.189204 1.107193
v -0.867779 2.216755 1.114653
v -0.843455 2.109974 1.798181
v -0.845620 2.082785 1.790892
v -0.860911 1.890803 1.739422
v -0.863084 1.863522 1.732108
v 0.510177 1.976033 2.171143
v 0.511241 1.948458 2.163787
v 0.520675 1.703774 2.098514
v 0.521746 1.676012 2.091108
v 0.851113 2.116046 1.781004
v 0.853303 2.088842 1.773756
v 0.868570 1.899197 1.723226
v 0.870776 1.871796 1.715925
v 0.863084 1.863522 1.732108
v 0.860911 1.890803 1.739422
v 0.845620 2.082785 1.790891
v 0.843454 2.109974 1.798181
v 0.916756 2.233014 1.455621
v 0.919764 2.205851 1.448371
v 0.935636 2.062544 1.410121
v 0.938686 2.034997 1.402768
v -0.009907 2.483606 0.602563
v -0.009907 2.456337 0.595020
v -0.009907 2.534719 0.616701
v -0.009907 2.507616 0.609204
v -0.519187 2.412355 0.739438
v -0.523235 2.384819 0.731922
v -0.508714 2.483602 0.758882
v -0.512705 2.456450 0.751472
v 0.863912 2.197526 1.090992
v 0.860041 2.225144 1.098392
v 0.846420 2.322330 1.124434
v 0.842615 2.349477 1.131708
v 0.730065 1.561727 3.537306
v 0.732737 1.549719 3.531458
v 0.714409 1.632090 3.571574
v 0.717068 1.620140 3.565753
v -0.698503 1.548670 3.558541
v -0.699701 1.536434 3.551050
v -0.690818 1.627100 3.606555
v -0.692011 1.614928 3.599103
v 0.664089 1.627100 3.606555
v 0.665202 1.614928 3.599103
v 0.671262 1.548670 3.558541
v 0.672381 1.536434 3.551050
v -0.635076 1.521576 3.545010
v -0.636318 1.534014 3.550304
v -0.642967 1.600635 3.578659
v -0.644197 1.612957 3.583903
v -0.706614 1.548752 3.551487
v -0.707818 1.536389 3.543287
v -0.698932 1.627654 3.603821
v -0.700121 1.615437 3.595718
v -0.764360 1.549719 3.531458
v -0.761498 1.561727 3.537306
v -0.747574 1.620140 3.565753
v -0.744725 1.632091 3.571574
v 0.679958 1.536389 3.543287
v 0.678834 1.548752 3.551487
v 0.672773 1.615437 3.595718
v 0.671663 1.627654 3.603821
v -0.806857 1.621190 3.464135
v -0.808675 1.608950 3.455957
v -0.816896 1.553608 3.418982
v -0.818724 1.541304 3.410761
v 0.620571 1.612957 3.583904
v 0.619422 1.600635 3.578660
v 0.613215 1.534014 3.550304
v 0.612056 1.521576 3.545010
v 0.781777 1.553608 3.418981
v 0.783484 1.541304 3.410761
v 0.772406 1.621190 3.464135
v 0.774103 1.608950 3.455957
v -0.556312 1.817634 2.722361
v -0.555241 1.840763 2.729174
v -0.567745 1.570873 2.649675
v -0.566663 1.594221 2.656552
v -0.579167 1.694151 3.287794
v -0.580135 1.677597 3.280346
v -0.588606 1.532774 3.215189
v -0.589587 1.516005 3.207644
v -0.936977 1.763499 2.297429
v -0.939150 1.740791 2.290707
v -0.917976 1.962025 2.356199
v -0.920149 1.939324 2.349479
v -0.896606 1.627372 2.848729
v -0.894659 1.643481 2.856013
v -0.880903 1.757329 2.907490
v -0.878951 1.773482 2.914794
v 0.920148 1.939324 2.349479
v 0.917976 1.962025 2.356200
v 0.939150 1.740791 2.290707
v 0.936976 1.763499 2.297429
v 0.884313 1.773482 2.914794
v 0.886230 1.757329 2.907490
v 0.899740 1.643481 2.856013
v 0.901652 1.627372 2.848729
v 0.566663 1.594221 2.656553
v 0.567745 1.570873 2.649675
v 0.555240 1.840763 2.729174
v 0.556312 1.817634 2.722361
v 0.600118 1.516005 3.207644
v 0.599155 1.532774 3.215189
v 0.590835 1.677597 3.280346
v 0.589884 1.694151 3.287794
v 0.557696 1.840836 2.729200
v 0.558768 1.817709 2.722378
v 0.592948 1.677526 3.280937
v 0.592003 1.694085 3.288363
v 0.569119 1.594294 2.656580
v 0.570201 1.570948 2.649694
v 0.602226 1.515933 3.208258
v 0.601248 1.532689 3.215859
v 0.512625 1.976172 2.170969
v 0.513688 1.948597 2.163613
v 0.523123 1.703913 2.098342
v 0.524193 1.676150 2.090936
v 0.936699 1.740636 2.290671
v 0.934526 1.763347 2.297377
v 0.897668 1.643515 2.855250
v 0.899570 1.627396 2.848003
v 0.917698 1.939168 2.349446
v 0.915525 1.961874 2.356150
v 0.882230 1.773507 2.914069
v 0.884147 1.757354 2.906767
v 0.860657 1.863256 1.732389
v 0.858484 1.890538 1.739703
v 0.843193 2.082518 1.791175
v 0.841027 2.109708 1.798464
v -0.915525 1.961874 2.356150
v -0.917698 1.939168 2.349445
v -0.878782 1.757354 2.906766
v -0.876831 1.773507 2.914069
v -0.934526 1.763348 2.297377
v -0.936700 1.740636 2.290671
v -0.894486 1.627396 2.848002
v -0.892550 1.643515 2.855250
v -0.841028 2.109708 1.798465
v -0.843193 2.082518 1.791175
v -0.858484 1.890538 1.739703
v -0.860657 1.863256 1.732389
v -0.570201 1.570948 2.649693
v -0.569120 1.594294 2.656580
v -0.590738 1.532689 3.215859
v -0.591734 1.515933 3.208258
v -0.558768 1.817709 2.722378
v -0.557697 1.840836 2.729200
v -0.581324 1.694085 3.288362
v -0.582287 1.677526 3.280937
v -0.524194 1.676150 2.090936
v -0.523123 1.703913 2.098342
v -0.513689 1.948597 2.163613
v -0.512626 1.976172 2.170969
v 0.779994 1.553439 3.417893
v 0.781700 1.541136 3.409672
v 0.770661 1.621016 3.462962
v 0.772351 1.608778 3.454800
v -0.637167 1.521546 3.544501
v -0.637765 1.533866 3.548581
v -0.697613 1.548478 3.556411
v -0.699036 1.536231 3.548823
v -0.645029 1.600586 3.578020
v -0.646022 1.612851 3.582676
v -0.690553 1.626906 3.604240
v -0.692021 1.614724 3.596766
v 0.678897 1.536210 3.541301
v 0.677878 1.548564 3.549429
v 0.670431 1.548478 3.556411
v 0.671760 1.536231 3.548823
v 0.671851 1.615252 3.593641
v 0.670702 1.627465 3.601765
v 0.663842 1.626906 3.604240
v 0.665212 1.614724 3.596766
v -0.763025 1.549511 3.529605
v -0.760000 1.561524 3.535607
v -0.814985 1.553439 3.417893
v -0.816813 1.541136 3.409672
v -0.746041 1.619940 3.564093
v -0.743168 1.631892 3.569941
v -0.804987 1.621016 3.462962
v -0.806798 1.608778 3.454800
v -0.697902 1.627465 3.601765
v -0.699134 1.615252 3.593641
v -0.705590 1.548564 3.549429
v -0.706682 1.536210 3.541301
v 0.728667 1.561524 3.535607
v 0.731491 1.549511 3.529605
v 0.712955 1.631892 3.569941
v 0.715637 1.619940 3.564093
v 0.614566 1.533866 3.548581
v 0.614008 1.521546 3.544501
v 0.622273 1.612851 3.582677
v 0.621346 1.600586 3.578021
v -0.883298 2.075241 1.077915
v -0.875593 2.085872 1.062652
v 0.666054 2.261576 0.811345
v 0.680210 2.253484 0.822964
v -0.618545 2.743506 0.915853
v -0.640086 2.516028 0.894691
v -0.895213 2.389693 1.497469
v -0.864760 2.721485 1.509791
v 0.009908 2.204241 2.383547
v 0.009911 2.689210 2.384032
v -0.009909 2.204241 2.383547
v -0.333425 2.217422 2.320561
v -0.321781 2.691495 2.322038
v -0.009907 2.571529 0.631196
v 0.009908 2.571529 0.631196
v -0.009910 2.753217 0.655684
v -0.351772 2.556654 0.701594
v -0.340117 2.750614 0.725268
v 0.009910 2.753217 0.655684
v 0.351763 2.218976 2.313125
v 0.333424 2.217422 2.320561
v -0.340121 2.691777 2.314445
v 0.625949 2.518968 0.880865
v 0.604420 2.744030 0.901736
v 0.640085 2.516028 0.894691
v 0.795092 2.733699 1.179876
v 0.823226 2.459784 1.162933
v -0.009911 2.689210 2.384032
v -0.355194 1.366303 2.093345
v -0.373536 1.370647 2.087109
v 0.373535 1.370647 2.087109
v 0.355193 1.366303 2.093345
v 0.951920 1.877718 1.360655
v 0.951922 1.866201 1.377191
v 0.333413 2.558247 0.694157
v 0.321759 2.750896 0.717668
v 0.340121 2.691777 2.314445
v 0.321781 2.691495 2.322038
v -0.666055 2.261576 0.811346
v -0.680211 2.253484 0.822963
v 0.618545 2.743506 0.915853
v 0.802769 2.733010 1.198399
v 0.830914 2.455957 1.181089
v 0.864759 2.721485 1.509791
v 0.864760 2.720739 1.529854
v 0.895213 2.389693 1.497468
v -0.864761 2.720739 1.529854
v -0.895216 2.385571 1.517142
v -0.333413 2.558247 0.694157
v -0.321760 2.750896 0.717668
v -0.795092 2.733699 1.179876
v -0.802769 2.733010 1.198398
v -0.823227 2.459784 1.162932
v 0.340116 2.750614 0.725268
v 0.895215 2.385571 1.517142
v 0.883297 2.075241 1.077915
v 0.875592 2.085872 1.062652
v 0.351771 2.556654 0.701594
v -0.625949 2.518969 0.880865
v -0.604419 2.744030 0.901736
v -0.351764 2.218976 2.313125
v -0.951923 1.866201 1.377191
v -0.951921 1.877718 1.360654
v -0.009907 1.326987 2.149684
v 0.009907 1.326987 2.149684
v 0.373522 2.373806 0.651158
v 0.355158 2.378155 0.644914
v -0.009906 2.417664 0.588646
v 0.009906 2.417664 0.588646
v -0.355159 2.378155 0.644915
v -0.373523 2.373806 0.651158
v -0.830915 2.455957 1.181089
v -0.842595 2.321426 1.125816
v -0.838797 2.348570 1.133107
v -0.860074 2.196629 1.092341
v -0.856210 2.224243 1.099759
v -0.651401 2.441875 0.874425
v -0.655547 2.414757 0.867018
v -0.664734 2.354686 0.850608
v -0.668950 2.327114 0.843076
v -0.349576 2.424358 0.657551
v -0.346255 2.451791 0.665051
v -0.342309 2.484417 0.673971
v -0.339021 2.511573 0.681395
v -0.850251 2.315369 1.142980
v -0.846526 2.342469 1.150335
v -0.867733 2.188308 1.108538
v -0.863946 2.215855 1.116017
v 0.367914 2.420938 0.664162
v 0.364642 2.448374 0.671728
v 0.360643 2.481940 0.680986
v 0.357408 2.509071 0.688469
v 0.650541 2.361060 0.838212
v 0.654845 2.333460 0.830757
v 0.637214 2.446526 0.861292
v 0.641449 2.419363 0.853956
v 0.651400 2.441875 0.874425
v 0.655547 2.414756 0.867018
v 0.664734 2.354685 0.850608
v 0.668950 2.327114 0.843077
v -0.009907 2.482495 0.606579
v -0.009907 2.455226 0.599036
v -0.009907 2.533609 0.620717
v -0.009907 2.506505 0.613220
v 0.009907 1.925877 2.309314
v 0.009907 1.898476 2.302011
v 0.009907 1.633347 2.231342
v 0.009907 1.605817 2.224004
v -0.009908 1.633347 2.231342
v -0.009908 1.605817 2.224004
v -0.009909 1.925877 2.309314
v -0.009909 1.898476 2.302011
v 0.009906 2.455226 0.599036
v 0.009907 2.482495 0.606579
v 0.009907 2.506505 0.613220
v 0.009907 2.533609 0.620717
v -0.367914 2.420938 0.664162
v -0.364643 2.448374 0.671728
v -0.360643 2.481941 0.680986
v -0.357408 2.509072 0.688469
v -0.650541 2.361060 0.838211
v -0.654845 2.333460 0.830757
v -0.637214 2.446526 0.861291
v -0.641450 2.419363 0.853956
v -0.912613 2.232593 1.455491
v -0.915622 2.205438 1.448211
v -0.915601 2.198869 1.466813
v -0.912639 2.225990 1.474145
v -0.931493 2.062140 1.409932
v -0.934545 2.034601 1.402548
v -0.934520 2.025598 1.420110
v -0.931522 2.053040 1.427529
v 0.339021 2.511573 0.681395
v 0.342308 2.484417 0.673971
v 0.346254 2.451791 0.665051
v 0.349575 2.424358 0.657550
v -0.340326 1.947760 2.248547
v -0.341040 1.920319 2.241218
v -0.347587 1.663964 2.172795
v -0.348305 1.636381 2.165427
v 0.931493 2.062139 1.409932
v 0.934544 2.034601 1.402549
v 0.912613 2.232593 1.455491
v 0.915621 2.205438 1.448211
v -0.366648 1.639750 2.158787
v -0.365925 1.667425 2.166164
v -0.359382 1.922774 2.234180
v -0.358664 1.950278 2.241512
v 0.860073 2.196629 1.092341
v 0.856209 2.224243 1.099759
v 0.863946 2.215855 1.116017
v 0.867732 2.188308 1.108539
v 0.842595 2.321426 1.125816
v 0.838797 2.348570 1.133108
v 0.846526 2.342468 1.150335
v 0.850251 2.315369 1.142980
v 0.915600 2.198869 1.466813
v 0.912638 2.225990 1.474145
v 0.934519 2.025598 1.420109
v 0.931522 2.053040 1.427529
v 0.340326 1.947760 2.248547
v 0.341040 1.920319 2.241217
v 0.359382 1.922774 2.234180
v 0.358664 1.950278 2.241512
v 0.347586 1.663964 2.172795
v 0.348304 1.636381 2.165427
v 0.366647 1.639750 2.158787
v 0.365925 1.667425 2.166164
v 0.000000 2.615743 0.533091
v -0.376087 2.615743 0.607900
v 0.376087 2.615743 0.607900
v 0.000000 2.704171 0.533091
v -0.376087 2.704171 0.607900
v -0.694918 2.704171 0.820935
v 0.000000 2.704171 0.553828
v -0.368152 2.704171 0.627058
v -0.368152 2.742028 0.627058
v -0.680255 2.742028 0.835598
v -0.680255 2.704171 0.835598
v -0.888796 2.742028 1.147702
v -0.888796 2.704171 1.147702
v -0.907954 2.704171 1.139767
v -0.982763 2.704171 1.515853
v -0.962026 2.704171 1.515853
v -0.694918 2.615743 0.820935
v -0.907954 2.615743 1.139767
v -0.907954 2.615743 1.891940
v -0.982763 2.615743 1.515854
v 0.907954 2.615743 1.139767
v -0.376087 2.615743 2.423807
v -0.694918 2.615743 2.210772
v -0.907954 2.704171 1.891940
v 0.376087 2.615743 2.423807
v 0.000000 2.704171 2.498616
v 0.000000 2.615743 2.498616
v 0.907954 2.615743 1.891940
v 0.694918 2.615743 2.210772
v 0.376087 2.704171 2.423807
v 0.982763 2.615743 1.515854
v 0.982763 2.704171 1.515853
v 0.907954 2.704171 1.139767
v 0.888796 2.704171 1.147702
v 0.694918 2.704171 0.820935
v 0.680255 2.704171 0.835598
v 0.376087 2.704171 0.607900
v 0.694918 2.615743 0.820935
v 0.368152 2.704171 0.627058
v 0.000000 2.742028 0.553828
v 0.368152 2.742028 0.627058
v 0.694918 2.742028 0.820935
v 0.376087 2.742028 0.607900
v 0.680255 2.742028 0.835598
v 0.888796 2.742028 1.147702
v 0.907954 2.742028 1.139767
v 0.694918 2.808457 0.820935
v 0.907954 2.808457 1.139767
v 0.982763 2.808457 1.515853
v 0.982763 2.742028 1.515853
v 0.888796 2.742028 1.884005
v 0.907954 2.742028 1.891940
v 0.962026 2.742028 1.515853
v 0.962026 2.704171 1.515853
v 0.888796 2.704171 1.884005
v 0.680255 2.704171 2.196108
v 0.680255 2.742028 2.196108
v 0.907954 2.704171 1.891940
v 0.694918 2.704171 2.210772
v 0.368152 2.704171 2.404649
v 0.000000 2.742028 2.477880
v 0.368152 2.742028 2.404649
v 0.000000 2.704171 2.477880
v -0.368152 2.742028 2.404649
v -0.368152 2.704171 2.404649
v -0.376087 2.704171 2.423807
v -0.694918 2.704171 2.210772
v -0.680255 2.704171 2.196108
v -0.888796 2.742028 1.884005
v -0.680255 2.742028 2.196108
v -0.888796 2.704171 1.884005
v -0.694918 2.742028 2.210772
v -0.907954 2.742028 1.891940
v -0.982763 2.742028 1.515853
v -0.982763 2.808457 1.515853
v -0.907954 2.808457 1.891940
v -0.694918 2.808457 2.210772
v -0.962026 2.742028 1.515853
v -0.907954 2.742028 1.139767
v -0.907954 2.808457 1.139767
v -0.694918 2.808457 0.820935
v -0.694918 2.742028 0.820935
v -0.376087 2.742028 0.607900
v -0.376087 2.808457 0.607900
v 0.000000 2.742028 0.533091
v 0.000000 2.808457 0.533091
v 0.376087 2.808457 0.607900
v 0.000000 2.808457 0.553828
v -0.368152 2.846313 0.627058
v 0.000000 2.846313 0.553828
v 0.368152 2.808457 0.627058
v -0.368152 2.808457 0.627058
v -0.680255 2.808457 0.835598
v -0.680255 2.846313 0.835598
v -0.376087 2.846313 0.607900
v -0.888796 2.846313 1.147702
v -0.694918 2.846313 0.820935
v -0.694918 2.914940 0.820935
v -0.907954 2.914940 1.139767
v -0.907954 2.846313 1.139767
v -0.962026 2.846313 1.515853
v -0.982763 2.914940 1.515853
v -0.982763 2.846313 1.515853
v -0.907954 2.846313 1.891940
v -0.907954 2.914940 1.891940
v -0.680255 2.846313 2.196108
v -0.888796 2.846313 1.884005
v -0.694918 2.914940 2.210772
v -0.694918 2.846313 2.210772
v -0.368152 2.846313 2.404649
v -0.376087 2.846313 2.423807
v 0.000000 2.846313 2.477880
v 0.000000 2.846313 2.498616
v -0.376087 2.914941 2.423807
v -0.368152 2.914941 2.404649
v -0.680255 2.914940 2.196108
v 0.000000 2.914940 2.498616
v 0.000000 2.914940 2.477880
v 0.376087 2.914941 2.423807
v 0.368152 2.914940 2.404649
v 0.000000 2.952797 2.477880
v -0.368152 2.952797 2.404649
v -0.694918 2.952797 2.210772
v -0.376087 2.952797 2.423807
v -0.680255 2.952797 2.196108
v -0.907954 2.952797 1.891940
v -0.888796 2.952797 1.884005
v -0.962026 2.952797 1.515853
v -0.888796 2.914940 1.884005
v -0.962026 2.914941 1.515853
v -0.888796 2.914940 1.147702
v -0.680255 2.914940 0.835598
v -0.888796 2.952797 1.147702
v -0.680255 2.952797 0.835598
v -0.907954 2.952797 1.139767
v -0.694918 2.952797 0.820935
v -0.694918 3.039028 0.820935
v -0.376087 2.952797 0.607900
v -0.907954 3.039028 1.139767
v -0.982763 3.039028 1.515853
v -0.982763 2.952797 1.515853
v -0.907954 3.039028 1.891940
v -0.694918 3.039028 2.210772
v 0.694918 3.039028 2.210772
v 0.000000 3.039028 2.498616
v -0.376087 3.039028 2.423807
v 0.694918 3.039028 0.820935
v 0.982763 3.039028 1.515853
v 0.694918 2.952797 0.820935
v 0.000000 3.039028 0.533091
v 0.376087 3.039028 0.607900
v 0.907954 3.039028 1.139767
v 0.907954 2.952797 1.139767
v 0.982763 2.952797 1.515853
v 0.888796 2.952797 1.147702
v 0.907954 3.039028 1.891940
v 0.888796 2.952797 1.884005
v 0.907954 2.952797 1.891940
v 0.962026 2.952797 1.515853
v 0.962026 2.914940 1.515853
v 0.888796 2.914941 1.884005
v 0.982763 2.914940 1.515853
v 0.680255 2.952797 2.196108
v 0.680255 2.914940 2.196108
v 0.907954 2.914941 1.891940
v 0.694918 2.914940 2.210772
v 0.907954 2.846313 1.891940
v 0.694918 2.846313 2.210772
v 0.982763 2.846313 1.515853
v 0.888796 2.846313 1.884005
v 0.680255 2.846313 2.196108
v 0.888796 2.808457 1.884005
v 0.962026 2.846313 1.515853
v 0.888796 2.846313 1.147702
v 0.962026 2.808457 1.515853
v 0.888796 2.808457 1.147702
v 0.680255 2.808457 0.835598
v 0.680255 2.846313 0.835598
v 0.694918 2.846313 0.820935
v 0.368152 2.846313 0.627058
v 0.907954 2.846313 1.139767
v 0.694918 2.914940 0.820935
v 0.907954 2.914941 1.139767
v 0.888796 2.914941 1.147702
v 0.680255 2.914940 0.835598
v 0.680255 2.952797 0.835598
v 0.368152 2.952797 0.627058
v 0.376087 2.952797 0.607900
v 0.000000 2.952797 0.553828
v 0.368152 2.914940 0.627058
v 0.000000 2.914940 0.553828
v 0.376087 2.914941 0.607900
v 0.000000 2.914940 0.533091
v 0.376087 2.846313 0.607900
v 0.000000 2.846313 0.533091
v -0.376087 2.914941 0.607900
v -0.368152 2.914941 0.627058
v -0.368152 2.952797 0.627058
v 0.000000 2.952797 0.533091
v -0.376087 3.039028 0.607900
v 0.680255 2.808457 2.196108
v 0.907954 2.808457 1.891940
v 0.694918 2.808457 2.210772
v 0.694918 2.742028 2.210772
v 0.376087 2.808457 2.423807
v 0.368152 2.808457 2.404649
v 0.368152 2.846313 2.404649
v 0.000000 2.808457 2.477880
v -0.368152 2.808457 2.404649
v -0.376087 2.808457 2.423807
v 0.000000 2.808457 2.498616
v 0.000000 2.742028 2.498616
v 0.376087 2.742028 2.423807
v -0.376087 2.742028 2.423807
v -0.680255 2.808457 2.196108
v -0.888796 2.808457 1.884005
v -0.962026 2.808457 1.515853
v -0.888796 2.808457 1.147702
v 0.376087 2.846313 2.423807
v 0.368152 2.952797 2.404649
v 0.376087 2.952797 2.423807
v 0.376087 3.039028 2.423807
v 0.000000 2.952797 2.498616
v 0.694918 2.952797 2.210772
v -0.075310 2.793311 1.021182
v -0.087772 4.788373 0.943797
v 0.017374 2.793311 1.015475
v 0.020248 4.788373 0.937146
v 0.109390 2.793311 1.027961
v 0.127490 4.788373 0.951698
v 0.197202 2.793311 1.058157
v 0.229833 4.788373 0.986891
v 0.277436 2.793311 1.104905
v 0.323343 4.788373 1.041374
v 0.347008 2.793311 1.166407
v 0.404428 4.788373 1.113053
v 0.403245 2.793311 1.240301
v 0.469970 4.788373 1.199174
v 0.443985 2.793311 1.323746
v 0.517452 4.788373 1.296426
v 0.467664 2.793311 1.413535
v 0.545048 4.788373 1.401073
v 0.473370 2.793311 1.506219
v 0.551699 4.788373 1.509094
v 0.460885 2.793311 1.598235
v 0.537148 4.788373 1.616336
v 0.430688 2.793311 1.686047
v 0.501955 4.788373 1.718678
v 0.383940 2.793311 1.766281
v 0.447471 4.788373 1.812189
v 0.322438 2.793311 1.835853
v 0.375792 4.788373 1.893273
v 0.248545 2.793311 1.892090
v 0.289671 4.788373 1.958815
v 0.165100 2.793311 1.932831
v 0.192419 4.788373 2.006297
v 0.075310 2.793311 1.956509
v 0.087772 4.788373 2.033894
v -0.017374 2.793311 1.962215
v -0.020248 4.788373 2.040544
v -0.109390 2.793311 1.949730
v -0.127491 4.788373 2.025993
v -0.197202 2.793311 1.919533
v -0.229833 4.788373 1.990800
v -0.277436 2.793311 1.872786
v -0.323343 4.788373 1.936317
v -0.347008 2.793311 1.811283
v -0.404428 4.788373 1.864637
v -0.403245 2.793311 1.737390
v -0.469970 4.788373 1.778517
v -0.443985 2.793311 1.653945
v -0.517452 4.788373 1.681264
v -0.467664 2.793311 1.564156
v -0.545048 4.788373 1.576617
v -0.473370 2.793311 1.471472
v -0.551699 4.788373 1.468597
v -0.460885 2.793311 1.379456
v -0.537148 4.788373 1.361355
v -0.430688 2.793311 1.291644
v -0.501955 4.788373 1.259012
v -0.383940 2.793311 1.211410
v -0.447472 4.788373 1.165502
v -0.322438 2.793311 1.141837
v -0.375792 4.788373 1.084418
v -0.248545 2.793311 1.085600
v -0.289672 4.788373 1.018875
v -0.165100 2.793311 1.044860
v -0.192419 4.788373 0.971393
v -0.134301 2.959306 0.654857
v -0.173221 3.158718 0.413172
v -0.190764 3.374002 0.304233
v -0.196458 3.606830 0.268871
v -0.196458 3.881428 0.268871
v -0.188430 4.156026 0.318726
v -0.169890 4.377715 0.433855
v -0.133548 4.614720 0.659533
v 0.030809 4.614720 0.649415
v 0.039193 4.377715 0.420983
v 0.043470 4.156026 0.304448
v 0.045322 3.881428 0.253985
v 0.045322 3.606830 0.253985
v 0.044008 3.374002 0.289779
v 0.039961 3.158718 0.400047
v 0.030982 2.959306 0.644681
v 0.193981 4.614720 0.671555
v 0.246769 4.377715 0.449147
v 0.273699 4.156026 0.335686
v 0.285360 3.881428 0.286554
v 0.285360 3.606830 0.286554
v 0.277089 3.374002 0.321404
v 0.251607 3.158718 0.428764
v 0.195075 2.959306 0.666946
v 0.349700 4.614720 0.725102
v 0.444862 4.377715 0.517267
v 0.493410 4.156026 0.411240
v 0.514432 3.881428 0.365327
v 0.514432 3.606830 0.365327
v 0.499521 3.374002 0.397893
v 0.453584 3.158718 0.498220
v 0.351672 2.959306 0.720796
v 0.491979 4.614720 0.808001
v 0.625860 4.377715 0.622724
v 0.694159 4.156026 0.528206
v 0.723735 3.881428 0.487276
v 0.723735 3.606830 0.487276
v 0.702757 3.374002 0.516307
v 0.638130 3.158718 0.605744
v 0.494753 2.959306 0.804161
v 0.615352 4.614720 0.917063
v 0.782806 4.377715 0.761466
v 0.868233 4.156026 0.682088
v 0.905225 3.881428 0.647714
v 0.905225 3.606830 0.647714
v 0.878987 3.374002 0.672095
v 0.798153 3.158718 0.747205
v 0.618822 2.959306 0.913839
v 0.715077 4.614720 1.048099
v 0.909669 4.377715 0.928160
v 1.008940 4.156026 0.866973
v 1.051928 3.881428 0.840477
v 1.051928 3.606830 0.840477
v 1.021437 3.374002 0.859271
v 0.927503 3.158718 0.917168
v 0.719110 2.959306 1.045614
v 0.787323 4.614720 1.196072
v 1.001575 4.377715 1.116401
v 1.110875 4.156026 1.075757
v 1.158206 3.881428 1.058156
v 1.158206 3.606830 1.058156
v 1.124634 3.374002 1.070640
v 1.021210 3.158718 1.109099
v 0.791762 2.959306 1.194422
v 0.829312 4.614720 1.355297
v 1.054990 4.377715 1.318955
v 1.170120 4.156026 1.300415
v 1.219975 3.881428 1.292387
v 1.219975 3.606830 1.292387
v 1.184613 3.374002 1.298081
v 1.075673 3.158718 1.315624
v 0.833988 2.959306 1.354544
v 0.839431 4.614720 1.519654
v 1.067862 4.377715 1.528038
v 1.184397 4.156026 1.532315
v 1.234860 3.881428 1.534167
v 1.234860 3.606830 1.534167
v 1.199067 3.374002 1.532853
v 1.088798 3.158718 1.528806
v 0.844164 2.959306 1.519828
v 0.817291 4.614720 1.682827
v 1.039698 4.377715 1.735614
v 1.153159 4.156026 1.762544
v 1.202291 3.881428 1.774205
v 1.202291 3.606830 1.774205
v 1.167441 3.374002 1.765934
v 1.060081 3.158718 1.740452
v 0.821899 2.959306 1.683921
v 0.763743 4.614720 1.838545
v 0.971578 4.377715 1.933708
v 1.077605 4.156026 1.982255
v 1.123518 3.881428 2.003278
v 1.123518 3.606830 2.003278
v 1.090952 3.374002 1.988366
v 0.990626 3.158718 1.942429
v 0.768049 2.959306 1.840517
v 0.680845 4.614720 1.980824
v 0.866121 4.377715 2.114705
v 0.960640 4.156026 2.183005
v 1.001570 3.881428 2.212581
v 1.001570 3.606830 2.212581
v 0.972538 3.374002 2.191602
v 0.883101 3.158718 2.126975
v 0.684684 2.959306 1.983599
v 0.571782 4.614720 2.104198
v 0.727379 4.377715 2.271652
v 0.806758 4.156026 2.357078
v 0.841131 3.881428 2.394071
v 0.841131 3.606830 2.394071
v 0.816750 3.374002 2.367832
v 0.741640 3.158718 2.286998
v 0.575006 2.959306 2.107667
v 0.440746 4.614720 2.203923
v 0.560685 4.377715 2.398515
v 0.621872 4.156026 2.497786
v 0.648368 3.881428 2.540774
v 0.648368 3.606830 2.540774
v 0.629574 3.374002 2.510283
v 0.571677 3.158718 2.416349
v 0.443232 2.959306 2.207955
v 0.292773 4.614720 2.276168
v 0.372444 4.377715 2.490420
v 0.413088 4.156026 2.599720
v 0.430689 3.881428 2.647052
v 0.430689 3.606830 2.647052
v 0.418205 3.374002 2.613480
v 0.379746 3.158718 2.510056
v 0.294424 2.959306 2.280608
v 0.133548 4.614720 2.318157
v 0.169890 4.377715 2.543835
v 0.188430 4.156026 2.658965
v 0.196458 3.881428 2.708820
v 0.333721 3.498722 2.686716
v 0.328027 3.452831 2.651354
v 0.173221 3.158718 2.564518
v 0.134301 2.959306 2.322834
v -0.030809 4.614720 2.328276
v -0.039193 4.377715 2.556708
v -0.043470 4.156026 2.673242
v -0.045322 3.881428 2.723706
v -0.045322 3.606830 2.723706
v -0.044008 3.374002 2.687912
v -0.039961 3.158718 2.577643
v -0.030982 2.959306 2.333010
v -0.193982 4.614720 2.306136
v -0.246769 4.377715 2.528543
v -0.273699 4.156026 2.642004
v -0.285360 3.881428 2.691136
v -0.344277 3.563586 2.664598
v -0.349988 3.457611 2.651438
v -0.251607 3.158718 2.548926
v -0.195075 2.959306 2.310745
v -0.349700 4.614720 2.252588
v -0.444863 4.377715 2.460423
v -0.493410 4.156026 2.566450
v -0.514432 3.881428 2.612364
v -0.514432 3.606830 2.612364
v -0.499521 3.374002 2.579798
v -0.453584 3.158718 2.479471
v -0.351672 2.959306 2.256895
v -0.491979 4.614720 2.169690
v -0.625860 4.377715 2.354966
v -0.694159 4.156026 2.449485
v -0.723735 3.881428 2.490415
v -0.723735 3.606830 2.490415
v -0.702757 3.374002 2.461383
v -0.638130 3.158718 2.371947
v -0.494753 2.959306 2.173529
v -0.615352 4.614720 2.060627
v -0.782806 4.377715 2.216225
v -0.868233 4.156026 2.295603
v -0.905225 3.881428 2.329976
v -0.905225 3.606830 2.329976
v -0.878987 3.374002 2.305595
v -0.798153 3.158718 2.230485
v -0.618822 2.959306 2.063852
v -0.715078 4.614720 1.929592
v -0.909669 4.377715 2.049531
v -1.008940 4.156026 2.110717
v -1.051928 3.881428 2.137213
v -1.051928 3.606830 2.137213
v -1.021437 3.374002 2.118420
v -0.927503 3.158718 2.060523
v -0.719110 2.959306 1.932077
v -0.787323 4.614720 1.781618
v -1.001575 4.377715 1.861289
v -1.110875 4.156026 1.901934
v -1.158206 3.881428 1.919534
v -1.158206 3.606830 1.919534
v -1.124634 3.374002 1.907050
v -1.021210 3.158718 1.868591
v -0.791763 2.959306 1.783269
v -0.829312 4.614720 1.622393
v -1.054990 4.377715 1.658735
v -1.170120 4.156026 1.677275
v -1.219975 3.881428 1.685304
v -1.219975 3.606830 1.685304
v -1.184613 3.374002 1.679609
v -1.075673 3.158718 1.662066
v -0.833988 2.959306 1.623147
v -0.839431 4.614720 1.458037
v -1.067862 4.377715 1.449653
v -1.184397 4.156026 1.445376
v -1.234860 3.881428 1.443524
v -1.234860 3.606830 1.443524
v -1.199067 3.374002 1.444837
v -1.088798 3.158718 1.448884
v -0.844164 2.959306 1.457863
v -0.817291 4.614720 1.294864
v -1.039698 4.377715 1.242076
v -1.153159 4.156026 1.215146
v -1.202291 3.881428 1.203485
v -1.202291 3.606830 1.203485
v -1.167441 3.374002 1.211756
v -1.060081 3.158718 1.237238
v -0.821899 2.959306 1.293770
v -0.763743 4.614720 1.139145
v -0.971578 4.377715 1.043983
v -1.077605 4.156026 0.995435
v -1.123518 3.881428 0.974413
v -1.123518 3.606830 0.974413
v -1.090952 3.374002 0.989324
v -0.990626 3.158718 1.035261
v -0.768049 2.959306 1.137174
v -0.680845 4.614720 0.996866
v -0.866121 4.377715 0.862985
v -0.960640 4.156026 0.794686
v -1.001570 3.881428 0.765110
v -1.001570 3.606830 0.765110
v -0.972538 3.374002 0.786088
v -0.883101 3.158718 0.850715
v -0.684684 2.959306 0.994092
v -0.571782 4.614720 0.873493
v -0.727380 4.377715 0.706039
v -0.806758 4.156026 0.620612
v -0.841131 3.881428 0.583620
v -0.841131 3.606830 0.583620
v -0.816750 3.374002 0.609859
v -0.741640 3.158718 0.690692
v -0.575006 2.959306 0.870023
v -0.440746 4.614720 0.773767
v -0.560685 4.377715 0.579176
v -0.621872 4.156026 0.479905
v -0.648368 3.881428 0.436917
v -0.648368 3.606830 0.436917
v -0.629575 3.374002 0.467408
v -0.571677 3.158718 0.561342
v -0.443232 2.959306 0.769736
v -0.292773 4.614720 0.701522
v -0.372444 4.377715 0.487271
v -0.413088 4.156026 0.377970
v -0.430689 3.881428 0.330639
v -0.430689 3.606830 0.330639
v -0.418205 3.374002 0.364211
v -0.379746 3.158718 0.467635
v -0.294424 2.959306 0.697083
v 0.269625 4.867217 1.238311
v 0.237435 5.548693 1.268222
v 0.275914 5.548693 1.318782
v 0.313321 4.867218 1.295726
v 0.193119 4.867217 1.802166
v 0.170063 5.548693 1.764759
v 0.112967 5.548693 1.792635
v 0.128282 4.867218 1.833821
v -0.344976 4.867217 1.617128
v -0.303790 5.548693 1.601812
v -0.319992 5.548693 1.540375
v -0.363374 4.867218 1.547361
v 0.013499 4.867217 1.121037
v 0.011888 5.548693 1.164949
v 0.074848 5.548693 1.173492
v 0.084996 4.867218 1.130738
v 0.358107 4.867217 1.573841
v 0.315353 5.548693 1.563693
v 0.294692 5.548693 1.623777
v 0.334644 4.867218 1.642071
v -0.153226 4.867217 1.823489
v -0.134932 5.548693 1.783537
v -0.189831 5.548693 1.751550
v -0.215567 4.867218 1.787167
v -0.298322 4.867217 1.273278
v -0.262705 5.548693 1.299014
v -0.220623 5.548693 1.251410
v -0.250534 4.867218 1.219220
v 0.303790 5.548693 1.375878
v 0.344976 4.867218 1.360563
v 0.051530 5.548693 1.808836
v 0.058516 4.867218 1.852219
v -0.323896 5.548693 1.476957
v -0.367808 4.867218 1.475346
v 0.134932 5.548693 1.194153
v 0.153226 4.867218 1.154201
v 0.262705 5.548693 1.678676
v 0.298321 4.867218 1.704412
v -0.237435 5.548693 1.709468
v -0.269625 4.867218 1.739379
v -0.170063 5.548693 1.212931
v -0.193119 4.867218 1.175524
v 0.319991 5.548693 1.437315
v 0.363374 4.867218 1.430329
v -0.011888 5.548693 1.812741
v -0.013499 4.867218 1.856653
v -0.315353 5.548693 1.413997
v -0.358107 4.867218 1.403849
v 0.189831 5.548693 1.226140
v 0.215567 4.867218 1.190524
v 0.220623 5.548693 1.726280
v 0.250534 4.867218 1.758470
v -0.275914 5.548693 1.658908
v -0.313321 4.867218 1.681964
v -0.112967 5.548693 1.185055
v -0.128282 4.867218 1.143869
v 0.323896 5.548693 1.500732
v 0.367808 4.867218 1.502344
v -0.074848 5.548693 1.804198
v -0.084996 4.867218 1.846952
v -0.294692 5.548693 1.353912
v -0.334644 4.867218 1.335619
v -0.058516 4.867217 1.125471
v -0.051530 5.548693 1.168853
v -0.363071 5.548693 1.322603
v -0.323662 5.548693 1.254966
v -0.092216 5.548693 1.877371
v -0.166242 5.548693 1.851916
v 0.399051 5.548693 1.503491
v 0.388526 5.548693 1.581061
v -0.139179 5.548693 1.114565
v -0.063487 5.548693 1.094604
v 0.014646 5.548693 1.089793
v -0.339936 5.548693 1.698368
v -0.374280 5.548693 1.628024
v 0.271816 5.548693 1.781373
v 0.209523 5.548693 1.828781
v 0.233879 5.548693 1.165182
v 0.292528 5.548693 1.217029
v -0.388527 5.548693 1.396629
v -0.014646 5.548693 1.887896
v 0.394241 5.548693 1.425358
v -0.209524 5.548693 1.148909
v -0.292528 5.548693 1.760661
v 0.323662 5.548693 1.722724
v 0.166241 5.548693 1.125774
v -0.399052 5.548693 1.474199
v 0.063486 5.548693 1.883086
v 0.374280 5.548693 1.349666
v -0.271816 5.548693 1.196317
v -0.233879 5.548693 1.812507
v 0.363071 5.548693 1.655086
v 0.092216 5.548693 1.100318
v -0.394241 5.548693 1.552331
v 0.139179 5.548693 1.863125
v 0.339936 5.548693 1.279321
v 0.218845 4.869070 1.285495
v 0.254311 4.869070 1.332097
v 0.156748 4.869070 1.743157
v 0.104122 4.869070 1.768850
v -0.280005 4.869070 1.592967
v -0.294938 4.869070 1.536340
v 0.010957 4.869070 1.190308
v 0.068988 4.869070 1.198182
v 0.290663 4.869070 1.557833
v 0.271619 4.869070 1.613213
v -0.124368 4.869070 1.760464
v -0.174969 4.869070 1.730982
v -0.242137 4.869070 1.313877
v -0.203350 4.869070 1.270000
v 0.280005 4.869070 1.384723
v 0.047495 4.869070 1.783783
v -0.298537 4.869070 1.477888
v 0.124368 4.869070 1.217226
v 0.242137 4.869070 1.663814
v -0.218845 4.869070 1.692195
v -0.156748 4.869070 1.234534
v 0.294938 4.869070 1.441350
v -0.010957 4.869070 1.787382
v -0.290663 4.869070 1.419857
v 0.174968 4.869070 1.246708
v 0.203350 4.869070 1.707690
v -0.254312 4.869070 1.645593
v -0.104122 4.869070 1.208840
v 0.298537 4.869070 1.499802
v -0.068988 4.869070 1.779508
v -0.271619 4.869070 1.364477
v -0.047495 4.869070 1.193907
v 0.269625 5.490762 1.238311
v 0.313321 5.490762 1.295726
v 0.193119 5.490762 1.802166
v 0.128282 5.490762 1.833821
v -0.344976 5.490762 1.617128
v -0.363374 5.490762 1.547361
v 0.013499 5.490762 1.121037
v 0.084996 5.490762 1.130738
v 0.358107 5.490762 1.573841
v 0.334644 5.490762 1.642071
v -0.153226 5.490762 1.823489
v -0.215567 5.490762 1.787167
v -0.298321 5.490762 1.273278
v -0.250534 5.490762 1.219220
v 0.344976 5.490762 1.360563
v 0.058516 5.490762 1.852219
v -0.367808 5.490762 1.475346
v 0.153226 5.490762 1.154201
v 0.298321 5.490762 1.704412
v -0.269625 5.490762 1.739379
v -0.193119 5.490762 1.175524
v 0.363374 5.490762 1.430329
v -0.013499 5.490762 1.856653
v -0.358107 5.490762 1.403849
v 0.215567 5.490762 1.190524
v 0.250534 5.490762 1.758470
v -0.313321 5.490762 1.681964
v -0.128282 5.490762 1.143869
v 0.367808 5.490762 1.502344
v -0.084996 5.490762 1.846952
v -0.334644 5.490762 1.335619
v -0.058516 5.490762 1.125471
v 0.297891 5.519727 1.212046
v 0.213365 5.519727 1.835013
v -0.381142 5.519727 1.630576
v 0.014914 5.519727 1.082477
v 0.395650 5.519727 1.582751
v -0.169289 5.519727 1.858572
v -0.329596 5.519727 1.250678
v -0.064651 5.519727 1.087376
v 0.346168 5.519728 1.275480
v 0.141731 5.519728 1.869987
v -0.401469 5.519728 1.553495
v 0.093906 5.519728 1.093195
v 0.369727 5.519728 1.658134
v -0.238167 5.519728 1.818441
v -0.276799 5.519728 1.190953
v 0.381142 5.519728 1.347114
v 0.064650 5.519728 1.890314
v -0.406368 5.519728 1.473930
v 0.169289 5.519728 1.119118
v 0.329596 5.519728 1.727012
v -0.297892 5.519728 1.765644
v -0.213365 5.519728 1.142676
v 0.401469 5.519728 1.424194
v -0.014915 5.519728 1.895213
v -0.395650 5.519728 1.394939
v 0.238167 5.519728 1.159248
v 0.276799 5.519728 1.786736
v -0.346169 5.519728 1.702210
v -0.141731 5.519728 1.107702
v 0.406368 5.519728 1.503759
v -0.093906 5.519728 1.884495
v -0.369727 5.519728 1.319555
v 0.334651 3.503289 2.663783
v 0.328957 3.457399 2.628421
v -0.044392 3.611397 2.700773
v -0.043078 3.378569 2.664979
v -0.343347 3.568153 2.641665
v -0.349058 3.462178 2.628505
v -0.072767 2.810448 1.038122
v 0.016792 2.810448 1.032609
v 0.105707 2.810448 1.044673
v 0.190560 2.810448 1.073852
v 0.268089 2.810448 1.119024
v 0.335316 2.810448 1.178453
v 0.389658 2.810448 1.249856
v 0.429025 2.810448 1.330488
v 0.451905 2.810448 1.417251
v 0.457419 2.810448 1.506811
v 0.445355 2.810448 1.595726
v 0.416176 2.810448 1.680578
v 0.371004 2.810448 1.758108
v 0.311575 2.810448 1.825335
v 0.240172 2.810448 1.879676
v 0.159539 2.810448 1.919044
v 0.072776 2.810448 1.941924
v -0.016784 2.810448 1.947438
v -0.105698 2.810448 1.935374
v -0.190551 2.810448 1.906195
v -0.268080 2.810448 1.861023
v -0.335307 2.810448 1.801593
v -0.389649 2.810448 1.730191
v -0.429016 2.810448 1.649558
v -0.451896 2.810448 1.562795
v -0.457410 2.810448 1.473235
v -0.445346 2.810448 1.384321
v -0.416167 2.810448 1.299468
v -0.370995 2.810448 1.221939
v -0.311566 2.810448 1.154711
v -0.240163 2.810448 1.100370
v -0.159530 2.810448 1.061003
v -0.129770 2.970848 0.684145
v -0.167378 3.163539 0.450606
v -0.184330 3.371567 0.345339
v -0.189832 3.596547 0.311168
v -0.189832 3.953556 0.311168
v 0.043799 3.861890 0.296784
v 0.043799 3.596547 0.296784
v 0.042529 3.371567 0.331372
v 0.038619 3.163539 0.437924
v 0.029943 2.970848 0.674312
v 0.275746 3.861890 0.328256
v 0.275746 3.596547 0.328256
v 0.267754 3.371567 0.361931
v 0.243131 3.163539 0.465672
v 0.188505 2.970848 0.695826
v 0.497098 3.861890 0.404373
v 0.497098 3.596547 0.404373
v 0.482689 3.371567 0.435842
v 0.438300 3.163539 0.532787
v 0.339823 2.970848 0.747861
v 0.699346 3.909072 0.522212
v 0.699346 3.596547 0.522212
v 0.679075 3.371567 0.550265
v 0.616626 3.163539 0.636687
v 0.478082 2.970848 0.828417
v 0.874719 3.909072 0.677243
v 0.874719 3.596547 0.677243
v 0.849364 3.371567 0.700802
v 0.771255 3.163539 0.773381
v 0.597969 2.970848 0.934398
v 1.016477 3.909072 0.863509
v 1.016477 3.596547 0.863509
v 0.987014 3.371567 0.881669
v 0.896246 3.163539 0.937614
v 0.694876 2.970848 1.061731
v 1.119173 3.861890 1.073851
v 1.119173 3.596547 1.073851
v 1.086733 3.371567 1.085914
v 0.986794 3.163539 1.123077
v 0.765080 2.970848 1.205523
v 1.178859 3.861890 1.300186
v 1.178859 3.596547 1.300186
v 1.144689 3.371567 1.305689
v 1.039421 3.163539 1.322641
v 0.805883 2.970848 1.360249
v 1.193243 3.816533 1.533817
v 1.193243 3.596547 1.533817
v 1.158656 3.371567 1.532548
v 1.052104 3.163539 1.528637
v 0.815716 2.970848 1.519961
v 1.161772 3.816533 1.765765
v 1.161772 3.596547 1.765765
v 1.128097 3.371567 1.757773
v 1.024355 3.163539 1.733150
v 0.794201 2.970848 1.678523
v 1.085654 3.816533 1.987116
v 1.085654 3.596547 1.987116
v 1.054186 3.371567 1.972708
v 0.957241 3.163539 1.928319
v 0.742167 2.970848 1.829842
v 0.967816 3.861890 2.189365
v 0.967816 3.596547 2.189365
v 0.939763 3.371567 2.169094
v 0.853340 3.163539 2.106645
v 0.661611 2.970848 1.968101
v 0.812785 3.901896 2.364738
v 0.812785 3.596547 2.364738
v 0.789225 3.371567 2.339383
v 0.716647 3.163539 2.261274
v 0.555630 2.970848 2.087988
v 0.626519 3.901896 2.506496
v 0.626519 3.596547 2.506496
v 0.608359 3.371567 2.477032
v 0.552413 3.163539 2.386265
v 0.428297 2.970848 2.184895
v 0.416177 3.901896 2.609191
v 0.416177 3.596547 2.609191
v 0.404114 3.371567 2.576751
v 0.366951 3.163539 2.476813
v 0.284504 2.970848 2.255099
v 0.189841 3.953798 2.668878
v 0.322477 3.492083 2.647519
v 0.316975 3.447739 2.613349
v 0.167387 3.163539 2.529440
v 0.129779 2.970848 2.295902
v -0.043790 3.993961 2.683262
v -0.043790 3.596547 2.683262
v -0.042520 3.371567 2.648675
v -0.038610 3.163539 2.542123
v -0.029934 2.970848 2.305734
v -0.275738 3.993961 2.651791
v -0.332669 3.554761 2.626147
v -0.338187 3.452358 2.613431
v -0.243122 3.163539 2.514374
v -0.188496 2.970848 2.284220
v -0.497089 3.993961 2.575673
v -0.497089 3.596547 2.575673
v -0.482680 3.371567 2.544204
v -0.438291 3.163539 2.447259
v -0.339814 2.970848 2.232185
v -0.699337 3.902053 2.457834
v -0.699337 3.596547 2.457834
v -0.679066 3.371567 2.429781
v -0.616617 3.163539 2.343359
v -0.478073 2.970848 2.151629
v -0.874710 3.911344 2.302804
v -0.874710 3.596547 2.302804
v -0.849355 3.371567 2.279244
v -0.771246 3.163539 2.206666
v -0.597960 2.970848 2.045649
v -1.016468 3.911344 2.116538
v -1.016468 3.596547 2.116538
v -0.987005 3.371567 2.098378
v -0.896237 3.163539 2.042432
v -0.694867 2.970848 1.918316
v -1.119164 3.911344 1.906196
v -1.119164 3.596547 1.906196
v -1.086723 3.371567 1.894132
v -0.986785 3.163539 1.856969
v -0.765071 2.970848 1.774523
v -1.178850 3.861890 1.679860
v -1.178850 3.596547 1.679860
v -1.144680 3.371567 1.674357
v -1.039412 3.163539 1.657405
v -0.805874 2.970848 1.619798
v -1.193234 3.881821 1.446229
v -1.193234 3.596547 1.446229
v -1.158647 3.371567 1.447498
v -1.052095 3.163539 1.451409
v -0.815707 2.970848 1.460085
v -1.161763 3.881821 1.214281
v -1.161763 3.596547 1.214281
v -1.128088 3.371567 1.222274
v -1.024346 3.163539 1.246897
v -0.794192 2.970848 1.301523
v -1.085645 3.881821 0.992930
v -1.085645 3.596547 0.992930
v -1.054177 3.371567 1.007339
v -0.957232 3.163539 1.051727
v -0.742157 2.970848 1.150205
v -0.967807 3.881821 0.790682
v -0.967807 3.616478 0.790682
v -0.939754 3.371567 0.810953
v -0.853331 3.163539 0.873402
v -0.661602 2.970848 1.011946
v -0.812776 3.861890 0.615309
v -0.812776 3.596547 0.615309
v -0.789217 3.371567 0.640663
v -0.716638 3.163539 0.718772
v -0.555621 2.970848 0.892059
v -0.626510 3.953556 0.473551
v -0.626510 3.596547 0.473551
v -0.608350 3.371567 0.503014
v -0.552404 3.163539 0.593782
v -0.428288 2.970848 0.795151
v -0.416168 3.953556 0.370855
v -0.416168 3.596547 0.370855
v -0.404105 3.371567 0.403295
v -0.366942 3.163539 0.503233
v -0.284495 2.970848 0.724947
v 0.323376 3.496496 2.625359
v 0.317873 3.452152 2.591189
v -0.042891 3.600960 2.661102
v -0.041622 3.375980 2.626515
v -0.331770 3.559174 2.603987
v -0.337289 3.456771 2.591270
vn -0.0000 -0.4588 -0.8885
vn 0.0529 -0.8490 -0.5258
vn -0.0000 -0.8505 -0.5260
vn 0.0149 -0.4867 -0.8735
vn 0.1101 -0.8443 -0.5244
vn 0.0761 -0.5003 -0.8625
vn 0.1768 -0.8355 -0.5203
vn 0.1222 -0.4940 -0.8608
vn 0.2614 -0.8194 -0.5102
vn 0.1809 -0.4829 -0.8568
vn 0.3803 -0.7870 -0.4857
vn 0.2644 -0.4613 -0.8469
vn 0.5656 -0.7088 -0.4215
vn 0.3978 -0.4084 -0.8215
vn 0.8417 -0.4841 -0.2391
vn 0.6111 -0.2465 -0.7522
vn 0.9935 -0.0041 0.1138
vn 0.7708 0.1423 -0.6209
vn 0.8010 0.4482 0.3970
vn 0.6574 0.5446 -0.5208
vn 0.5419 0.6606 0.5196
vn 0.4607 0.7439 -0.4842
vn 0.3685 0.7395 0.5634
vn 0.3184 0.8221 -0.4720
vn 0.2549 0.7725 0.5816
vn 0.2220 0.8562 -0.4666
vn 0.1730 0.7883 0.5905
vn 0.1513 0.8730 -0.4636
vn 0.1081 0.7963 0.5952
vn 0.0948 0.8819 -0.4619
vn -0.1254 0.8096 0.5735
vn -0.0000 0.8499 -0.5269
vn -0.0000 0.7777 0.6286
vn 0.1254 0.8096 0.5735
vn -0.0948 0.8818 -0.4619
vn -0.1081 0.7963 0.5952
vn -0.1513 0.8730 -0.4636
vn -0.1730 0.7883 0.5905
vn -0.2220 0.8562 -0.4666
vn -0.2549 0.7725 0.5816
vn -0.3184 0.8221 -0.4720
vn -0.3685 0.7395 0.5634
vn -0.4607 0.7439 -0.4842
vn -0.5419 0.6606 0.5196
vn -0.6574 0.5446 -0.5208
vn -0.8010 0.4482 0.3970
vn -0.7708 0.1423 -0.6209
vn -0.9935 -0.0041 0.1138
vn -0.6111 -0.2465 -0.7522
vn -0.8417 -0.4841 -0.2391
vn -0.3978 -0.4084 -0.8215
vn -0.5656 -0.7088 -0.4215
vn -0.2644 -0.4613 -0.8469
vn -0.3803 -0.7870 -0.4857
vn -0.1809 -0.4829 -0.8568
vn -0.2614 -0.8194 -0.5102
vn -0.1222 -0.4940 -0.8608
vn -0.1768 -0.8355 -0.5203
vn -0.0762 -0.5003 -0.8625
vn -0.1101 -0.8443 -0.5244
vn -0.0149 -0.4867 -0.8735
vn -0.0529 -0.8490 -0.5258
vn -0.0000 0.1486 0.9889
vn -0.1630 0.9824 -0.0908
vn 0.1631 0.9824 -0.0908
vn -0.1214 0.1548 0.9805
vn -0.0000 -0.9125 0.4090
vn -0.1695 -0.8976 0.4070
vn -0.0000 -0.9912 -0.1327
vn -0.0908 -0.9876 -0.1278
vn -0.0000 -0.8146 -0.5800
vn -0.0676 -0.8146 -0.5760
vn -0.0000 -0.5486 -0.8361
vn -0.0464 -0.5502 -0.8337
vn -0.0000 -0.3498 -0.9368
vn -0.0392 -0.3505 -0.9357
vn -0.0000 -0.2709 -0.9626
vn -0.0366 -0.2714 -0.9618
vn -0.0000 -0.3011 -0.9536
vn -0.0425 -0.3007 -0.9528
vn -0.0000 -0.4597 -0.8881
vn -0.0455 -0.4590 -0.8873
vn -0.0000 -0.6608 -0.7506
vn -0.0486 -0.6596 -0.7500
vn -0.2433 0.1741 0.9542
vn -0.3376 -0.8512 0.4019
vn -0.1867 -0.9759 -0.1131
vn -0.1401 -0.8142 -0.5634
vn -0.0971 -0.5551 -0.8261
vn -0.0816 -0.3526 -0.9322
vn -0.0763 -0.2726 -0.9591
vn -0.0887 -0.2999 -0.9498
vn -0.0950 -0.4567 -0.8845
vn -0.1015 -0.6561 -0.7478
vn -0.3635 0.2085 0.9080
vn -0.5031 -0.7690 0.3944
vn -0.2945 -0.9517 -0.0871
vn -0.2244 -0.8121 -0.5387
vn -0.1579 -0.5633 -0.8110
vn -0.1316 -0.3568 -0.9249
vn -0.1229 -0.2749 -0.9536
vn -0.1427 -0.2995 -0.9434
vn -0.1529 -0.4532 -0.8782
vn -0.1632 -0.6504 -0.7419
vn -0.4780 0.2625 0.8382
vn -0.6605 -0.6450 0.3843
vn -0.4215 -0.9056 -0.0466
vn -0.3300 -0.8040 -0.4947
vn -0.2392 -0.5754 -0.7821
vn -0.1968 -0.3642 -0.9103
vn -0.1828 -0.2794 -0.9426
vn -0.2120 -0.3007 -0.9298
vn -0.2269 -0.4488 -0.8644
vn -0.2416 -0.6414 -0.7282
vn -0.5776 0.3422 0.7412
vn -0.7989 -0.4740 0.3703
vn -0.5744 -0.8185 0.0141
vn -0.4714 -0.7784 -0.4146
vn -0.3621 -0.5901 -0.7216
vn -0.2930 -0.3765 -0.8788
vn -0.2700 -0.2885 -0.9186
vn -0.3112 -0.3063 -0.8996
vn -0.3321 -0.4434 -0.8326
vn -0.3517 -0.6256 -0.6964
vn -0.6444 0.4528 0.6162
vn -0.9006 -0.2579 0.3498
vn -0.7489 -0.6548 0.1020
vn -0.6631 -0.7014 -0.2614
vn -0.5685 -0.5899 -0.5735
vn -0.4587 -0.3953 -0.7958
vn -0.4189 -0.3067 -0.8547
vn -0.4730 -0.3204 -0.8208
vn -0.5032 -0.4297 -0.7498
vn -0.5245 -0.5903 -0.6136
vn -0.6534 0.5909 0.4732
vn -0.9478 -0.0143 0.3185
vn -0.9022 -0.3715 0.2193
vn -0.8681 -0.4957 0.0250
vn -0.8536 -0.4796 -0.2036
vn -0.7622 -0.3948 -0.5129
vn -0.7089 -0.3323 -0.6221
vn -0.7501 -0.3371 -0.5690
vn -0.7908 -0.4713 -0.3905
vn -0.7790 -0.3787 -0.4997
vn -0.5921 0.7325 0.3360
vn -0.9345 0.2262 0.2748
vn -0.9404 0.0169 0.3397
vn -0.9064 -0.1209 0.4048
vn -0.8966 -0.1601 0.4130
vn -0.9559 -0.2420 0.1666
vn -0.9598 -0.2745 0.0591
vn -0.9610 -0.2715 0.0518
vn -0.9869 -0.1346 0.0895
vn -0.9780 -0.1920 0.0815
vn -0.4817 0.8447 0.2332
vn -0.8715 0.4374 0.2216
vn -0.8327 0.3796 0.4032
vn -0.7325 0.2345 0.6391
vn -0.5795 0.1426 0.8024
vn -0.6707 0.0004 0.7417
vn -0.7521 -0.1103 0.6497
vn -0.6955 -0.0860 0.7134
vn -0.7802 0.0442 0.6240
vn -0.8107 0.2257 0.5402
vn -0.3652 0.9148 0.1727
vn -0.7762 0.6086 0.1644
vn -0.6704 0.6241 0.4014
vn -0.5402 0.4446 0.7145
vn -0.3726 0.2676 0.8885
vn -0.4101 0.0220 0.9118
vn -0.4060 0.1227 0.9056
vn -0.4754 -0.0091 0.8797
vn -0.5075 0.1669 0.8453
vn -0.5431 0.4026 0.7369
vn -0.2668 0.9530 0.1436
vn -0.6624 0.7418 0.1041
vn -0.5160 0.7705 0.3744
vn -0.3929 0.5578 0.7311
vn -0.2649 0.1738 0.9485
vn -0.2526 0.3234 0.9119
vn -0.2649 0.0604 0.9624
vn -0.3129 0.0308 0.9493
vn -0.3382 0.2129 0.9167
vn -0.3661 0.4697 0.8034
vn -0.1889 0.9730 0.1325
vn -0.3861 0.8552 0.3458
vn -0.5426 0.8387 0.0465
vn -0.2840 0.6203 0.7311
vn -0.1778 0.3528 0.9186
vn -0.1804 0.1953 0.9640
vn -0.1797 0.0762 0.9808
vn -0.2132 0.0461 0.9759
vn -0.2318 0.2307 0.9450
vn -0.2519 0.4972 0.8302
vn -0.1279 0.9832 0.1304
vn -0.2758 0.9074 0.3171
vn -0.4133 0.9106 -0.0018
vn -0.1976 0.6559 0.7285
vn -0.1223 0.3704 0.9208
vn -0.1214 0.2059 0.9710
vn -0.1208 0.0833 0.9892
vn -0.1434 0.0517 0.9883
vn -0.1565 0.2378 0.9586
vn -0.1705 0.5096 0.8433
vn -0.0792 0.9881 0.1320
vn -0.1782 0.9389 0.2943
vn -0.2789 0.9595 -0.0391
vn -0.1253 0.6767 0.7255
vn -0.0771 0.3807 0.9215
vn -0.0754 0.2111 0.9746
vn -0.0751 0.0866 0.9934
vn -0.0891 0.0532 0.9946
vn -0.0975 0.2405 0.9657
vn -0.1063 0.5153 0.8504
vn 0.4337 0.8668 0.2463
vn 0.4563 0.8865 -0.0776
vn 0.2949 0.6478 0.7024
vn 0.1306 0.3605 0.9236
vn 0.1018 0.2402 0.9654
vn 0.1097 0.0673 0.9917
vn 0.0736 0.0629 0.9953
vn 0.0719 0.2363 0.9690
vn 0.0415 0.5375 0.8422
vn -0.0000 0.8658 -0.5004
vn -0.0000 0.9877 -0.1563
vn -0.0000 0.7618 0.6478
vn -0.0000 0.9663 0.2574
vn -0.0000 0.4790 0.8778
vn -0.0000 0.2656 0.9641
vn -0.0000 0.1659 0.9861
vn -0.0000 0.0511 0.9987
vn -0.0000 0.1867 0.9824
vn -0.0000 0.4831 0.8756
vn -0.4563 0.8865 -0.0776
vn -0.4337 0.8668 0.2463
vn -0.2949 0.6478 0.7024
vn -0.1306 0.3605 0.9236
vn -0.1018 0.2402 0.9654
vn -0.1097 0.0673 0.9917
vn -0.0736 0.0629 0.9953
vn -0.0719 0.2363 0.9690
vn -0.0415 0.5375 0.8422
vn 0.2789 0.9595 -0.0391
vn 0.0794 0.9881 0.1320
vn 0.1782 0.9389 0.2943
vn 0.1253 0.6767 0.7255
vn 0.0771 0.3807 0.9215
vn 0.0754 0.2111 0.9746
vn 0.0751 0.0866 0.9934
vn 0.0891 0.0532 0.9946
vn 0.0975 0.2405 0.9657
vn 0.1063 0.5153 0.8504
vn 0.4133 0.9106 -0.0018
vn 0.1280 0.9832 0.1304
vn 0.2758 0.9074 0.3171
vn 0.1976 0.6559 0.7285
vn 0.1223 0.3704 0.9208
vn 0.1214 0.2059 0.9710
vn 0.1208 0.0833 0.9892
vn 0.1434 0.0517 0.9883
vn 0.1565 0.2378 0.9586
vn 0.1705 0.5096 0.8433
vn 0.5426 0.8387 0.0465
vn 0.1889 0.9730 0.1325
vn 0.3861 0.8552 0.3458
vn 0.2840 0.6203 0.7311
vn 0.1778 0.3528 0.9186
vn 0.1804 0.1953 0.9640
vn 0.1797 0.0762 0.9808
vn 0.2132 0.0461 0.9759
vn 0.2318 0.2307 0.9450
vn 0.2519 0.4972 0.8302
vn 0.6624 0.7418 0.1041
vn 0.2666 0.9531 0.1436
vn 0.5159 0.7705 0.3744
vn 0.3929 0.5578 0.7311
vn 0.2526 0.3234 0.9119
vn 0.2649 0.1738 0.9485
vn 0.2649 0.0604 0.9624
vn 0.3129 0.0308 0.9493
vn 0.3382 0.2129 0.9167
vn 0.3661 0.4697 0.8034
vn 0.7762 0.6086 0.1644
vn 0.3653 0.9147 0.1727
vn 0.6704 0.6241 0.4014
vn 0.5402 0.4446 0.7145
vn 0.3726 0.2676 0.8885
vn 0.4060 0.1227 0.9056
vn 0.4101 0.0220 0.9118
vn 0.4754 -0.0091 0.8797
vn 0.5075 0.1669 0.8453
vn 0.5431 0.4026 0.7369
vn 0.8715 0.4374 0.2216
vn 0.4820 0.8445 0.2332
vn 0.8327 0.3796 0.4032
vn 0.7325 0.2345 0.6391
vn 0.5795 0.1426 0.8024
vn 0.6707 0.0004 0.7417
vn 0.6955 -0.0860 0.7134
vn 0.7521 -0.1103 0.6497
vn 0.7802 0.0442 0.6240
vn 0.8107 0.2257 0.5402
vn 0.9345 0.2262 0.2748
vn 0.5921 0.7325 0.3360
vn 0.9404 0.0170 0.3397
vn 0.9064 -0.1209 0.4048
vn 0.8966 -0.1601 0.4130
vn 0.9559 -0.2420 0.1666
vn 0.9598 -0.2745 0.0591
vn 0.9610 -0.2715 0.0518
vn 0.9780 -0.1920 0.0815
vn 0.9869 -0.1346 0.0895
vn 0.9478 -0.0143 0.3185
vn 0.6536 0.5908 0.4731
vn 0.9022 -0.3714 0.2193
vn 0.8681 -0.4957 0.0250
vn 0.8535 -0.4796 -0.2036
vn 0.7622 -0.3948 -0.5129
vn 0.7089 -0.3323 -0.6221
vn 0.7501 -0.3371 -0.5690
vn 0.7790 -0.3787 -0.4997
vn 0.7908 -0.4713 -0.3905
vn 0.9006 -0.2579 0.3498
vn 0.6442 0.4529 0.6163
vn 0.7489 -0.6548 0.1020
vn 0.6631 -0.7014 -0.2614
vn 0.5685 -0.5899 -0.5735
vn 0.4587 -0.3953 -0.7958
vn 0.4189 -0.3067 -0.8547
vn 0.4730 -0.3204 -0.8208
vn 0.5032 -0.4297 -0.7498
vn 0.5245 -0.5903 -0.6136
vn 0.7989 -0.4740 0.3703
vn 0.5777 0.3422 0.7410
vn 0.5744 -0.8185 0.0141
vn 0.4714 -0.7784 -0.4146
vn 0.3621 -0.5901 -0.7216
vn 0.2930 -0.3765 -0.8788
vn 0.2700 -0.2885 -0.9186
vn 0.3112 -0.3063 -0.8996
vn 0.3321 -0.4434 -0.8326
vn 0.3517 -0.6256 -0.6964
vn 0.6605 -0.6450 0.3843
vn 0.4781 0.2624 0.8382
vn 0.4215 -0.9056 -0.0466
vn 0.3300 -0.8040 -0.4947
vn 0.2392 -0.5754 -0.7821
vn 0.1968 -0.3642 -0.9103
vn 0.1828 -0.2794 -0.9426
vn 0.2120 -0.3007 -0.9298
vn 0.2269 -0.4488 -0.8644
vn 0.2416 -0.6414 -0.7282
vn 0.5031 -0.7690 0.3944
vn 0.3634 0.2085 0.9080
vn 0.2945 -0.9517 -0.0871
vn 0.2244 -0.8121 -0.5387
vn 0.1579 -0.5633 -0.8110
vn 0.1316 -0.3568 -0.9249
vn 0.1229 -0.2749 -0.9536
vn 0.1427 -0.2995 -0.9434
vn 0.1529 -0.4532 -0.8782
vn 0.1632 -0.6504 -0.7419
vn 0.3376 -0.8512 0.4019
vn 0.2430 0.1741 0.9543
vn 0.1867 -0.9759 -0.1131
vn 0.1401 -0.8142 -0.5634
vn 0.0971 -0.5551 -0.8261
vn 0.0816 -0.3526 -0.9322
vn 0.0763 -0.2726 -0.9591
vn 0.0887 -0.2999 -0.9498
vn 0.0950 -0.4567 -0.8845
vn 0.1015 -0.6561 -0.7478
vn 0.1695 -0.8976 0.4070
vn 0.1212 0.1549 0.9805
vn 0.0908 -0.9876 -0.1278
vn 0.0676 -0.8146 -0.5760
vn 0.0464 -0.5502 -0.8337
vn 0.0392 -0.3505 -0.9357
vn 0.0366 -0.2714 -0.9618
vn 0.0425 -0.3007 -0.9528
vn 0.0455 -0.4590 -0.8873
vn 0.0486 -0.6596 -0.7500
vn -0.4689 -0.7485 0.4689
vn -0.3411 -0.7893 0.5106
vn -0.4342 -0.7893 0.4342
vn 0.1942 0.9723 0.1298
vn 0.5033 0.7024 0.5033
vn 0.5918 0.7024 0.3954
vn -0.5514 -0.7485 0.3684
vn -0.5106 -0.7893 0.3411
vn 0.0894 0.9723 -0.2158
vn 0.3954 0.7024 -0.5918
vn 0.2724 0.7024 -0.6576
vn -0.1652 0.9723 -0.1652
vn -0.3954 0.7024 -0.5918
vn -0.5033 0.7024 -0.5033
vn -0.6126 -0.7485 0.2538
vn -0.5673 -0.7893 0.2350
vn -0.1652 0.9723 0.1652
vn -0.3954 0.7024 0.5918
vn -0.1298 0.9723 0.1942
vn -0.6504 -0.7485 0.1294
vn -0.6022 -0.7893 0.1198
vn 0.6576 0.7024 0.2724
vn 0.2158 0.9723 0.0894
vn -0.6140 -0.7893 -0.0000
vn -0.6631 -0.7485 -0.0000
vn 0.0456 0.9723 -0.2291
vn 0.1389 0.7025 -0.6981
vn -0.1942 0.9723 -0.1298
vn -0.5918 0.7024 -0.3954
vn -0.6022 -0.7893 -0.1198
vn -0.6504 -0.7485 -0.1294
vn -0.0894 0.9723 0.2158
vn -0.2724 0.7024 0.6576
vn -0.5673 -0.7893 -0.2350
vn -0.6127 -0.7485 -0.2538
vn 0.2291 0.9723 0.0456
vn 0.6981 0.7024 0.1389
vn -0.5106 -0.7893 -0.3411
vn -0.5514 -0.7485 -0.3684
vn -0.0000 -0.7485 -0.6631
vn 0.1198 -0.7893 -0.6022
vn 0.1294 -0.7485 -0.6504
vn -0.6576 0.7024 -0.2724
vn -0.2158 0.9723 -0.0894
vn -0.0000 0.9723 -0.2336
vn -0.0000 0.7024 -0.7117
vn -0.4342 -0.7893 -0.4342
vn -0.4689 -0.7485 -0.4689
vn 0.2538 -0.7485 -0.6127
vn 0.2350 -0.7893 -0.5673
vn -0.0456 0.9723 0.2291
vn -0.1389 0.7025 0.6981
vn -0.3684 -0.7485 -0.5514
vn -0.3411 -0.7893 -0.5105
vn 0.2336 0.9723 -0.0000
vn 0.7117 0.7024 -0.0000
vn 0.3411 -0.7893 -0.5105
vn 0.3684 -0.7485 -0.5514
vn -0.2538 -0.7485 -0.6127
vn -0.2350 -0.7893 -0.5673
vn 0.4342 -0.7893 -0.4342
vn 0.4689 -0.7485 -0.4689
vn -0.2291 0.9723 -0.0456
vn -0.6981 0.7024 -0.1389
vn -0.1198 -0.7893 -0.6022
vn -0.1294 -0.7485 -0.6504
vn 0.5514 -0.7485 -0.3684
vn 0.5106 -0.7893 -0.3411
vn -0.0000 0.9723 0.2336
vn -0.0000 0.7024 0.7117
vn -0.5891 -0.7057 -0.3936
vn -0.1382 -0.7057 -0.6949
vn 0.1382 -0.7057 0.6949
vn -0.0000 -0.7057 -0.7085
vn -0.2711 -0.7057 -0.6546
vn -0.3936 -0.7057 -0.5891
vn -0.5010 -0.7057 -0.5010
vn -0.6546 -0.7057 -0.2711
vn -0.6949 -0.7057 -0.1382
vn -0.7085 -0.7057 -0.0000
vn -0.6949 -0.7057 0.1382
vn -0.6546 -0.7057 0.2711
vn -0.5891 -0.7057 0.3936
vn -0.5010 -0.7057 0.5010
vn -0.3936 -0.7057 0.5891
vn -0.2711 -0.7057 0.6546
vn -0.3684 -0.7485 0.5514
vn -0.1294 -0.7485 0.6504
vn -0.1382 -0.7057 0.6949
vn -0.0000 -0.7485 0.6631
vn -0.0000 -0.7057 0.7085
vn 0.1294 -0.7485 0.6504
vn 0.2538 -0.7485 0.6127
vn 0.2711 -0.7057 0.6546
vn 0.3684 -0.7485 0.5514
vn 0.3936 -0.7057 0.5891
vn 0.4689 -0.7485 0.4689
vn 0.5010 -0.7057 0.5010
vn 0.5514 -0.7485 0.3684
vn 0.5891 -0.7057 0.3936
vn 0.6127 -0.7485 0.2538
vn 0.6546 -0.7057 0.2711
vn 0.6504 -0.7485 0.1294
vn 0.6949 -0.7057 0.1382
vn 0.7085 -0.7057 -0.0000
vn 0.6504 -0.7485 -0.1294
vn 0.6949 -0.7057 -0.1382
vn 0.6126 -0.7485 -0.2538
vn 0.6546 -0.7057 -0.2711
vn 0.5891 -0.7057 -0.3936
vn 0.5010 -0.7057 -0.5010
vn 0.3937 -0.7057 -0.5891
vn 0.2711 -0.7057 -0.6546
vn 0.1382 -0.7057 -0.6949
vn 0.1876 0.2739 -0.9433
vn -0.0000 0.2739 -0.9618
vn 0.3680 0.2739 -0.8885
vn 0.5343 0.2739 -0.7997
vn 0.6801 0.2739 -0.6801
vn 0.5033 0.7024 -0.5033
vn 0.7997 0.2739 -0.5343
vn 0.5918 0.7024 -0.3954
vn 0.8885 0.2739 -0.3681
vn 0.6576 0.7024 -0.2724
vn 0.9433 0.2739 -0.1876
vn 0.6981 0.7024 -0.1389
vn 0.9618 0.2739 -0.0000
vn 0.9433 0.2739 0.1876
vn 0.8885 0.2739 0.3680
vn 0.7997 0.2739 0.5343
vn 0.6801 0.2739 0.6801
vn 0.3954 0.7024 0.5918
vn 0.5343 0.2739 0.7997
vn 0.2724 0.7024 0.6576
vn 0.3680 0.2739 0.8885
vn 0.1876 0.2739 0.9433
vn -0.0000 0.2739 0.9618
vn -0.1876 0.2739 0.9433
vn -0.3680 0.2739 0.8885
vn -0.5343 0.2739 0.7997
vn -0.6801 0.2739 0.6801
vn -0.5033 0.7024 0.5033
vn -0.7997 0.2739 0.5343
vn -0.5918 0.7024 0.3954
vn -0.8885 0.2739 0.3680
vn -0.6576 0.7024 0.2724
vn -0.9433 0.2739 0.1876
vn -0.6981 0.7024 0.1389
vn -0.9618 0.2739 -0.0000
vn -0.9433 0.2739 -0.1876
vn -0.8885 0.2739 -0.3681
vn -0.7997 0.2739 -0.5343
vn -0.6801 0.2739 -0.6801
vn -0.5343 0.2739 -0.7997
vn -0.2724 0.7024 -0.6576
vn -0.3680 0.2739 -0.8885
vn -0.1876 0.2739 -0.9433
vn -0.1942 0.9723 0.1298
vn -0.2538 -0.7485 0.6127
vn -0.0894 0.9723 -0.2158
vn -0.1298 0.9723 -0.1942
vn 0.1652 0.9723 -0.1652
vn 0.1298 0.9723 -0.1942
vn -0.1198 -0.7893 0.6022
vn -0.2350 -0.7893 0.5673
vn 0.1652 0.9723 0.1652
vn 0.1198 -0.7893 0.6022
vn -0.0000 -0.7893 0.6140
vn -0.0456 0.9723 -0.2291
vn 0.1942 0.9723 -0.1298
vn 0.0894 0.9723 0.2158
vn 0.1298 0.9723 0.1942
vn 0.3411 -0.7893 0.5106
vn 0.2350 -0.7893 0.5673
vn -0.2291 0.9723 0.0456
vn -0.2158 0.9723 0.0894
vn -0.1389 0.7025 -0.6981
vn 0.4342 -0.7893 0.4342
vn 0.0456 0.9723 0.2291
vn 0.5106 -0.7893 0.3411
vn -0.2336 0.9723 -0.0000
vn 0.5673 -0.7893 0.2350
vn 0.6140 -0.7893 -0.0000
vn 0.6022 -0.7893 0.1198
vn 0.2291 0.9723 -0.0456
vn 0.2158 0.9723 -0.0894
vn 0.1389 0.7025 0.6981
vn 0.6631 -0.7485 -0.0000
vn 0.6022 -0.7893 -0.1198
vn -0.7117 0.7024 -0.0000
vn 0.5673 -0.7893 -0.2350
vn -0.0000 -0.7893 -0.6140
vn -0.1941 -0.1012 -0.9757
vn -0.0000 -0.1012 -0.9949
vn -0.3807 -0.1012 -0.9191
vn -0.5527 -0.1012 -0.8272
vn -0.7035 -0.1012 -0.7035
vn -0.8272 -0.1012 -0.5527
vn -0.9191 -0.1012 -0.3807
vn -0.9757 -0.1012 -0.1941
vn -0.9949 -0.1012 -0.0000
vn -0.9757 -0.1012 0.1941
vn -0.9191 -0.1012 0.3807
vn -0.8272 -0.1012 0.5527
vn -0.7035 -0.1012 0.7035
vn -0.5527 -0.1012 0.8272
vn -0.3807 -0.1012 0.9191
vn -0.1941 -0.1012 0.9757
vn -0.0000 -0.1012 0.9949
vn 0.1941 -0.1012 0.9757
vn 0.3807 -0.1012 0.9191
vn 0.5527 -0.1012 0.8272
vn 0.7035 -0.1012 0.7035
vn 0.8272 -0.1012 0.5527
vn 0.9191 -0.1012 0.3807
vn 0.9757 -0.1012 0.1941
vn 0.9949 -0.1012 -0.0000
vn 0.9757 -0.1012 -0.1941
vn 0.9191 -0.1012 -0.3807
vn 0.8272 -0.1012 -0.5527
vn 0.7035 -0.1012 -0.7035
vn 0.5527 -0.1012 -0.8272
vn 0.3807 -0.1012 -0.9191
vn 0.1941 -0.1012 -0.9757
vn -0.8317 0.5297 0.1665
vn -0.0647 0.9979 -0.0062
vn -0.6135 0.6892 -0.3855
vn -0.4867 0.5481 -0.6802
vn -0.0763 0.9968 0.0219
vn -0.0713 0.9974 0.0117
vn 0.0756 0.9966 0.0332
vn 0.0764 0.9968 0.0219
vn 0.0713 0.9974 0.0117
vn -0.0756 0.9963 0.0409
vn -0.7130 0.5110 0.4801
vn -0.7132 0.5417 -0.4449
vn 0.9117 0.1568 -0.3798
vn 0.7817 -0.4966 -0.3773
vn 0.9118 0.1538 -0.3808
vn -0.0755 0.9966 0.0332
vn -0.7253 0.6782 -0.1183
vn 0.0756 0.9963 0.0409
vn 0.0713 0.9955 0.0624
vn 0.0684 0.9976 0.0046
vn 0.6134 0.6892 -0.3856
vn 0.0647 0.9979 -0.0062
vn 0.0764 0.9957 0.0522
vn -0.0683 0.9952 0.0695
vn -0.6991 0.6619 0.2705
vn -0.6722 0.6592 0.3370
vn 0.7263 0.6769 -0.1201
vn 0.0684 0.9952 0.0695
vn 0.5515 0.6495 0.5235
vn 0.0647 0.9947 0.0803
vn 0.0562 0.9946 0.0877
vn 0.9958 0.0890 0.0233
vn 0.0134 0.2096 -0.9777
vn 0.8614 -0.2986 -0.4108
vn 0.1492 0.6204 0.7700
vn 0.0038 0.9936 0.1126
vn -0.4796 0.4884 0.7290
vn 0.0325 0.9939 0.1054
vn 0.0507 0.9944 0.0931
vn 0.0254 0.9938 0.1083
vn -0.4483 -0.2497 0.8583
vn 0.5832 0.8069 -0.0933
vn -0.6646 0.7471 0.0104
vn 0.1442 0.6975 -0.7019
vn 0.0254 0.9991 -0.0342
vn 0.6921 0.5526 -0.4643
vn 0.0433 0.9939 0.1018
vn 0.8247 -0.5531 0.1183
vn 0.9250 0.3451 -0.1590
vn 0.9692 0.2296 -0.0896
vn -0.3882 0.8666 -0.3134
vn 0.9203 0.3488 -0.1769
vn 0.9068 0.3899 -0.1602
vn -0.4213 0.6270 0.6552
vn -0.4510 0.6302 0.6320
vn -0.2014 0.3351 0.9204
vn -0.4474 0.8196 -0.3579
vn -0.3514 0.8954 -0.2736
vn -0.3575 0.8550 -0.3757
vn 0.7723 -0.6352 -0.0016
vn 0.7211 -0.6727 0.1661
vn 0.7112 -0.7018 0.0411
vn -0.7373 -0.0881 0.6698
vn -0.6427 -0.1001 0.7595
vn -0.1493 0.6199 0.7703
vn -0.0254 0.9938 0.1083
vn -0.7093 0.5013 0.4956
vn 0.6433 -0.6464 0.4103
vn -0.1911 -0.5287 0.8270
vn -0.1912 -0.8280 0.5271
vn -0.5023 0.6263 0.5963
vn -0.4996 0.6458 0.5773
vn -0.5560 0.6456 0.5235
vn 0.6269 -0.7579 0.1805
vn -0.1961 -0.9796 0.0428
vn 0.6768 -0.7355 0.0324
vn 0.5638 0.0892 -0.8211
vn -0.6959 0.6354 -0.3345
vn 0.6959 0.6354 -0.3345
vn -0.0038 0.9993 -0.0385
vn -0.1442 0.6975 -0.7019
vn -0.0152 0.9991 -0.0393
vn -0.4605 0.5542 -0.6934
vn 0.0038 0.9993 -0.0385
vn -0.9280 -0.3628 0.0847
vn -0.9303 -0.2899 0.2247
vn -0.9170 -0.3085 0.2527
vn 0.1924 -0.1276 0.9730
vn 0.1906 -0.8280 0.5274
vn 0.8889 -0.2520 0.3826
vn 0.1924 -0.5272 0.8277
vn -0.6438 -0.6460 0.4103
vn -0.6830 -0.4088 0.6053
vn -0.3304 0.8867 -0.3233
vn -0.4126 0.8720 -0.2635
vn 0.8674 -0.4860 0.1066
vn 0.8772 -0.4002 0.2653
vn 0.3090 -0.9263 0.2157
vn 0.3295 -0.8004 0.5007
vn 0.4131 -0.7714 0.4840
vn 0.9819 0.1677 -0.0875
vn 0.3824 0.8876 -0.2569
vn 0.4891 0.8274 -0.2761
vn -0.3131 -0.9211 0.2315
vn 0.7984 -0.5889 -0.1257
vn -0.4316 -0.8774 0.2097
vn 0.9398 -0.2816 0.1934
vn 0.9524 -0.2972 0.0684
vn 0.9572 0.2868 0.0394
vn 0.1765 0.4269 -0.8869
vn -0.1157 0.9920 -0.0496
vn -0.3295 -0.8005 0.5007
vn -0.3884 -0.5096 0.7678
vn -0.3656 0.8150 -0.4496
vn -0.3372 0.8207 -0.4612
vn -0.2519 -0.9571 -0.1431
vn -0.6804 0.0848 -0.7279
vn 0.1116 -0.8258 -0.5528
vn 0.5485 -0.8148 0.1876
vn -0.3053 -0.9253 0.2252
vn 0.3565 0.8101 -0.4654
vn -0.4728 0.6776 -0.5633
vn 0.3902 0.8244 -0.4100
vn 0.9139 -0.4022 -0.0550
vn 0.3337 0.8965 -0.2915
vn 0.3175 0.9026 -0.2908
vn 0.3490 -0.9371 0.0040
vn -0.1952 -0.9799 -0.0418
vn -0.8854 -0.4619 -0.0528
vn -0.9706 0.0252 -0.2394
vn 0.7156 -0.6853 -0.1351
vn 0.4225 -0.8068 0.4129
vn -0.8796 0.4055 -0.2488
vn 0.3150 0.3476 -0.8831
vn -0.6825 -0.2074 -0.7008
vn -0.9955 -0.0351 -0.0880
vn -0.9961 -0.0165 -0.0863
vn -0.9954 0.0912 0.0305
vn -0.9988 0.0386 0.0313
vn -0.8614 -0.2986 -0.4108
vn 0.9133 0.3212 -0.2503
vn 0.9960 0.0824 -0.0354
vn 0.9952 -0.0354 -0.0915
vn 0.9967 -0.0213 -0.0780
vn -0.1067 -0.9928 -0.0544
vn -0.9213 0.3451 0.1789
vn -0.8059 -0.5864 -0.0818
vn 0.0043 -0.9965 0.0831
vn -0.3533 0.8889 -0.2917
vn 0.0436 0.9923 0.1159
vn -0.8435 -0.5004 0.1951
vn -0.9483 -0.1960 -0.2498
vn -0.9024 -0.2485 0.3520
vn -0.9843 -0.1025 -0.1436
vn 0.9261 -0.3278 -0.1865
vn 0.5544 -0.8301 -0.0597
vn 0.5566 -0.8307 -0.0150
vn 0.5513 -0.8206 -0.1507
vn 0.9899 -0.1133 -0.0855
vn 0.9713 0.0208 -0.2368
vn -0.3376 -0.9393 0.0604
vn 0.5470 -0.8344 -0.0673
vn -0.2513 -0.9600 0.1233
vn -0.2897 -0.9569 0.0217
vn 0.8128 -0.5716 -0.1122
vn -0.8564 -0.5097 -0.0822
vn -0.9499 0.2825 -0.1334
vn -0.9634 0.1811 0.1979
vn 0.2935 -0.9531 0.0734
vn -0.3240 -0.0317 -0.9455
vn -0.1188 -0.9339 -0.3371
vn -0.5470 -0.8344 -0.0673
vn -0.1743 0.5858 -0.7915
vn -0.0130 0.2097 -0.9777
vn 0.9203 0.3619 -0.1489
vn -0.1755 -0.9844 -0.0132
vn 0.9606 -0.2759 0.0323
vn -0.9084 -0.4132 0.0637
vn 0.2866 -0.2876 -0.9139
vn 0.5859 -0.7950 0.1568
vn 0.8982 -0.4327 -0.0771
vn 0.1954 -0.9795 0.0486
vn 0.1919 -0.9807 -0.0380
vn -0.5304 -0.8351 0.1457
vn -0.1919 -0.9807 -0.0380
vn -0.0000 1.0000 -0.0000
vn 0.2136 0.9581 -0.1911
vn 0.2799 0.9561 -0.0866
vn 0.6466 -0.7628 -0.0092
vn -0.5124 -0.0326 -0.8581
vn -0.6596 0.3443 -0.6681
vn 0.4493 0.6317 0.6318
vn 0.4216 0.6286 0.6535
vn 0.2019 0.3346 0.9205
vn -0.4094 -0.7743 0.4827
vn -0.3662 0.8851 -0.2874
vn 0.7072 0.5135 0.4859
vn 0.7118 0.5437 -0.4447
vn -0.7797 -0.6219 -0.0733
vn -0.4515 0.3553 0.8185
vn -0.6802 0.6427 -0.3525
vn -0.9770 -0.1873 -0.1023
vn -0.7074 0.6731 -0.2155
vn -0.6675 -0.7056 -0.2380
vn -0.0323 -0.9982 0.0498
vn -0.3450 -0.9228 -0.1717
vn 0.3183 0.8780 -0.3575
vn -0.5975 -0.6999 0.3913
vn 0.6439 -0.5002 0.5790
vn 0.5355 -0.8405 -0.0823
vn 0.3032 -0.3971 0.8662
vn 0.0303 0.2280 -0.9732
vn 0.0985 -0.9814 0.1650
vn -0.0437 -0.9961 -0.0762
vn 0.8250 -0.5498 -0.1307
vn 0.8199 -0.5483 -0.1649
vn 0.9759 -0.1586 0.1496
vn 0.8288 0.3559 -0.4318
vn 0.9755 -0.0601 0.2116
vn 0.8913 0.1767 -0.4175
vn 0.2925 0.7940 -0.5330
vn 0.2539 0.8075 -0.5324
vn -0.5465 -0.7009 0.4582
vn -0.5582 -0.8110 -0.1753
vn -0.9919 -0.0884 0.0915
vn -0.9205 0.2780 -0.2746
vn -0.9397 0.3281 0.0969
vn -0.2403 0.1973 -0.9504
vn -0.9773 0.1353 -0.1633
vn -0.7088 -0.0321 0.7047
vn -0.9484 -0.0286 -0.3157
vn -0.7582 0.5710 -0.3148
vn -0.8496 -0.5199 -0.0888
vn -0.9495 0.1756 -0.2599
vn -0.7374 -0.6731 0.0565
vn -0.5613 -0.7900 -0.2465
vn 0.4144 -0.6975 -0.5846
vn 0.9907 -0.1358 0.0118
vn 0.9989 0.0460 0.0028
vn 0.9919 -0.0882 0.0913
vn -0.3597 -0.9219 -0.1441
vn 0.8027 0.5401 -0.2527
vn 0.9502 0.2164 -0.2243
vn 0.0147 0.9548 -0.2969
vn -0.9224 0.3316 -0.1978
vn -0.0909 -0.9428 0.3206
vn -0.5750 0.2857 -0.7667
vn -0.0818 -0.7436 -0.6636
vn -0.4727 -0.8779 -0.0761
vn -0.7718 0.5815 0.2573
vn -0.9667 0.2243 -0.1230
vn -0.3938 -0.8837 0.2530
vn -0.1230 -0.9899 0.0701
vn -0.8972 0.4298 -0.1015
vn 0.9136 0.3633 -0.1826
vn 0.3779 -0.8989 0.2218
vn 0.3836 -0.7759 0.5008
vn -0.5502 -0.8125 0.1927
vn -0.5585 -0.8293 0.0161
vn -0.9691 0.2291 -0.0914
vn -0.9989 0.0458 0.0031
vn -0.0537 -0.9617 0.2688
vn 0.0166 -0.8453 0.5341
vn 0.5622 0.7338 -0.3814
vn 0.9355 0.0178 0.3530
vn 0.6722 0.6592 0.3370
vn 0.9375 0.1435 0.3169
vn 0.8220 -0.4656 0.3280
vn 0.0276 -0.8460 0.5325
vn -0.0166 -0.8453 0.5341
vn 0.0634 -0.9690 0.2387
vn 0.0537 -0.9617 0.2688
vn 0.2712 -0.9618 -0.0373
vn 0.7042 -0.7049 0.0854
vn 0.8551 -0.3567 -0.3763
vn 0.7866 -0.5438 0.2926
vn 0.7754 -0.1369 -0.6165
vn 0.3931 -0.8965 0.2043
vn 0.3861 -0.9223 0.0191
vn 0.9160 0.3670 -0.1621
vn 0.8452 0.4392 -0.3046
vn 0.5459 -0.7026 0.4564
vn 0.5576 -0.8113 -0.1758
vn 0.2931 -0.7978 0.5269
vn -0.7309 0.5606 -0.3892
vn -0.0941 0.9303 -0.3545
vn -0.7211 0.4672 -0.5116
vn 0.1584 0.7965 -0.5835
vn 0.8700 0.3996 -0.2888
vn 0.8606 0.3237 -0.3932
vn -0.1708 0.4831 0.8588
vn 0.6474 -0.7616 -0.0293
vn -0.1948 -0.9752 -0.1049
vn -0.7364 -0.6731 -0.0684
vn 0.8785 -0.0429 0.4758
vn 0.7118 0.5001 0.4933
vn -0.0507 0.9944 0.0932
vn 0.0152 0.9991 -0.0393
vn -0.0038 0.9936 0.1126
vn -0.0325 0.9939 0.1054
vn -0.0152 0.9934 0.1134
vn -0.0433 0.9939 0.1018
vn 0.5049 0.6393 0.5799
vn -0.0562 0.9946 0.0878
vn -0.0713 0.9955 0.0624
vn -0.0254 0.9991 -0.0342
vn 0.4812 0.5509 -0.6819
vn 0.8299 0.5311 0.1710
vn 0.5029 0.6318 0.5898
vn 0.0562 0.9983 -0.0137
vn 0.1765 0.5526 -0.8145
vn -0.6245 -0.7804 0.0311
vn 0.1966 -0.9796 0.0419
vn 0.1946 -0.9800 -0.0421
vn -0.0647 0.9947 0.0803
vn 0.6942 -0.3454 0.6315
vn 0.5853 0.0402 -0.8098
vn 0.6657 -0.7445 0.0500
vn -0.9238 -0.1809 -0.3374
vn -0.9568 -0.1912 -0.2191
vn 0.6924 0.6662 0.2770
vn 0.9743 0.0504 0.2198
vn 0.7317 0.6603 0.1693
vn 0.0433 0.9987 -0.0277
vn 0.8226 0.5442 -0.1649
vn 0.4101 0.6957 -0.5898
vn -0.8268 -0.5484 0.1252
vn -0.0275 -0.8453 0.5336
vn -0.8220 -0.4657 0.3279
vn 0.7370 -0.5704 0.3626
vn -0.3468 0.1396 -0.9275
vn -0.9208 -0.1392 0.3643
vn -0.8294 -0.5330 -0.1673
vn -0.7645 -0.0805 -0.6395
vn 0.3656 0.8150 -0.4496
vn 0.2931 0.1871 -0.9376
vn 0.9806 0.1702 -0.0969
vn 0.6975 -0.5886 0.4088
vn 0.9826 0.1803 -0.0449
vn 0.4079 0.8044 -0.4319
vn -0.4301 0.6896 -0.5827
vn -0.9866 -0.1257 0.1042
vn 0.4453 0.1917 -0.8746
vn 0.9771 0.1353 -0.1641
vn 0.7046 -0.0279 0.7091
vn -0.8018 0.5425 -0.2505
vn -0.8345 0.5133 -0.2005
vn -0.8250 -0.5498 -0.1307
vn -0.8199 -0.5483 -0.1649
vn 0.3190 0.1607 -0.9340
vn 0.9206 -0.1462 0.3621
vn 0.5538 0.5114 -0.6571
vn -0.9741 -0.0683 0.2155
vn -0.3849 -0.7734 0.5037
vn -0.7793 -0.5523 0.2962
vn 0.9170 -0.3087 0.2528
vn 0.8133 -0.5567 -0.1693
vn 0.9302 -0.2900 0.2248
vn 0.8338 0.5147 -0.1995
vn 0.9263 -0.3677 0.0829
vn 0.1546 0.7757 -0.6119
vn 0.9205 0.2339 -0.3129
vn 0.8558 0.2322 -0.4623
vn -0.2152 0.4339 -0.8749
vn 0.3199 0.8675 -0.3810
vn 0.1975 -0.5518 -0.8102
vn 0.0886 0.9406 -0.3277
vn 0.8339 0.4947 -0.2448
vn -0.9782 -0.1917 -0.0803
vn -0.0130 0.9518 -0.3064
vn 0.0307 0.9613 -0.2738
vn -0.5510 -0.8204 -0.1527
vn -0.5544 -0.8301 -0.0597
vn -0.0587 -0.9689 0.2404
vn -0.8271 -0.3837 0.4108
vn 0.9348 0.1847 -0.3033
vn 0.9653 0.1885 -0.1807
vn 0.6239 0.6416 0.4462
vn -0.0260 0.9978 -0.0617
vn -0.7973 0.0943 -0.5961
vn 0.8007 0.4379 -0.4089
vn -0.8986 -0.0458 -0.4363
vn -0.3783 0.8355 -0.3985
vn -0.9954 -0.0049 -0.0960
vn 0.0442 0.8404 -0.5401
vn -0.2517 -0.7418 -0.6216
vn -0.6981 -0.3134 -0.6438
vn -0.8658 -0.5001 0.0169
vn -0.7452 0.6409 -0.1842
vn -0.4446 -0.4631 -0.7668
vn 0.6105 0.6397 -0.4669
vn 0.9376 -0.2860 -0.1978
vn -0.0128 0.9024 0.4307
vn -0.7983 -0.5889 -0.1258
vn -0.8762 -0.3992 0.2701
vn -0.8870 -0.2553 0.3847
vn 0.0286 0.8570 -0.5145
vn -0.3186 0.6741 -0.6663
vn -0.7388 0.4168 -0.5295
vn 0.2692 -0.1736 -0.9473
vn -0.8947 0.2290 -0.3835
vn -0.3796 -0.7892 -0.4828
vn -0.9774 0.0843 -0.1941
vn -0.8898 0.2283 -0.3952
vn -0.4429 0.8824 -0.1585
vn -0.0896 0.8389 -0.5368
vn 0.7203 0.4720 -0.5084
vn 0.7133 0.4760 -0.5145
vn 0.7146 0.4764 -0.5122
vn 0.9336 -0.3267 -0.1470
vn 0.9416 -0.2950 -0.1622
vn 0.7820 0.4080 -0.4712
vn 0.8851 0.1780 -0.4301
vn -0.5566 -0.8307 -0.0150
vn -0.9178 -0.3905 -0.0711
vn -0.9129 -0.4068 0.0327
vn -0.9589 -0.2825 -0.0258
vn -0.9791 -0.1408 0.1465
vn -0.0128 -0.5941 0.8043
vn -0.7948 0.4002 -0.4563
vn -0.7948 0.5188 -0.3147
vn -0.7559 -0.6371 0.1506
vn 0.7017 -0.7118 0.0311
vn -0.7039 -0.7095 0.0337
vn 0.2502 0.1855 -0.9503
vn -0.0628 0.2153 -0.9745
vn -0.3092 0.8627 -0.4003
vn -0.2950 0.9548 0.0357
vn 0.3764 0.4489 0.8105
vn -0.3376 0.8837 -0.3242
vn -0.4027 0.7269 -0.5563
vn 0.8188 0.4668 -0.3342
vn 0.8412 0.3755 -0.3891
vn 0.8858 0.3717 -0.2778
vn -0.8490 0.4259 0.3127
vn 0.2189 0.9739 0.0608
vn 0.6132 0.7896 -0.0236
vn 0.1417 -0.8972 0.4183
vn 0.1855 -0.5067 0.8419
vn 0.9859 0.1316 0.1034
vn 0.1790 0.8652 -0.4685
vn -0.2055 0.9786 0.0052
vn -0.9199 0.3921 -0.0000
vn 0.6075 0.7549 -0.2472
vn 0.2100 0.9630 -0.1691
vn 0.7046 -0.7073 0.0578
vn 0.6797 -0.7323 0.0409
vn -0.7055 -0.7078 0.0364
vn -0.6654 -0.7449 0.0483
vn -0.8309 0.3520 -0.4309
vn -0.6884 -0.3438 0.6386
vn -0.9481 -0.2869 -0.1373
vn -0.3080 -0.1607 -0.9377
vn 0.1291 0.5331 0.8362
vn -0.4271 0.9012 -0.0741
vn 0.7435 -0.6670 0.0478
vn 0.8662 -0.4972 0.0503
vn 0.5059 -0.8454 -0.1712
vn 0.7575 0.6526 0.0163
vn -0.8637 0.0304 -0.5031
vn -0.4247 0.7989 -0.4258
vn -0.3849 -0.9200 -0.0740
vn 0.1143 -0.8055 -0.5814
vn -0.6714 -0.7331 0.1085
vn 0.3049 -0.7196 -0.6239
vn -0.0910 0.4562 0.8852
vn -0.1366 -0.7008 0.7001
vn 0.0323 0.4949 -0.8683
vn 0.9264 -0.3633 -0.0992
vn -0.3640 -0.8615 -0.3541
vn -0.8416 -0.5345 -0.0772
vn -0.8201 0.5720 -0.0134
vn 0.0089 0.4265 0.9044
vn 0.0838 0.9806 0.1770
vn -0.9396 0.2622 -0.2200
vn 0.8182 -0.5619 -0.1219
vn -0.8012 -0.5529 0.2288
vn -0.8182 -0.5619 -0.1219
vn 0.3705 0.9275 -0.0502
vn -0.9240 0.2186 -0.3136
vn -0.2799 0.8201 -0.4991
vn -0.8844 0.1705 -0.4344
vn -0.1742 -0.9635 0.2032
vn -0.4546 -0.8834 0.1138
vn 0.8267 0.3753 -0.4191
vn 0.8101 -0.5376 -0.2339
vn -0.5336 -0.6902 -0.4888
vn -0.4052 -0.9073 -0.1123
vn -0.7976 0.1838 0.5745
vn -0.0874 -0.9813 0.1715
vn 0.4954 -0.8662 0.0649
vn 0.9365 -0.2577 -0.2379
vn 0.9387 -0.1769 -0.2960
vn -0.9374 -0.1870 -0.2939
vn 0.7427 0.5540 -0.3761
vn 0.9249 -0.1811 -0.3342
vn -0.6443 0.4479 -0.6199
vn -0.5638 0.0891 -0.8211
vn -0.0162 0.8733 -0.4870
vn -0.1211 0.9512 -0.2837
vn -0.6973 0.7126 -0.0769
vn -0.5948 0.6503 -0.4726
vn 0.5588 -0.3017 -0.7724
vn 0.1596 0.4919 -0.8559
vn -0.2247 -0.6161 -0.7550
vn 0.6951 0.6268 -0.3521
vn 0.8727 -0.4668 -0.1434
vn -0.7602 -0.6478 -0.0501
vn 0.3461 -0.8832 -0.3166
vn 0.8165 -0.4965 0.2946
vn 0.9035 0.3489 -0.2490
vn 0.2412 0.1102 -0.9642
vn 0.4499 -0.8482 0.2797
vn -0.9260 -0.1084 -0.3616
vn 0.9498 0.1679 0.2638
vn -0.3881 -0.8640 0.3208
vn 0.6500 0.6748 -0.3495
vn -0.7888 -0.6119 -0.0583
vn -0.8115 0.0984 -0.5760
vn 0.6501 0.7239 -0.2309
vn 0.7056 0.6747 -0.2168
vn 0.6929 0.6937 -0.1966
vn 0.9700 0.0745 -0.2316
vn 0.4938 0.7913 -0.3605
vn 0.5895 0.5945 -0.5469
vn -0.7662 -0.5412 0.3464
vn -0.1701 0.3717 -0.9126
vn -0.4303 -0.6792 -0.5946
vn 0.1416 0.7046 -0.6953
vn -0.7192 0.6907 0.0759
vn 0.0413 -0.9674 -0.2500
vn -0.9454 0.3095 -0.1022
vn -0.7556 0.5897 0.2851
vn -0.9207 0.3866 -0.0539
vn -0.7693 -0.6389 0.0020
vn 0.9521 0.1669 0.2561
vn -0.0952 0.8453 -0.5257
vn 0.0958 0.8451 -0.5260
vn -0.4314 0.8031 -0.4109
vn -0.8935 0.3904 -0.2219
vn 0.7239 -0.6701 0.1639
vn 0.7905 0.5825 -0.1895
vn 0.9777 -0.2085 0.0251
vn 0.4572 -0.8882 0.0460
vn 0.4815 -0.8763 -0.0150
vn 0.4154 -0.8821 0.2222
vn -0.8561 0.5081 0.0941
vn 0.3960 -0.7646 0.5085
vn 0.7611 0.0590 -0.6459
vn 0.2316 -0.9536 0.1922
vn -0.0647 -0.7612 -0.6453
vn 0.9601 0.2576 -0.1085
vn 0.9544 -0.2612 -0.1444
vn 0.4479 0.7032 -0.5521
vn -0.2040 0.8061 -0.5556
vn -0.3852 0.8037 -0.4535
vn 0.7853 0.5224 -0.3323
vn 0.8228 -0.5506 -0.1408
vn -0.8569 -0.4653 -0.2218
vn -0.7146 0.4764 -0.5122
vn 0.9582 -0.2684 -0.0987
vn 0.5125 0.1495 0.8456
vn -0.0222 0.8147 -0.5795
vn 0.0863 0.9583 0.2724
vn -0.9818 0.1645 -0.0951
vn -0.6974 -0.5886 0.4088
vn 0.7262 -0.5756 0.3759
vn 0.9766 -0.1873 -0.1057
vn -0.3314 -0.9409 0.0692
vn 0.5536 -0.8292 -0.0772
vn 0.5589 -0.8291 0.0139
vn 0.9408 -0.3300 0.0780
vn 0.3874 0.8067 -0.4462
vn 0.9544 0.1718 -0.2443
vn -0.0752 0.8027 -0.5917
vn -0.9321 0.2536 -0.2585
vn -0.3741 0.8818 -0.2871
vn -0.8341 -0.5505 -0.0348
vn 0.8039 -0.3440 -0.4851
vn 0.9147 -0.2917 -0.2798
vn 0.1550 0.7787 -0.6080
vn -0.6662 0.5876 -0.4592
vn -0.6904 0.5723 -0.4425
vn -0.9085 -0.4174 -0.0179
vn -0.8512 -0.4465 0.2759
vn -0.9276 -0.2994 -0.2235
vn -0.6169 -0.4703 -0.6311
vn -0.8553 -0.5094 -0.0951
vn -0.9210 -0.3879 -0.0370
vn -0.4900 0.8265 -0.2773
vn -0.3326 0.8966 -0.2924
vn -0.7804 0.6111 -0.1323
vn -0.5271 0.8219 0.2159
vn -0.4063 0.7994 -0.4427
vn 0.7072 0.5802 -0.4040
vn 0.6662 0.5876 -0.4592
vn 0.6904 0.5723 -0.4425
vn 0.0808 0.4992 -0.8627
vn 0.3794 -0.9230 -0.0642
vn 0.9495 0.1756 -0.2599
vn 0.8957 0.1777 -0.4076
vn -0.9957 0.0456 0.0801
vn -0.1222 0.6082 -0.7843
vn -0.5108 0.3852 0.7685
vn -0.2945 -0.9488 0.1143
vn 0.6485 -0.0106 -0.7611
vn -0.9502 -0.3050 -0.0643
vn -0.9203 0.3605 -0.1518
vn -0.9186 0.3595 -0.1641
vn -0.9064 0.3896 -0.1633
vn -0.3065 -0.9489 0.0753
vn -0.4162 -0.8820 0.2212
vn 0.2322 0.9584 0.1662
vn -0.7641 -0.3153 -0.5628
vn 0.5555 -0.8301 0.0476
vn 0.9292 0.1752 -0.3254
vn -0.9163 -0.3928 0.0777
vn 0.3016 0.9534 0.0111
vn -0.3958 0.9183 0.0095
vn 0.2568 0.1990 -0.9458
vn -0.5710 0.5245 -0.6316
vn -0.9977 0.0416 0.0527
vn 0.2291 -0.8812 -0.4134
vn -0.8193 0.5731 0.0193
vn -0.2782 0.9196 -0.2775
vn 0.1734 0.4800 0.8600
vn 0.8539 -0.4367 0.2831
vn -0.5801 -0.8121 -0.0627
vn -0.2860 -0.4840 -0.8270
vn -0.9421 -0.3353 -0.0078
vn 0.5487 -0.8349 0.0441
vn 0.5338 -0.8448 0.0382
vn -0.1178 0.2497 -0.9611
vn -0.0867 -0.7830 -0.6159
vn 0.3551 -0.8684 -0.3461
vn 0.8424 0.5069 -0.1825
vn 0.7150 0.3380 -0.6120
vn 0.8480 -0.3713 0.3783
vn 0.5505 0.2962 -0.7805
vn -0.1561 -0.9785 0.1349
vn 0.4014 -0.6916 -0.6005
vn 0.6689 0.1336 -0.7313
vn 0.3229 0.8645 -0.3853
vn 0.3047 0.9524 0.0035
vn 0.6005 -0.7872 -0.1405
vn -0.2718 -0.9617 -0.0368
vn -0.9875 0.0802 -0.1356
vn -0.5284 0.7907 -0.3091
vn 0.9100 0.3235 -0.2594
vn 0.4635 0.7719 -0.4352
vn 0.8858 0.4181 -0.2015
vn -0.9821 0.1694 -0.0820
vn -0.9633 0.1966 -0.1829
vn 0.3894 0.8666 -0.3120
vn 0.1387 0.9157 -0.3771
vn -0.8232 -0.5504 -0.1392
vn -0.8095 -0.5373 -0.2368
vn -0.8682 -0.3549 -0.3469
vn -0.9903 -0.1383 0.0150
vn -0.1613 0.9150 -0.3699
vn 0.5039 0.7528 -0.4235
vn -0.5540 -0.8290 -0.0762
vn 0.3027 0.8740 -0.3802
vn -0.1582 0.7962 -0.5839
vn -0.8385 0.3342 -0.4304
vn -0.9417 -0.2757 0.1927
vn 0.1184 0.5017 -0.8569
vn -0.8675 -0.4861 0.1053
vn 0.6584 0.6936 -0.2925
vn 0.1835 0.9115 -0.3681
vn 0.0378 0.9474 -0.3179
vn 0.1840 0.9266 -0.3279
vn -0.6640 0.6608 -0.3498
vn -0.6619 0.7073 -0.2484
vn -0.6441 -0.7642 -0.0344
vn 0.5124 -0.0326 -0.8581
vn 0.6440 -0.7642 -0.0346
vn 0.6922 0.6750 -0.2554
vn -0.6914 0.6749 -0.2578
vn -0.6021 -0.7932 0.0912
vn -0.6274 -0.7578 0.1792
vn -0.7370 -0.5704 0.3626
vn 0.8327 -0.5521 -0.0416
vn -0.1933 -0.9545 0.2271
vn 0.1939 -0.9551 0.2241
vn -0.8324 0.3233 -0.4502
vn 0.3901 0.9197 -0.0432
vn -0.8533 0.5153 -0.0800
vn -0.1749 0.8765 -0.4484
vn 0.6512 0.6137 -0.4465
vn 0.7560 -0.6219 -0.2042
vn 0.5635 0.6441 0.5174
vn -0.2602 0.5487 -0.7945
vn 0.5666 0.5265 -0.6338
vn -0.9039 -0.3997 0.1520
vn -0.9964 0.0787 -0.0325
vn 0.2789 -0.8778 0.3894
vn -0.8147 0.3164 -0.4860
vn -0.0209 -0.9974 0.0690
vn -0.4392 0.2383 -0.8662
vn 0.3171 -0.4986 -0.8067
vn 0.3159 -0.9482 -0.0318
vn 0.9875 0.0788 -0.1364
vn 0.5276 0.7955 -0.2981
vn -0.7245 -0.5649 0.3950
vn -0.7205 -0.6731 0.1669
vn -0.7205 -0.6737 0.1645
vn 0.7612 0.5396 -0.3597
vn 0.9539 -0.2923 -0.0679
vn 0.9761 -0.0708 -0.2055
vn -0.9447 -0.2722 -0.1829
vn 0.2269 0.8102 -0.5405
vn 0.3977 -0.9175 -0.0039
vn 0.7980 -0.2318 -0.5562
vn 0.1894 -0.9723 0.1373
vn 0.5861 -0.7749 -0.2367
vn 0.2453 0.1264 0.9612
vn -0.9085 -0.2524 0.3332
vn -0.5771 -0.7116 0.4007
vn -0.5057 -0.6039 -0.6161
vn -0.4809 0.8764 -0.0262
vn -0.6164 0.7870 0.0268
vn -0.7577 -0.6118 -0.2273
vn -0.4694 -0.4161 -0.7788
vn 0.7420 -0.6678 0.0591
vn -0.8911 -0.4529 -0.0299
vn 0.9235 -0.3686 -0.1064
vn 0.1950 -0.9808 -0.0017
vn 0.1950 -0.9752 -0.1042
vn 0.8502 -0.4987 -0.1688
vn -0.5428 -0.8389 0.0398
vn 0.6414 -0.7672 -0.0021
vn -0.6583 -0.7508 0.0551
vn -0.5923 -0.8057 -0.0085
vn -0.8037 -0.5950 0.0116
vn 0.6790 -0.7335 0.0289
vn 0.2442 -0.8827 -0.4014
vn -0.6752 -0.7368 0.0349
vn -0.7072 0.5803 -0.4039
vn 0.9560 0.2772 0.0959
vn -0.1116 -0.8589 -0.4999
vn -0.6808 -0.7303 0.0556
vn 0.9088 -0.4165 -0.0235
vn 0.6843 -0.6925 -0.2285
vn -0.9995 -0.0066 -0.0305
vn -0.9978 0.0463 -0.0484
vn 0.7260 -0.6846 -0.0652
vn 0.9314 -0.2318 0.2806
vn -0.1950 -0.9808 -0.0017
vn -0.7177 -0.6963 0.0087
vn 0.1547 0.7078 -0.6893
vn -0.9219 -0.1947 0.3349
vn -0.5751 -0.7958 -0.1898
vn -0.6499 -0.7595 -0.0287
vn 0.7203 -0.6937 0.0064
vn -0.5492 0.0298 -0.8352
vn 0.6440 0.7459 -0.1700
vn 0.4645 0.0855 -0.8814
vn 0.7564 -0.6362 0.1522
vn 0.4796 0.4884 0.7290
vn -0.1935 -0.1260 0.9730
vn 0.6427 -0.1005 0.7595
vn 0.9984 0.0373 -0.0432
vn 0.0158 0.8731 -0.4873
vn -0.0320 0.9456 -0.3239
vn 0.7542 -0.0380 0.6555
vn 0.3881 0.8651 -0.3176
vn -0.2373 0.8027 -0.5472
vn -0.1954 -0.9795 0.0486
vn 0.5947 -0.7581 -0.2676
vn -0.6141 -0.6874 0.3878
vn -0.8926 -0.4385 -0.1044
vn 0.5809 -0.8105 0.0759
vn 0.7132 -0.6689 0.2096
vn 0.6234 -0.5499 0.5559
vn -0.4410 -0.8283 0.3455
vn -0.4558 -0.8059 -0.3780
vn 0.9071 -0.3398 0.2483
vn -0.4130 -0.9041 0.1094
vn 0.6881 0.6787 -0.2567
vn 0.6828 0.6466 -0.3402
vn -0.1304 -0.9589 0.2520
vn -0.7264 0.6849 -0.0565
vn 0.7112 -0.5035 -0.4905
vn 0.9563 -0.1912 -0.2211
vn -0.7133 0.4760 -0.5145
vn 0.3694 -0.5546 -0.7456
vn 0.1046 -0.9931 -0.0526
vn 0.9599 0.0391 0.2776
vn 0.8760 0.2428 -0.4168
vn -0.6092 -0.7661 0.2048
vn 0.5085 -0.3045 -0.8054
vn 0.2115 -0.9592 -0.1875
vn 0.8381 0.3774 -0.3940
vn 0.6767 -0.2362 0.6973
vn -0.5952 0.6618 -0.4558
vn 0.2778 0.8552 -0.4376
vn 0.9742 -0.1539 -0.1651
vn 0.5401 0.6363 -0.5508
vn -0.0551 0.8699 -0.4902
vn 0.2480 0.5821 -0.7744
vn 0.0695 -0.9948 0.0744
vn -0.0032 -0.9957 0.0926
vn -0.5745 -0.5595 -0.5974
vn -0.5259 0.8261 0.2025
vn -0.3930 -0.8966 0.2043
vn 0.7807 0.5511 -0.2947
vn -0.9136 0.3634 -0.1824
vn 0.3035 -0.9249 0.2291
vn 0.3366 -0.9392 0.0682
vn 0.8700 -0.4859 -0.0837
vn -0.3800 -0.9213 0.0822
vn 0.4324 -0.8767 0.2107
vn -0.9527 -0.2971 0.0637
vn 0.3828 -0.9215 0.0656
vn -0.9197 -0.3921 -0.0217
vn 0.1947 0.2042 -0.9594
vn 0.9161 -0.4008 -0.0101
vn -0.0908 0.9408 -0.3267
vn -0.9776 -0.2090 0.0230
vn 0.8599 -0.4788 -0.1769
vn 0.9642 -0.2318 0.1290
vn 0.5248 -0.4449 0.7257
vn 0.0233 -0.9713 0.2367
vn -0.0658 -0.9950 0.0754
vn -0.5290 -0.5102 -0.6781
vn -0.4300 -0.1784 -0.8850
vn -0.2470 -0.3200 0.9146
vn 0.9903 0.1337 0.0374
vn 0.9908 0.1343 -0.0180
vn 0.4975 0.4438 0.7454
vn 0.6022 -0.7932 0.0912
vn 0.9995 -0.0024 -0.0316
vn 0.9949 -0.0082 -0.1008
vn 0.3173 -0.1328 0.9390
vn -0.3914 -0.9168 0.0787
vn -0.3085 -0.8709 0.3826
vn -0.4401 -0.8957 0.0642
vn -0.9542 -0.2630 -0.1423
vn -0.9593 0.2573 -0.1160
vn 0.2506 0.8938 0.3719
vn 0.2766 0.3033 0.9119
vn 0.3303 0.8670 0.3732
vn 0.7747 0.2966 0.5585
vn 0.4971 0.7768 0.3866
vn -0.3938 -0.7767 0.4916
vn -0.1083 0.7508 -0.6516
vn 0.1808 0.7656 -0.6174
vn -0.9761 -0.1584 0.1485
vn 0.3074 -0.9151 0.2609
vn 0.6018 -0.7973 0.0467
vn -0.7977 0.5715 -0.1928
vn 0.9659 -0.0157 -0.2584
vn -0.2514 0.5204 -0.8161
vn 0.4143 -0.9026 -0.1171
vn -0.6570 0.7194 -0.2253
vn -0.7021 -0.7116 0.0275
vn -0.8280 0.5045 -0.2446
vn -0.0503 0.8697 -0.4910
vn 0.8151 0.4630 0.3482
vn -0.4667 0.8831 -0.0479
vn 0.2079 -0.9163 0.3424
vn -0.9790 0.0947 -0.1805
vn 0.3060 -0.6607 -0.6855
vn 0.5541 0.8250 -0.1107
vn 0.5379 -0.8428 0.0184
vn 0.4598 -0.8869 0.0448
vn 0.9462 -0.2909 -0.1420
vn -0.0332 0.8990 -0.4368
vn -0.7827 -0.1679 -0.5993
vn 0.9826 0.1849 0.0161
vn -0.4080 -0.9124 0.0323
vn 0.1049 0.7732 -0.6254
vn 0.8265 0.5630 -0.0000
vn -0.0000 0.9995 -0.0312
vn 0.2205 0.3003 -0.9280
vn 0.4314 0.9021 -0.0110
vn 0.2535 0.9617 0.1039
vn -0.0829 -0.1754 -0.9810
vn 0.1960 0.9164 -0.3491
vn 0.4320 0.8407 -0.3264
vn 0.3907 -0.0175 -0.9204
vn -0.5816 0.5406 -0.6079
vn -0.9591 0.2502 -0.1320
vn -0.1834 0.9264 -0.3287
vn 0.6644 0.7046 -0.2494
vn -0.8971 0.2899 -0.3333
vn -0.1835 0.9115 -0.3681
vn 0.3986 0.8780 -0.2651
vn 0.3289 0.8876 -0.3225
vn 0.6444 0.4463 -0.6209
vn -0.6116 0.7718 -0.1742
vn -0.3908 0.2716 -0.8795
vn -0.6577 0.6940 -0.2929
vn 0.4046 0.8978 0.1741
vn -0.7817 -0.0432 0.6221
vn -0.4657 0.8281 -0.3121
vn -0.6224 0.7743 -0.1145
vn -0.8307 -0.5461 -0.1081
vn -0.1027 0.6167 -0.7805
vn -0.0390 0.9605 -0.2756
vn 0.6998 0.6965 0.1586
vn 0.4369 -0.8940 -0.0994
vn 0.7831 0.5480 -0.2940
vn 0.4949 -0.2701 -0.8259
vn 0.0164 0.0575 -0.9982
vn 0.9615 -0.0945 -0.2580
vn -0.2610 0.3171 -0.9117
vn -0.5141 0.1182 -0.8496
vn -0.6891 0.6425 -0.3350
vn -0.3635 0.7157 -0.5964
vn -0.3889 0.3133 -0.8664
vn -0.1032 0.9433 -0.3154
vn -0.9944 -0.0937 -0.0496
vn -0.8235 0.5430 -0.1643
vn -0.5550 0.2149 -0.8036
vn -0.9921 0.1246 0.0168
vn -0.2886 -0.7995 0.5268
vn 0.3893 -0.5130 0.7650
vn -0.5975 0.3592 0.7169
vn 0.0401 0.7565 -0.6527
vn -0.8899 0.3828 -0.2482
vn 0.7948 0.5189 -0.3147
vn 0.9051 -0.4250 0.0108
vn 0.1985 0.8681 -0.4549
vn -0.6837 0.6451 -0.3413
vn 0.3252 0.7723 -0.5457
vn 0.7724 0.1511 -0.6169
vn 0.9671 -0.0019 -0.2544
vn 0.9507 0.0336 -0.3082
vn -0.9425 -0.3267 0.0695
vn -0.3734 0.8171 -0.4391
vn 0.7682 0.1700 -0.6172
vn -0.4639 0.7717 -0.4351
vn -0.9804 0.1894 -0.0538
vn -0.5526 0.5129 -0.6569
vn -0.6111 0.0142 -0.7914
vn -0.7807 0.5511 -0.2947
vn -0.7329 0.6586 0.1709
vn -0.7681 0.1703 -0.6172
vn -0.9746 0.0502 0.2184
vn -0.8959 0.2143 -0.3892
vn -0.9168 0.2047 -0.3428
vn -0.8968 0.2137 -0.3873
vn -0.9375 0.0186 0.3474
vn -0.9368 0.1367 0.3220
vn -0.6259 0.6430 0.4414
vn -0.5650 0.6398 0.5209
vn -0.4101 0.6957 -0.5898
vn 0.3561 0.1483 -0.9226
vn 0.7013 -0.1656 -0.6934
vn -0.6871 0.6930 -0.2184
vn -0.1319 0.0921 0.9870
vn -0.1550 0.7787 -0.6080
vn -0.8913 0.1767 -0.4175
vn -0.8957 0.1777 -0.4076
vn 0.9877 0.1563 -0.0094
vn 0.8074 0.5569 0.1950
vn 0.6480 0.6850 -0.3329
vn 0.8886 0.4406 -0.1280
vn -0.8399 0.3776 -0.3899
vn -0.9138 0.3725 -0.1618
vn -0.8997 0.2991 -0.3180
vn -0.9163 0.3678 -0.1586
vn -0.4543 0.6807 -0.5748
vn 0.8923 -0.3402 0.2966
vn -0.4259 0.9043 0.0308
vn -0.0663 0.8665 -0.4948
vn 0.0629 0.9311 -0.3592
vn -0.4738 0.8081 -0.3500
vn -0.1546 0.7757 -0.6119
vn -0.4410 0.1958 -0.8759
vn -0.5577 0.7759 -0.2949
vn 0.3618 0.8869 -0.2874
vn -0.8851 0.4220 -0.1963
vn 0.2574 0.5490 -0.7952
vn 0.3370 0.8208 -0.4612
vn -0.5503 0.7468 -0.3735
vn 0.9919 0.1254 0.0184
vn 0.8618 -0.5047 -0.0504
vn 0.9924 0.1223 -0.0126
vn -0.6890 0.6770 -0.2590
vn -0.7184 0.6560 -0.2315
vn 0.0426 0.1790 -0.9829
vn 0.7874 0.5867 0.1892
vn 0.9151 0.3638 -0.1738
vn 0.9163 0.3677 -0.1585
vn -0.6698 0.6019 -0.4347
vn -0.4618 0.8578 -0.2257
vn 0.7165 0.6574 -0.2332
vn 0.5566 0.8083 0.1920
vn 0.0425 0.8063 -0.5899
vn 0.2019 0.5976 -0.7760
vn 0.8993 0.2997 -0.3185
vn -0.7027 -0.7075 0.0754
vn 0.6831 -0.4087 0.6052
vn 0.4346 0.2887 -0.8531
vn 0.3849 0.2909 -0.8759
vn 0.4295 0.2904 -0.8551
vn 0.5774 -0.4951 -0.6493
vn 0.4605 0.5542 -0.6934
vn -0.1949 0.9164 -0.3496
vn -0.1985 0.8681 -0.4549
vn 0.6879 0.1455 -0.7111
vn -0.1943 0.2033 -0.9596
vn -0.2008 0.5989 -0.7753
vn -0.0684 0.9976 0.0046
vn -0.6879 0.1455 -0.7111
vn 0.1551 0.5538 -0.8180
vn -0.6921 0.5526 -0.4643
vn 0.7645 -0.0804 -0.6396
vn -0.0101 0.7824 -0.6227
vn -0.6730 0.1974 -0.7128
vn -0.7071 0.1885 -0.6815
vn -0.6727 0.1975 -0.7131
vn 0.1744 0.8764 -0.4488
vn -0.9263 -0.0834 -0.3673
vn -0.6148 -0.5677 0.5475
vn -0.5350 -0.8434 0.0483
vn 0.9990 0.0412 0.0152
vn 0.9982 0.0292 0.0526
vn 0.5546 0.7785 -0.2938
vn 0.0589 0.8626 -0.5025
vn -0.0260 -0.9704 0.2400
vn -0.3574 0.1452 -0.9226
vn 0.5555 0.2143 -0.8034
vn -0.1555 0.5542 -0.8177
vn 0.0325 0.9990 -0.0313
vn -0.0324 0.9990 -0.0313
vn -0.0507 0.9985 -0.0190
vn -0.0433 0.9987 -0.0277
vn -0.2787 0.1812 -0.9431
vn -0.0562 0.9983 -0.0136
vn -0.0763 0.9957 0.0522
vn -0.8306 0.1935 -0.5222
vn 0.0507 0.9985 -0.0191
vn 0.8307 0.1929 -0.5222
vn -0.1764 0.5526 -0.8146
vn 0.1742 0.5818 -0.7944
vn 0.4305 0.8417 -0.3258
vn 0.7937 -0.1953 -0.5760
vn 0.3640 0.8830 -0.2964
vn -0.8787 -0.0417 0.4756
vn -0.3516 -0.2493 0.9024
vn -0.3972 -0.2458 0.8842
vn -0.3543 -0.2479 0.9017
vn -0.7188 -0.1014 0.6878
vn -0.5250 0.3284 0.7852
vn -0.6853 -0.1165 0.7189
vn -0.7212 0.2533 -0.6448
vn -0.5026 0.8274 -0.2505
vn -0.0422 0.1785 -0.9830
vn 0.6725 -0.1904 0.7152
vn 0.7071 -0.1822 0.6833
vn 0.6722 -0.1904 0.7154
vn 0.3744 -0.9246 0.0702
vn -0.0833 0.5130 0.8543
vn 0.0152 0.9934 0.1134
vn -0.3131 0.8791 0.3594
vn -0.7452 0.3374 0.5751
vn -0.2877 0.3028 0.9086
vn -0.2409 0.9029 0.3559
vn 0.4002 0.2295 0.8872
vn -0.4572 0.8101 0.3669
vn -0.8747 0.2613 0.4081
vn 0.5168 -0.8455 0.1347
vn -0.4418 -0.6837 0.5808
vn 0.8863 0.2119 0.4117
vn 0.8533 0.4383 0.2824
vn 0.4617 -0.8835 0.0784
vn 0.3333 -0.8585 0.3898
vn 0.4052 -0.9085 0.1028
vn 0.4634 -0.6646 0.5861
vn 0.6554 0.6475 0.3887
vn 0.8002 -0.0075 0.5997
vn -0.6348 0.6778 0.3708
vn -0.4295 0.2265 0.8742
vn -0.5002 -0.8548 0.1384
vn -0.5517 -0.6333 0.5427
vn -0.7297 -0.6584 0.1846
vn -0.9055 -0.4187 0.0682
vn -0.8925 -0.4377 -0.1088
vn -0.5198 -0.8496 -0.0895
vn -0.1306 0.9372 0.3234
vn 0.6544 0.6913 0.3065
vn -0.3508 -0.9336 -0.0730
vn 0.5180 -0.8553 0.0074
vn -0.7440 0.6459 0.1712
vn -0.2502 0.9056 0.3425
vn -0.8510 0.4562 0.2601
vn -0.1703 0.9292 0.3280
vn -0.4090 -0.9077 -0.0933
vn 0.3497 -0.9339 -0.0745
vn -0.5211 -0.8534 0.0134
vn 0.1313 0.9367 0.3246
vn -0.6569 0.6855 0.3139
vn 0.4073 -0.9093 -0.0849
vn 0.5093 -0.8556 -0.0926
vn 0.7412 0.6496 0.1692
vn 0.2533 0.9045 0.3431
vn 0.1562 0.9291 0.3352
vn 0.8920 -0.4365 -0.1172
vn 0.9043 -0.4196 0.0790
vn 0.8152 0.2135 0.5385
vn 0.6316 0.7504 0.1950
vn 0.6650 0.7233 0.1859
vn 0.0147 0.0787 0.9968
vn 0.5079 -0.7319 0.4544
vn 0.5491 0.3883 0.7401
vn -0.7221 -0.6738 0.1567
vn -0.3528 -0.8638 0.3598
vn -0.5765 -0.6348 0.5144
vn -0.7649 -0.6336 -0.1165
vn -0.6813 -0.7075 0.1878
vn -0.7149 -0.6816 0.1560
vn 0.3542 -0.8494 0.3912
vn 0.3649 -0.8620 0.3518
vn 0.5943 -0.6292 0.5008
vn 0.8593 -0.3266 0.3937
vn 0.7330 -0.6432 -0.2212
vn 0.6909 -0.6386 0.3389
vn 0.7414 0.6562 0.1405
vn 0.5472 0.4046 0.7327
vn 0.7297 0.6694 0.1394
vn -0.6511 0.7070 0.2762
vn -0.5377 0.8068 0.2446
vn -0.6233 0.7294 0.2819
vn 0.3208 0.6153 0.7200
vn 0.4137 0.7833 0.4640
vn 0.3514 0.5335 0.7693
vn 0.6031 0.4765 0.6397
vn 0.6618 -0.7459 -0.0752
vn 0.5086 -0.7217 0.4696
vn -0.0262 -0.5565 0.8305
vn 0.3675 0.5367 0.7595
vn -0.1545 0.5954 0.7884
vn -0.0733 0.4773 0.8757
vn 0.5701 -0.6756 0.4674
vn 0.3072 -0.8470 0.4338
vn 0.4199 -0.8014 0.4259
vn 0.8165 0.2160 0.5354
vn 0.6196 0.7724 0.1395
vn 0.6739 0.7267 0.1333
vn 0.0309 0.0795 0.9964
vn 0.5236 0.6032 0.6017
vn 0.3870 0.5936 0.7056
vn 0.8499 -0.3337 0.4078
vn 0.7419 -0.6494 -0.1670
vn 0.6946 -0.6292 0.3486
vn 0.7515 0.6132 0.2436
vn 0.7386 0.6432 0.2018
vn 0.7237 0.6434 0.2495
vn 0.3943 -0.7772 0.4904
vn 0.1687 -0.8978 0.4067
vn 0.7106 0.6329 0.3073
vn 0.5411 0.7373 0.4044
vn 0.6010 0.4891 0.6321
vn 0.6126 0.7319 0.2985
vn 0.6605 0.6897 0.2967
vn -0.6742 -0.7383 -0.0161
vn -0.1837 -0.8881 0.4213
vn -0.5696 -0.6677 0.4792
vn 0.6835 -0.7215 -0.1112
vn 0.6801 -0.7196 -0.1402
vn 0.6759 -0.7233 -0.1414
vn 0.2106 0.6523 0.7281
vn 0.2092 0.5014 0.8396
vn 0.6946 -0.6982 0.1736
vn 0.6873 -0.6989 0.1978
vn -0.5055 0.4523 0.7348
vn -0.7132 0.6990 0.0532
vn -0.7308 0.6803 0.0554
vn 0.6989 0.6744 0.2381
vn 0.4168 0.5918 0.6900
vn 0.7838 -0.5862 -0.2051
vn 0.7545 -0.6488 -0.0991
vn -0.6741 -0.7249 -0.1417
vn -0.4012 -0.8272 0.3934
vn -0.6044 -0.7110 0.3593
vn 0.7487 0.6558 0.0965
vn 0.7023 0.7085 0.0698
vn 0.2478 -0.8982 0.3632
vn 0.4229 -0.7625 0.4896
vn -0.5849 0.3988 0.7063
vn -0.7377 0.6385 0.2193
vn -0.7394 0.6396 0.2102
vn 0.7002 -0.6919 0.1762
vn 0.6874 -0.6997 0.1949
vn -0.8247 0.2595 -0.5025
vn -0.9320 0.0341 0.3607
vn -0.8237 0.2590 -0.5044
vn -0.8273 0.2589 -0.4986
vn -0.9295 0.0320 0.3674
vn -0.8262 0.2584 -0.5006
vn -0.0496 0.2701 -0.9616
vn -0.0490 0.2697 -0.9617
vn -0.0509 0.2703 -0.9614
vn -0.0503 0.2699 -0.9616
vn -0.8950 0.2146 -0.3911
vn -0.1879 0.2732 -0.9434
vn -0.8939 0.2149 -0.3933
vn -0.1910 0.2733 -0.9428
vn 0.3931 0.2911 -0.8722
vn 0.4385 0.2904 -0.8505
vn 0.8975 -0.0922 0.4313
vn 0.9182 -0.0800 0.3880
vn 0.8986 -0.0924 0.4289
vn 0.5466 0.2942 -0.7840
vn -0.3433 0.2120 -0.9150
vn -0.3411 0.2126 -0.9157
vn 0.5490 0.2942 -0.7824
vn -0.3390 0.2129 -0.9164
vn -0.3368 0.2138 -0.9170
vn 0.9877 0.1563 -0.0090
vn 0.5453 0.2940 -0.7850
vn 0.9877 0.1562 -0.0084
vn 0.5478 0.2940 -0.7832
vn 0.5775 0.4091 0.7065
vn -0.9151 0.2058 -0.3468
vn -0.1895 0.2734 -0.9431
vn 0.6730 0.1974 -0.7128
vn -0.1927 0.2736 -0.9424
vn 0.6723 0.1976 -0.7134
vn 0.1904 -0.2502 0.9493
vn -0.6722 -0.1904 0.7154
vn -0.6725 -0.1904 0.7152
vn 0.1867 -0.2504 0.9500
vn -0.6730 -0.1904 0.7147
vn -0.6732 -0.1902 0.7146
vn -0.3705 -0.4880 -0.7903
vn -0.3749 0.1980 -0.9057
vn 0.6995 -0.1119 0.7058
vn 0.7327 -0.0984 0.6734
vn 0.1895 0.2734 -0.9431
vn 0.1927 0.2736 -0.9424
vn -0.6723 0.1976 -0.7134
vn -0.6719 0.1978 -0.7137
vn -0.6297 -0.4988 -0.5956
vn -0.0494 -0.4872 -0.8719
vn -0.7073 0.2551 -0.6593
vn -0.7403 0.2462 -0.6255
vn 0.7073 0.2551 -0.6593
vn 0.6866 0.1737 -0.7060
vn 0.0496 0.2701 -0.9616
vn 0.8237 0.2590 -0.5044
vn 0.8247 0.2595 -0.5025
vn 0.0509 0.2703 -0.9614
vn 0.8262 0.2584 -0.5006
vn 0.8273 0.2589 -0.4986
vn -0.9160 0.0509 0.3980
vn -0.8062 -0.5221 0.2782
vn -0.3432 -0.2487 0.9057
vn -0.3904 -0.2464 0.8870
vn -0.3466 -0.2485 0.9045
vn -0.9753 0.1628 -0.1494
vn -0.7328 -0.0984 0.6733
vn -0.9747 0.1617 -0.1543
vn -0.9775 0.1601 -0.1375
vn -0.7235 -0.1020 0.6828
vn -0.9769 0.1590 -0.1430
vn -0.4294 0.2904 -0.8551
vn -0.4258 0.2886 -0.8575
vn -0.4385 0.2904 -0.8505
vn -0.4346 0.2887 -0.8531
vn -0.9740 0.0337 0.2242
vn -0.9354 -0.0168 0.3533
vn -0.9746 0.0336 0.2212
vn -0.9705 0.0295 0.2395
vn -0.9295 -0.0233 0.3682
vn -0.9719 0.0280 0.2335
vn -0.5478 0.2940 -0.7832
vn -0.9877 0.1562 -0.0084
vn -0.5490 0.2942 -0.7824
vn -0.5453 0.2940 -0.7850
vn -0.9877 0.1563 -0.0090
vn -0.5466 0.2942 -0.7840
vn 0.1910 0.2733 -0.9428
vn 0.8968 0.2137 -0.3874
vn 0.8959 0.2143 -0.3892
vn 0.1879 0.2732 -0.9434
vn 0.8950 0.2146 -0.3911
vn 0.8939 0.2149 -0.3933
vn -0.9004 -0.0906 0.4255
vn -0.1915 -0.2500 0.9491
vn -0.9013 -0.0901 0.4238
vn -0.8975 -0.0922 0.4313
vn -0.1876 -0.2509 0.9497
vn -0.8986 -0.0924 0.4289
vn 0.9740 0.0337 0.2242
vn 0.9353 -0.0168 0.3533
vn 0.9338 -0.0185 0.3574
vn 0.9705 0.0295 0.2395
vn 0.9295 -0.0233 0.3682
vn 0.9280 -0.0227 0.3719
vn -0.0377 0.8467 -0.5308
vn -0.7285 -0.0981 0.6780
vn -0.6891 -0.1156 0.7153
vn -0.6959 -0.1127 0.7093
vn -0.7544 0.2460 -0.6086
vn -0.7441 0.2480 -0.6203
vn -0.8499 -0.3337 0.4078
vn -0.9280 -0.0227 0.3719
vn -0.8165 0.2160 0.5354
vn -0.8593 -0.3266 0.3937
vn -0.9338 -0.0185 0.3574
vn -0.8152 0.2134 0.5384
vn 0.7235 -0.1019 0.6828
vn 0.9775 0.1601 -0.1375
vn 0.9769 0.1590 -0.1430
vn 0.9753 0.1628 -0.1494
vn 0.9747 0.1617 -0.1543
vn 0.6322 0.7442 0.2154
vn 0.6783 0.6991 0.2261
vn 0.6821 -0.7312 0.0032
vn 0.6901 -0.7205 -0.0682
vn 0.3390 0.2129 -0.9164
vn 0.3368 0.2138 -0.9170
vn 0.3433 0.2120 -0.9150
vn 0.3411 0.2126 -0.9156
vn 0.3516 -0.2493 0.9024
vn 0.3543 -0.2479 0.9017
vn 0.3432 -0.2487 0.9057
vn 0.3466 -0.2485 0.9045
vn 0.0719 0.4799 0.8744
vn 0.5010 0.8424 0.1987
vn 0.1410 0.5913 0.7940
vn -0.3495 0.5325 0.7708
vn -0.5288 0.7363 0.4221
vn -0.5082 0.5993 0.6185
vn 0.6959 -0.1127 0.7093
vn 0.7285 -0.0981 0.6779
vn 0.3716 -0.4890 -0.7892
vn 0.4259 0.2886 -0.8575
vn 0.7441 0.2480 -0.6203
vn 0.9746 0.0336 0.2212
vn 0.7544 0.2460 -0.6086
vn 0.9719 0.0280 0.2335
vn 0.6732 -0.1902 0.7146
vn 0.7071 -0.1821 0.6833
vn 0.6730 -0.1904 0.7147
vn -0.0007 0.2636 -0.9646
vn -0.0008 0.2636 -0.9646
vn -0.7504 0.2443 -0.6142
vn -0.7108 0.2550 -0.6556
vn -0.7176 0.2535 -0.6487
vn 0.8075 -0.5204 0.2778
vn 0.6892 -0.1156 0.7153
vn -0.0309 0.0795 0.9964
vn 0.0262 -0.5564 0.8305
vn -0.0147 0.0787 0.9968
vn 0.0209 -0.5616 0.8271
vn -0.3757 -0.7823 0.4967
vn -0.4051 -0.8034 0.4363
vn -0.2911 -0.8496 0.4399
vn 0.7763 -0.6090 -0.1625
vn 0.7341 -0.6787 -0.0216
vn 0.9295 0.0320 0.3674
vn 0.9320 0.0341 0.3607
vn 0.1876 -0.2509 0.9497
vn 0.1915 -0.2500 0.9491
vn 0.9004 -0.0906 0.4255
vn 0.9013 -0.0901 0.4238
vn 0.9211 -0.0780 0.3814
vn 0.9281 0.0319 0.3710
vn 0.7316 0.4344 0.5254
vn -0.1904 -0.2502 0.9493
vn -0.1867 -0.2504 0.9500
vn -0.6995 -0.1119 0.7058
vn -0.7278 -0.0330 0.6850
vn 0.0492 -0.4887 -0.8711
vn 0.9307 0.0339 0.3641
vn 0.9113 0.0167 0.4114
vn 0.5239 0.3296 0.7855
vn 0.5023 0.8274 -0.2512
vn 0.9877 0.1561 -0.0087
vn 0.7504 0.2443 -0.6142
vn 0.7108 0.2550 -0.6556
vn 0.9163 0.0478 0.3976
vn 0.9146 0.0193 0.4038
vn 0.2838 -0.4919 -0.8231
vn 0.3583 0.1537 -0.9209
vn -0.0004 0.2635 -0.9646
vn -0.0005 0.2636 -0.9646
vn 0.6853 -0.1165 0.7188
vn 0.7188 -0.1014 0.6878
vn -0.9889 0.1434 0.0395
vn -0.9925 0.1213 -0.0122
vn -0.7071 -0.1821 0.6833
vn 0.7212 0.2533 -0.6448
vn -0.9877 0.1562 -0.0087
vn -0.9889 0.1434 0.0398
vn -0.9889 0.1435 0.0397
vn -0.9099 0.0161 0.4144
vn -0.9113 0.0167 0.4114
vn -0.9877 0.1563 -0.0094
vn -0.8098 0.5539 0.1931
vn -0.9889 0.1434 0.0400
vn -0.5774 0.4093 0.7064
vn -0.6867 0.1778 -0.7049
vn -0.2835 -0.4922 -0.8230
vn -0.7071 -0.1822 0.6833
vn 0.7403 0.2462 -0.6255
vn -0.9134 0.0186 0.4067
vn -0.9146 0.0193 0.4038
vn 0.0503 0.2699 -0.9616
vn 0.0490 0.2697 -0.9617
vn 0.3347 0.7800 -0.5288
vn -0.7450 0.6515 -0.1436
vn -0.3182 -0.1350 0.9384
vn 0.6719 0.1978 -0.7137
vn 0.7071 0.1885 -0.6815
vn -0.9281 0.0319 0.3710
vn -0.9426 -0.0202 0.3333
vn -0.9308 0.0339 0.3641
vn -0.3634 0.3204 0.8748
vn 0.7029 0.5216 0.4836
vn -0.9103 0.1605 -0.3816
vn -0.7817 -0.4966 -0.3773
vn -0.5775 0.7105 -0.4021
vn -0.0210 -0.5616 0.8271
vn -0.9110 0.1526 -0.3831
vn -0.9172 -0.0804 0.3901
vn -0.7030 0.5216 0.4834
vn -0.7318 0.4309 0.5280
vn 0.3826 0.2027 -0.9014
vn 0.6727 0.1975 -0.7131
vn -0.7770 -0.6090 -0.1591
vn -0.6661 0.7216 0.1885
vn -0.6752 0.7249 0.1361
vn -0.6776 -0.7230 -0.1348
vn -0.6633 -0.7451 -0.0694
vn -0.7295 0.6507 0.2109
vn -0.7434 0.6523 0.1481
vn 0.4727 0.4578 0.7530
vn -0.2027 0.5001 0.8419
vn -0.2615 -0.7596 0.5956
vn 0.5413 0.4004 0.7394
vn -0.3068 0.6081 0.7322
vn -0.0212 -0.7787 0.6270
vn 0.0219 -0.7740 0.6328
vn 0.2774 -0.7524 0.5974
vn -0.8370 0.0230 0.5467
vn 0.5182 -0.6392 0.5683
vn 0.5329 -0.6759 0.5091
vn 0.5698 -0.7238 0.3891
vn -0.3392 -0.8521 0.3985
vn -0.5512 -0.6791 0.4847
vn -0.7169 0.6245 0.3099
vn -0.7058 0.6673 0.2379
vn -0.6683 0.7163 0.2008
vn 0.7520 -0.6587 -0.0240
vn 0.7681 -0.6333 -0.0948
vn 0.7278 0.6546 0.2045
vn -0.7491 -0.6611 -0.0429
vn -0.7846 -0.5863 -0.2014
vn -0.6773 -0.7232 -0.1347
vn -0.7365 0.6435 0.2086
vn -0.6869 -0.7241 -0.0617
vn -0.7278 0.6701 0.1455
vn -0.5079 -0.7318 0.4543
vn -0.5491 0.3883 0.7401
vn -0.5086 -0.7217 0.4696
vn -0.5472 0.4046 0.7327
vn -0.7321 -0.6452 -0.2183
vn -0.6304 0.7506 0.1981
vn -0.6413 0.7406 0.2004
vn -0.7408 -0.6514 -0.1638
vn -0.6187 0.7726 0.1422
vn -0.6909 -0.6386 0.3389
vn -0.6032 0.4765 0.6396
vn -0.6946 -0.6292 0.3486
vn -0.6010 0.4891 0.6321
vn 0.6010 0.7703 0.2134
vn 0.5543 0.7888 0.2654
vn 0.1761 -0.8776 0.4459
vn -0.2059 0.6440 0.7368
vn 0.5380 0.8424 -0.0317
vn 0.3733 -0.8208 0.4323
vn -0.6820 -0.7073 0.1861
vn -0.4072 0.7812 0.4732
vn -0.3707 0.5869 0.7198
vn -0.3997 -0.7706 0.4965
vn -0.3406 0.5285 0.7776
vn -0.4928 0.8549 0.1624
vn -0.6610 -0.7361 -0.1458
vn -0.5259 0.8474 -0.0738
vn -0.7043 -0.7099 0.0026
vn 0.6798 -0.7323 0.0395
vn 0.6379 -0.7608 -0.1196
vn -0.7666 -0.6311 -0.1186
vn -0.5838 0.7898 0.1880
vn -0.7492 -0.6610 -0.0438
vn -0.1559 -0.8971 0.4135
vn -0.2360 -0.8980 0.3713
vn -0.4085 0.5880 0.6981
vn -0.7647 -0.5635 0.3127
vn 0.4057 -0.1279 0.9050
vn 0.0152 0.1842 -0.9828
vn 0.9313 0.0526 0.3604
vn 0.6284 -0.5027 -0.5936
vn 0.7253 -0.0301 0.6877
vn 0.6248 -0.5421 0.5620
vn -0.5774 -0.4951 -0.6493
vn 0.6922 0.1447 -0.7071
vn 0.5773 -0.5779 0.5768
vn 0.7373 -0.0881 0.6697
vn -0.3582 0.1536 -0.9209
vn -0.4070 -0.1285 0.9043
vn 0.7655 -0.5621 0.3130
vn 0.9429 -0.0195 0.3326
vn -0.8618 -0.5047 -0.0505
vn -0.9320 0.0529 0.3585
vn -0.3820 0.2905 -0.8773
vn -0.3900 0.2907 -0.8737
vn 0.9889 0.1435 0.0397
vn 0.0004 0.2635 -0.9647
vn 0.0005 0.2636 -0.9646
vn 0.9889 0.1434 0.0400
vn 0.0007 0.2636 -0.9646
vn 0.0008 0.2636 -0.9646
vn 0.3869 0.2018 -0.8998
vn -0.9142 0.2063 -0.3488
vn 0.3890 0.2013 -0.8990
vn -0.9159 0.2054 -0.3448
vn 0.3847 0.2023 -0.9006
vn 0.9160 0.2053 -0.3448
vn -0.3827 0.2027 -0.9014
vn -0.3847 0.2023 -0.9006
vn 0.9142 0.2063 -0.3488
vn -0.3869 0.2018 -0.8998
vn -0.3890 0.2013 -0.8990
vn 0.3900 0.2907 -0.8737
vn 0.9100 0.0161 0.4144
vn 0.3820 0.2905 -0.8773
vn 0.9133 0.0186 0.4068
vn 0.7176 0.2535 -0.6487
vn 0.3904 -0.2464 0.8870
vn -0.9211 -0.0780 0.3814
vn 0.3884 -0.2467 0.8879
vn 0.3972 -0.2458 0.8842
vn -0.9182 -0.0800 0.3880
vn 0.3951 -0.2462 0.8850
vn 0.9202 -0.0785 0.3835
vn 0.9172 -0.0804 0.3901
vn 0.7071 0.1884 -0.6816
vn -0.7071 0.1884 -0.6816
vn 0.9889 0.1434 0.0398
vn 0.9889 0.1434 0.0395
vn 0.9151 0.2058 -0.3468
vn 0.7459 0.6498 -0.1459
vn 0.9168 0.2047 -0.3428
vn 0.5777 0.7104 -0.4021
vn -0.3951 -0.2462 0.8850
vn -0.3849 0.2909 -0.8759
vn -0.3931 0.2911 -0.8722
vn -0.2585 0.8650 -0.4301
vn -0.9202 -0.0785 0.3835
vn 0.3652 0.3200 0.8742
vn 0.0370 0.8469 -0.5305
vn -0.0156 0.1842 -0.9828
vn 0.3743 0.1968 -0.9062
vn 0.2586 0.8653 -0.4294
vn -0.3884 -0.2467 0.8879
vn -0.3338 0.7808 -0.5281
vn -0.5774 -0.5779 0.5768
vn -0.6922 0.1447 -0.7071
vn -0.3028 -0.5829 0.7540
vn -0.6236 -0.5443 0.5611
vn 0.3028 -0.5829 0.7540
vn -0.2856 0.6657 -0.6894
vn -0.0000 -0.6657 -0.7462
vn -0.2856 -0.6657 -0.6894
vn 0.2856 -0.6657 -0.6894
vn -0.0000 0.6657 -0.7462
vn -0.0000 0.7538 -0.6572
vn -0.5276 0.6657 -0.5276
vn -0.2515 0.7538 -0.6071
vn -0.2515 -0.7538 -0.6071
vn -0.4647 0.7538 -0.4647
vn -0.4647 -0.7538 -0.4647
vn -0.6071 -0.7538 -0.2515
vn -0.6894 0.6657 -0.2856
vn -0.6071 0.7538 -0.2515
vn -0.7462 0.6657 -0.0000
vn -0.6894 -0.6657 -0.2856
vn -0.6572 0.7538 -0.0000
vn -0.5276 -0.6657 -0.5276
vn -0.6894 -0.6657 0.2856
vn -0.7462 -0.6657 -0.0000
vn 0.6894 -0.6657 -0.2856
vn 0.2856 -0.6657 0.6894
vn -0.2856 -0.6657 0.6894
vn -0.5276 -0.6657 0.5276
vn -0.6894 0.6657 0.2856
vn -0.0000 -0.6657 0.7462
vn 0.2856 0.6657 0.6894
vn -0.0000 0.6657 0.7462
vn 0.7462 -0.6657 -0.0000
vn 0.6894 -0.6657 0.2856
vn 0.5276 -0.6657 0.5276
vn 0.6894 0.6657 -0.2856
vn 0.7462 0.6657 -0.0000
vn 0.5276 0.6657 -0.5276
vn 0.6071 0.7538 -0.2515
vn 0.5276 -0.6657 -0.5276
vn 0.4647 0.7538 -0.4647
vn 0.2856 0.6657 -0.6894
vn 0.2515 0.7538 -0.6071
vn -0.0000 -0.7538 -0.6572
vn 0.2515 -0.7538 -0.6071
vn 0.4647 -0.7538 -0.4647
vn 0.6071 -0.7538 -0.2515
vn 0.6571 -0.7538 -0.0000
vn 0.6071 -0.7538 0.2515
vn 0.6071 0.7538 0.2515
vn 0.6571 0.7538 -0.0000
vn 0.6894 0.6657 0.2856
vn 0.4647 0.7538 0.4647
vn 0.4647 -0.7538 0.4647
vn 0.5276 0.6657 0.5276
vn 0.2515 0.7538 0.6071
vn 0.2515 -0.7538 0.6071
vn -0.0000 -0.7538 0.6572
vn -0.0000 0.7538 0.6572
vn -0.2515 -0.7538 0.6071
vn -0.2515 0.7538 0.6071
vn -0.2856 0.6657 0.6894
vn -0.5276 0.6657 0.5276
vn -0.4647 0.7538 0.4647
vn -0.6071 -0.7538 0.2515
vn -0.6071 0.7538 0.2515
vn -0.4647 -0.7538 0.4647
vn -0.6572 -0.7538 -0.0000
vn 0.2855 0.6657 0.6894
vn -0.6572 0.7537 -0.0000
vn -0.5277 0.6657 -0.5277
vn 0.5277 0.6657 0.5277
vn 0.5276 0.6657 -0.5277
vn -0.0731 0.8881 -0.4538
vn 0.0230 0.7780 -0.6279
vn -0.0999 0.7780 -0.6203
vn 0.0169 0.8881 -0.4593
vn 0.1451 0.7780 -0.6113
vn 0.1913 0.8881 -0.4179
vn 0.2616 0.7780 -0.5713
vn 0.2692 0.8881 -0.3725
vn 0.3680 0.7780 -0.5093
vn 0.3367 0.8881 -0.3129
vn 0.4603 0.7780 -0.4277
vn 0.5349 0.7780 -0.3297
vn 0.3913 0.8881 -0.2412
vn 0.5889 0.7780 -0.2190
vn 0.4308 0.8881 -0.1602
vn 0.6203 0.7780 -0.0999
vn 0.4538 0.8881 -0.0731
vn 0.6279 0.7780 0.0230
vn 0.4593 0.8881 0.0169
vn 0.6113 0.7780 0.1451
vn 0.4472 0.8881 0.1061
vn 0.5713 0.7780 0.2616
vn 0.4179 0.8881 0.1913
vn 0.5093 0.7780 0.3680
vn 0.3129 0.8881 0.3367
vn 0.4277 0.7780 0.4603
vn 0.3297 0.7780 0.5349
vn 0.2412 0.8881 0.3913
vn 0.2190 0.7780 0.5889
vn 0.1602 0.8881 0.4308
vn 0.0999 0.7780 0.6203
vn 0.0731 0.8881 0.4538
vn -0.0230 0.7780 0.6279
vn -0.0169 0.8881 0.4593
vn -0.1451 0.7780 0.6113
vn -0.1913 0.8881 0.4179
vn -0.2616 0.7780 0.5713
vn -0.2692 0.8881 0.3725
vn -0.3680 0.7780 0.5093
vn -0.4603 0.7780 0.4277
vn -0.3367 0.8881 0.3129
vn -0.5349 0.7780 0.3297
vn -0.3913 0.8881 0.2412
vn -0.5889 0.7780 0.2190
vn -0.4538 0.8881 0.0731
vn -0.6203 0.7780 0.0999
vn -0.6279 0.7780 -0.0230
vn -0.4472 0.8881 -0.1061
vn -0.6113 0.7780 -0.1451
vn -0.5713 0.7780 -0.2616
vn -0.3725 0.8881 -0.2692
vn -0.5093 0.7780 -0.3680
vn -0.3129 0.8881 -0.3367
vn -0.4277 0.7780 -0.4603
vn -0.2412 0.8881 -0.3913
vn -0.3297 0.7780 -0.5349
vn -0.2190 0.7780 -0.5889
vn 0.2073 -0.9752 -0.0771
vn 0.0771 -0.9752 0.2073
vn -0.2073 -0.9752 0.0771
vn -0.1849 -0.8478 -0.4971
vn -0.0352 -0.9752 -0.2184
vn -0.0771 -0.9752 -0.2073
vn -0.2727 -0.6229 -0.7332
vn -0.0843 -0.8478 -0.5236
vn -0.3319 -0.3052 -0.8926
vn -0.1244 -0.6229 -0.7723
vn -0.3475 -0.0759 -0.9346
vn -0.1514 -0.3052 -0.9402
vn -0.3471 0.0903 -0.9335
vn -0.1585 -0.0759 -0.9844
vn -0.3297 0.3241 -0.8867
vn -0.1583 0.0903 -0.9832
vn -0.1293 0.5816 -0.8031
vn -0.1504 0.3241 -0.9340
vn -0.2835 0.5816 -0.7625
vn -0.1161 -0.9752 -0.1883
vn -0.4105 -0.6229 -0.6659
vn -0.2783 -0.8478 -0.4515
vn -0.5232 -0.0759 -0.8488
vn -0.4997 -0.3052 -0.8107
vn -0.5226 0.0903 -0.8478
vn -0.4964 0.3241 -0.8053
vn -0.4268 0.5816 -0.6925
vn -0.1506 -0.9752 -0.1620
vn -0.5325 -0.6229 -0.5731
vn -0.3610 -0.8478 -0.3885
vn -0.6787 -0.0759 -0.7305
vn -0.6482 -0.3052 -0.6976
vn -0.6779 0.0903 -0.7296
vn -0.5537 0.5816 -0.5959
vn -0.6440 0.3241 -0.6930
vn -0.4299 -0.8478 -0.3106
vn -0.1793 -0.9752 -0.1296
vn -0.6341 -0.6229 -0.4582
vn -0.8082 -0.0759 -0.5840
vn -0.7719 -0.3052 -0.5578
vn -0.8072 0.0903 -0.5833
vn -0.7668 0.3241 -0.5541
vn -0.6594 0.5816 -0.4765
vn -0.4822 -0.8478 -0.2208
vn -0.2011 -0.9752 -0.0921
vn -0.7113 -0.6229 -0.3257
vn -0.9066 -0.0759 -0.4151
vn -0.8659 -0.3052 -0.3965
vn -0.9055 0.0903 -0.4146
vn -0.8602 0.3241 -0.3938
vn -0.7396 0.5816 -0.3387
vn -0.2152 -0.9752 -0.0511
vn -0.7611 -0.6229 -0.1807
vn -0.5160 -0.8478 -0.1225
vn -0.9266 -0.3052 -0.2199
vn -0.9690 0.0903 -0.2300
vn -0.9702 -0.0759 -0.2303
vn -0.9205 0.3241 -0.2185
vn -0.7915 0.5816 -0.1879
vn -0.2210 -0.9752 -0.0081
vn -0.7818 -0.6229 -0.0287
vn -0.5300 -0.8478 -0.0195
vn -0.9517 -0.3052 -0.0349
vn -0.9952 0.0903 -0.0365
vn -0.9964 -0.0759 -0.0366
vn -0.9454 0.3241 -0.0347
vn -0.8129 0.5816 -0.0298
vn -0.5236 -0.8478 0.0843
vn -0.2184 -0.9752 0.0352
vn -0.7723 -0.6229 0.1244
vn -0.9844 -0.0759 0.1585
vn -0.9402 -0.3052 0.1514
vn -0.9832 0.0903 0.1583
vn -0.9340 0.3241 0.1504
vn -0.8031 0.5816 0.1293
vn -0.4971 -0.8478 0.1849
vn -0.7332 -0.6229 0.2727
vn -0.9346 -0.0759 0.3475
vn -0.8926 -0.3052 0.3319
vn -0.9335 0.0903 0.3471
vn -0.7625 0.5816 0.2835
vn -0.8867 0.3241 0.3297
vn -0.4515 -0.8478 0.2783
vn -0.1883 -0.9752 0.1161
vn -0.6659 -0.6229 0.4105
vn -0.8488 -0.0759 0.5232
vn -0.8107 -0.3052 0.4997
vn -0.8478 0.0903 0.5226
vn -0.8053 0.3241 0.4964
vn -0.6925 0.5816 0.4268
vn -0.1620 -0.9752 0.1506
vn -0.5731 -0.6229 0.5325
vn -0.3885 -0.8478 0.3610
vn -0.7305 -0.0759 0.6787
vn -0.6976 -0.3052 0.6482
vn -0.7296 0.0903 0.6779
vn -0.6930 0.3241 0.6440
vn -0.5959 0.5816 0.5537
vn -0.1296 -0.9752 0.1793
vn -0.4582 -0.6229 0.6341
vn -0.3106 -0.8478 0.4299
vn -0.5840 -0.0759 0.8082
vn -0.5578 -0.3052 0.7719
vn -0.5833 0.0903 0.8072
vn -0.5541 0.3241 0.7668
vn -0.4765 0.5816 0.6594
vn -0.0921 -0.9752 0.2011
vn -0.3257 -0.6229 0.7113
vn -0.2208 -0.8478 0.4822
vn -0.4105 -0.0661 0.9095
vn -0.3853 -0.3130 0.8681
vn -0.4122 0.0871 0.9069
vn -0.3938 0.3241 0.8602
vn -0.3387 0.5816 0.7396
vn -0.0511 -0.9752 0.2152
vn -0.1225 -0.8478 0.5160
vn -0.1836 -0.6060 0.7740
vn 0.1464 0.0796 0.9860
vn 0.1533 -0.4352 0.8872
vn -0.2319 0.0793 0.9695
vn -0.1879 0.5816 0.7915
vn -0.2185 0.3241 0.9205
vn -0.0081 -0.9752 0.2210
vn -0.0195 -0.8478 0.5300
vn -0.0063 0.3385 0.9410
vn -0.0287 -0.6229 0.7818
vn -0.5109 -0.0230 0.8593
vn -0.6809 -0.6249 0.3819
vn -0.5210 0.2130 0.8266
vn -0.0748 -0.6943 0.7158
vn -0.0365 0.0903 0.9952
vn -0.0347 0.3241 0.9454
vn -0.0298 0.5816 0.8129
vn 0.0843 -0.8478 0.5236
vn 0.0352 -0.9752 0.2184
vn 0.1279 -0.6002 0.7895
vn -0.0980 -0.4823 0.8705
vn -0.0812 -0.8704 0.4856
vn 0.1564 0.0896 0.9836
vn 0.1504 0.3241 0.9340
vn 0.1293 0.5816 0.8031
vn 0.2727 -0.6229 0.7332
vn 0.1849 -0.8478 0.4971
vn 0.3116 -0.3301 0.8911
vn 0.3974 -0.0406 0.9167
vn 0.3471 0.0903 0.9335
vn 0.2835 0.5816 0.7625
vn 0.3297 0.3241 0.8867
vn 0.2783 -0.8478 0.4515
vn 0.1161 -0.9752 0.1883
vn 0.4997 -0.3052 0.8107
vn 0.4105 -0.6229 0.6659
vn 0.5232 -0.0759 0.8488
vn 0.5226 0.0903 0.8478
vn 0.4268 0.5816 0.6925
vn 0.4964 0.3241 0.8053
vn 0.3610 -0.8478 0.3885
vn 0.1506 -0.9752 0.1620
vn 0.6482 -0.3052 0.6976
vn 0.5325 -0.6229 0.5731
vn 0.6787 -0.0759 0.7305
vn 0.6779 0.0903 0.7296
vn 0.5537 0.5816 0.5959
vn 0.6440 0.3241 0.6930
vn 0.4299 -0.8478 0.3106
vn 0.1793 -0.9752 0.1296
vn 0.6341 -0.6229 0.4582
vn 0.8082 -0.0759 0.5840
vn 0.7719 -0.3052 0.5578
vn 0.8072 0.0903 0.5833
vn 0.7668 0.3241 0.5541
vn 0.6594 0.5816 0.4765
vn 0.4822 -0.8478 0.2208
vn 0.2011 -0.9752 0.0921
vn 0.7113 -0.6229 0.3257
vn 0.8659 -0.3052 0.3965
vn 0.9066 -0.0759 0.4151
vn 0.9055 0.0903 0.4146
vn 0.8602 0.3241 0.3938
vn 0.7396 0.5816 0.3387
vn 0.2152 -0.9752 0.0511
vn 0.5160 -0.8478 0.1225
vn 0.9266 -0.3052 0.2199
vn 0.7611 -0.6229 0.1807
vn 0.9702 -0.0759 0.2303
vn 0.9690 0.0903 0.2300
vn 0.9205 0.3241 0.2185
vn 0.7915 0.5816 0.1879
vn 0.5300 -0.8478 0.0195
vn 0.2210 -0.9752 0.0081
vn 0.9517 -0.3052 0.0349
vn 0.7818 -0.6229 0.0287
vn 0.9952 0.0903 0.0365
vn 0.9964 -0.0759 0.0366
vn 0.9454 0.3241 0.0347
vn 0.8129 0.5816 0.0298
vn 0.2184 -0.9752 -0.0352
vn 0.5236 -0.8478 -0.0843
vn 0.9402 -0.3052 -0.1514
vn 0.7723 -0.6229 -0.1244
vn 0.9844 -0.0759 -0.1585
vn 0.9832 0.0903 -0.1583
vn 0.9340 0.3241 -0.1504
vn 0.8031 0.5816 -0.1293
vn 0.4971 -0.8478 -0.1849
vn 0.8926 -0.3052 -0.3319
vn 0.7332 -0.6229 -0.2727
vn 0.9346 -0.0759 -0.3475
vn 0.9335 0.0903 -0.3471
vn 0.8867 0.3241 -0.3297
vn 0.7625 0.5816 -0.2835
vn 0.1883 -0.9752 -0.1161
vn 0.4515 -0.8478 -0.2783
vn 0.8107 -0.3052 -0.4997
vn 0.6659 -0.6229 -0.4105
vn 0.8488 -0.0759 -0.5232
vn 0.8478 0.0903 -0.5226
vn 0.6925 0.5816 -0.4268
vn 0.8053 0.3241 -0.4964
vn 0.3885 -0.8478 -0.3610
vn 0.1620 -0.9752 -0.1506
vn 0.6976 -0.3052 -0.6482
vn 0.5731 -0.6229 -0.5325
vn 0.7305 -0.0759 -0.6787
vn 0.7296 0.0903 -0.6779
vn 0.5959 0.5816 -0.5537
vn 0.6930 0.3241 -0.6440
vn 0.3106 -0.8478 -0.4299
vn 0.1295 -0.9752 -0.1793
vn 0.4582 -0.6229 -0.6341
vn 0.5840 -0.0759 -0.8082
vn 0.5578 -0.3052 -0.7719
vn 0.5833 0.0903 -0.8072
vn 0.5541 0.3241 -0.7668
vn 0.4765 0.5816 -0.6594
vn 0.0921 -0.9752 -0.2011
vn 0.3257 -0.6229 -0.7113
vn 0.2208 -0.8478 -0.4822
vn 0.4151 -0.0759 -0.9066
vn 0.3965 -0.3052 -0.8659
vn 0.4146 0.0903 -0.9055
vn 0.3938 0.3241 -0.8602
vn 0.3387 0.5816 -0.7396
vn 0.0511 -0.9752 -0.2152
vn 0.1225 -0.8478 -0.5160
vn 0.1807 -0.6229 -0.7611
vn 0.2303 -0.0759 -0.9702
vn 0.2199 -0.3052 -0.9266
vn 0.2300 0.0903 -0.9690
vn 0.2185 0.3241 -0.9205
vn 0.1879 0.5816 -0.7915
vn 0.0195 -0.8478 -0.5300
vn 0.0081 -0.9752 -0.2210
vn 0.0287 -0.6229 -0.7818
vn 0.0349 -0.3052 -0.9517
vn 0.0366 -0.0759 -0.9964
vn 0.0365 0.0903 -0.9952
vn 0.0347 0.3241 -0.9454
vn 0.0298 0.5816 -0.8129
vn -0.3924 0.7424 0.5430
vn -0.2976 0.6991 0.6501
vn -0.4188 0.6991 0.5795
vn -0.4179 0.8881 -0.1913
vn -0.6677 0.5669 -0.4825
vn -0.8606 -0.3228 -0.3940
vn -0.5164 0.7707 -0.3732
vn -0.7672 -0.3228 -0.5543
vn -0.1061 0.8881 0.4472
vn -0.3429 0.5669 0.7490
vn -0.2186 -0.3228 0.9209
vn -0.2653 0.7707 0.5793
vn -0.3940 -0.3228 0.8606
vn 0.8015 0.5669 0.1902
vn 0.9458 -0.3228 0.0347
vn 0.6200 0.7707 0.1471
vn 0.9209 -0.3228 0.2186
vn -0.1602 0.8881 -0.4308
vn -0.1310 0.5669 -0.8133
vn -0.3299 -0.3228 -0.8871
vn -0.1013 0.7707 -0.6291
vn -0.1505 -0.3228 -0.9344
vn 0.0302 0.5669 -0.8232
vn 0.0347 -0.3228 -0.9458
vn 0.0234 0.7707 -0.6367
vn -0.7721 0.5669 0.2871
vn -0.4308 0.8881 0.1602
vn -0.8057 -0.3228 0.4966
vn -0.5972 0.7707 0.2221
vn -0.8871 -0.3228 0.3299
vn 0.4322 0.5669 0.7013
vn 0.6443 -0.3228 0.6934
vn 0.3343 0.7707 0.5424
vn 0.4966 -0.3228 0.8057
vn 0.6035 0.5669 -0.5607
vn 0.5543 -0.3228 -0.7671
vn 0.4668 0.7707 -0.4337
vn 0.6934 -0.3228 -0.6443
vn -0.8015 0.5669 -0.1902
vn -0.7490 0.5669 -0.3430
vn -0.6200 0.7707 -0.1471
vn -0.5793 0.7707 -0.2653
vn -0.1902 0.5669 0.8015
vn -0.0347 -0.3228 0.9458
vn -0.1471 0.7707 0.6200
vn 0.8232 0.5669 0.0302
vn 0.9344 -0.3228 -0.1505
vn 0.6368 0.7707 0.0234
vn -0.2871 0.5669 -0.7721
vn -0.4966 -0.3228 -0.8057
vn -0.2221 0.7707 -0.5972
vn -0.6035 0.5669 0.5607
vn -0.7013 0.5669 0.4322
vn -0.6934 -0.3228 0.6443
vn -0.5424 0.7707 0.3343
vn 0.3725 0.8881 0.2692
vn 0.5607 0.5669 0.6035
vn 0.7672 -0.3228 0.5543
vn 0.4337 0.7707 0.4668
vn 0.4825 0.5669 -0.6677
vn 0.3940 -0.3228 -0.8606
vn 0.3732 0.7707 -0.5165
vn -0.8232 0.5669 -0.0302
vn -0.9209 -0.3228 -0.2186
vn -0.6367 0.7707 -0.0234
vn 0.1310 0.5669 0.8133
vn -0.0302 0.5669 0.8232
vn 0.1013 0.7707 0.6291
vn -0.0234 0.7707 0.6368
vn 0.8133 0.5669 -0.1310
vn 0.5972 0.7707 -0.2221
vn 0.6291 0.7707 -0.1013
vn -0.5608 0.5669 -0.6035
vn -0.4322 0.5669 -0.7013
vn -0.6443 -0.3228 -0.6934
vn -0.3343 0.7707 -0.5424
vn -0.4825 0.5669 0.6677
vn -0.3732 0.7707 0.5165
vn -0.4668 0.7707 0.4337
vn 0.6677 0.5669 0.4825
vn 0.8606 -0.3228 0.3940
vn 0.5165 0.7707 0.3732
vn 0.1061 0.8881 -0.4472
vn 0.3430 0.5669 -0.7490
vn 0.1471 0.7707 -0.6200
vn 0.2653 0.7707 -0.5793
vn -0.4593 0.8881 -0.0169
vn -0.8133 0.5669 0.1310
vn -0.9344 -0.3228 0.1505
vn -0.9458 -0.3228 -0.0347
vn 0.3299 -0.3228 0.8871
vn 0.1505 -0.3228 0.9344
vn 0.7721 0.5669 -0.2871
vn 0.8871 -0.3228 -0.3299
vn 0.5424 0.7707 -0.3343
vn -0.4337 0.7707 -0.4668
vn -0.5543 -0.3228 0.7671
vn 0.7490 0.5669 0.3430
vn 0.5793 0.7707 0.2653
vn 0.1902 0.5669 -0.8015
vn 0.2186 -0.3228 -0.9209
vn -0.6291 0.7707 0.1013
vn 0.2871 0.5669 0.7721
vn 0.2221 0.7707 0.5972
vn 0.7013 0.5669 -0.4322
vn 0.8057 -0.3228 -0.4966
vn 0.6091 0.7424 0.2789
vn 0.1547 0.7424 -0.6518
vn -0.6518 0.7424 -0.1547
vn -0.6695 0.7424 -0.0246
vn 0.1065 0.7424 0.6614
vn 0.2335 0.7424 0.6279
vn 0.5703 0.7424 -0.3515
vn -0.3515 0.7424 -0.5703
vn -0.4560 0.7424 -0.4908
vn 0.6518 0.7424 0.1547
vn 0.0246 0.7424 -0.6695
vn -0.6614 0.7424 0.1065
vn 0.3515 0.7424 0.5703
vn 0.4908 0.7424 -0.4560
vn -0.5430 0.7424 -0.3924
vn -0.2789 0.7424 0.6091
vn 0.6695 0.7424 0.0246
vn -0.1065 0.7424 -0.6614
vn -0.6279 0.7424 0.2335
vn 0.4560 0.7424 0.4908
vn 0.3924 0.7424 -0.5430
vn -0.6091 0.7424 -0.2789
vn -0.1547 0.7424 0.6518
vn 0.6614 0.7424 -0.1065
vn -0.2335 0.7424 -0.6279
vn -0.5703 0.7424 0.3515
vn 0.5430 0.7424 0.3924
vn 0.2789 0.7424 -0.6091
vn -0.0246 0.7424 0.6695
vn 0.6279 0.7424 -0.2335
vn -0.4908 0.7424 0.4560
vn -0.1651 0.6991 0.6957
vn 0.6957 0.6991 0.1651
vn 0.1651 0.6991 -0.6957
vn 0.2977 0.6991 -0.6501
vn -0.7145 0.6991 -0.0262
vn -0.6957 0.6991 -0.1651
vn 0.7059 0.6991 -0.1137
vn 0.0262 0.6991 -0.7145
vn 0.1137 0.6991 0.7059
vn -0.3752 0.6991 -0.6087
vn -0.2492 0.6991 -0.6702
vn -0.6702 0.6991 0.2492
vn -0.7059 0.6991 0.1137
vn -0.0262 0.6991 0.7145
vn -0.5238 0.6991 0.4867
vn -0.6087 0.6991 0.3752
vn 0.3752 0.6991 0.6087
vn 0.6702 0.6991 -0.2492
vn 0.5238 0.6991 -0.4867
vn -0.4867 0.6991 -0.5238
vn -0.6501 0.6991 -0.2977
vn -0.5795 0.6991 -0.4188
vn 0.6501 0.6991 0.2977
vn 0.7145 0.6991 0.0262
vn -0.1137 0.6991 -0.7059
vn 0.2492 0.6991 0.6701
vn 0.4867 0.6992 0.5238
vn 0.6087 0.6991 -0.3752
vn 0.4188 0.6991 -0.5795
vn 0.5795 0.6991 0.4188
vn 0.6510 -0.4586 -0.6049
vn 0.7565 -0.4586 -0.4663
vn 0.4663 -0.4586 0.7565
vn 0.3097 -0.4586 0.8329
vn -0.8329 -0.4586 0.3097
vn -0.8774 -0.4586 0.1413
vn 0.0326 -0.4586 -0.8881
vn 0.2052 -0.4586 -0.8646
vn 0.8646 -0.4586 0.2052
vn 0.8080 -0.4586 0.3700
vn -0.3700 -0.4586 0.8080
vn -0.5205 -0.4586 0.7203
vn -0.7203 -0.4586 -0.5205
vn -0.6049 -0.4586 -0.6510
vn 0.8329 -0.4586 -0.3097
vn 0.1413 -0.4586 0.8774
vn -0.8881 -0.4586 -0.0326
vn 0.3700 -0.4586 -0.8080
vn 0.7203 -0.4586 0.5205
vn -0.6510 -0.4586 0.6049
vn -0.4663 -0.4586 -0.7565
vn 0.8774 -0.4586 -0.1413
vn -0.0326 -0.4586 0.8881
vn -0.8646 -0.4586 -0.2052
vn 0.5205 -0.4586 -0.7203
vn 0.6049 -0.4586 0.6510
vn -0.7565 -0.4586 0.4663
vn -0.3097 -0.4586 -0.8329
vn 0.8881 -0.4585 0.0326
vn -0.2052 -0.4586 0.8646
vn -0.8080 -0.4586 -0.3700
vn -0.1413 -0.4586 -0.8774
vn 0.5883 0.3683 0.7199
vn -0.0083 0.6488 0.7609
vn 0.5332 -0.6279 0.5670
vn -0.2423 0.7753 -0.5832
vn -0.2711 0.9527 -0.1374
vn -0.6399 0.3622 -0.6777
vn -0.6799 -0.0763 -0.7293
vn -0.7727 -0.3021 -0.5583
vn -0.8088 -0.0661 -0.5844
vn -0.9059 -0.0763 -0.4166
vn -0.6863 0.6671 -0.2899
vn -0.6598 0.7369 -0.1471
vn -0.5736 0.8191 0.0115
vn -0.7334 0.6701 0.1144
vn -0.5217 0.8014 0.2925
vn -0.4520 0.7799 0.4329
vn -0.4478 0.6987 0.5579
vn -0.4137 -0.0696 0.9077
vn -0.1625 0.8651 0.4745
vn 0.1576 -0.4338 0.8871
vn -0.0765 -0.6931 0.7167
vn -0.1002 -0.4903 0.8658
vn 0.2107 0.8357 0.5072
vn 0.2786 0.6963 0.6615
vn 0.4257 -0.0564 0.9031
vn 0.3774 0.6938 0.6134
vn 0.5043 0.6924 0.5160
vn 0.7053 0.5754 0.4141
vn 0.8621 0.3566 0.3601
vn 0.8425 0.5002 0.2000
vn 0.2211 -0.9752 0.0081
vn 0.9319 0.3566 0.0657
vn 0.8895 0.3474 -0.2969
vn 0.5527 0.6596 -0.5093
vn 0.1296 -0.9752 -0.1793
vn 0.4403 0.6484 -0.6211
vn 0.3613 0.3474 -0.8653
vn 0.2264 0.4159 -0.8808
vn 0.0693 0.2006 -0.9772
vn 0.6303 0.6896 -0.3568
vn -0.0973 0.7130 -0.6944
vn -0.1975 0.8794 -0.4331
vn 0.1975 0.8794 -0.4331
vn -0.6378 0.6235 -0.4522
vn -0.3984 0.9156 0.0548
vn -0.2524 0.9528 0.1690
vn 0.0589 0.8811 0.4693
vn 0.7793 0.6216 -0.0796
vt 0.500000 0.000166
vt 0.454561 0.031406
vt 0.454561 0.000166
vt 0.500000 0.031406
vt 0.454561 0.062645
vt 0.500000 0.062645
vt 0.454561 0.093885
vt 0.500000 0.093885
vt 0.454561 0.125125
vt 0.500000 0.125125
vt 0.454561 0.156364
vt 0.500000 0.156364
vt 0.454561 0.187604
vt 0.500000 0.187604
vt 0.454561 0.218843
vt 0.500000 0.218843
vt 0.454561 0.250083
vt 0.500000 0.250083
vt 0.454561 0.281323
vt 0.500000 0.281323
vt 0.454561 0.312562
vt 0.500000 0.312562
vt 0.454561 0.343802
vt 0.500000 0.343802
vt 0.454561 0.375041
vt 0.500000 0.375041
vt 0.454561 0.406281
vt 0.500000 0.406281
vt 0.454561 0.437521
vt 0.500000 0.437521
vt 0.454561 0.468760
vt 0.500000 0.500000
vt 0.454561 0.500000
vt 0.454561 0.531240
vt 0.500000 0.562479
vt 0.454561 0.562479
vt 0.500000 0.593719
vt 0.454561 0.593719
vt 0.500000 0.624958
vt 0.454561 0.624958
vt 0.500000 0.656198
vt 0.454561 0.656198
vt 0.500000 0.687438
vt 0.454561 0.687438
vt 0.500000 0.718677
vt 0.454561 0.718677
vt 0.500000 0.749917
vt 0.454561 0.749917
vt 0.500000 0.781156
vt 0.454561 0.781156
vt 0.500000 0.812396
vt 0.454561 0.812396
vt 0.500000 0.843636
vt 0.454561 0.843636
vt 0.500000 0.874875
vt 0.454561 0.874875
vt 0.500000 0.906115
vt 0.454561 0.906115
vt 0.500000 0.937355
vt 0.454561 0.937355
vt 0.950688 0.603696
vt 0.968687 0.647148
vt 0.527507 0.603696
vt 0.500000 0.968594
vt 0.454561 0.968594
vt 0.500000 0.999834
vt 0.454561 0.999834
vt 0.808743 0.468520
vt 0.715581 0.000166
vt 0.626000 0.027340
vt 0.000166 0.968594
vt 0.045606 0.999834
vt 0.000166 0.999834
vt 0.045606 0.968594
vt 0.091045 0.999834
vt 0.091045 0.968594
vt 0.136485 0.999834
vt 0.136485 0.968594
vt 0.181924 0.999834
vt 0.181924 0.968594
vt 0.227363 0.999834
vt 0.227363 0.968594
vt 0.272803 0.999834
vt 0.272803 0.968594
vt 0.318242 0.999834
vt 0.318242 0.968594
vt 0.363682 0.999834
vt 0.363682 0.968594
vt 0.409121 0.999834
vt 0.409121 0.968594
vt 0.000166 0.937355
vt 0.045606 0.937355
vt 0.091045 0.937355
vt 0.136485 0.937355
vt 0.181924 0.937355
vt 0.227363 0.937355
vt 0.272803 0.937355
vt 0.318242 0.937355
vt 0.363682 0.937355
vt 0.409121 0.937355
vt 0.000166 0.906115
vt 0.045606 0.906115
vt 0.091045 0.906115
vt 0.136485 0.906115
vt 0.181924 0.906115
vt 0.227363 0.906115
vt 0.272803 0.906115
vt 0.318242 0.906115
vt 0.363682 0.906115
vt 0.409121 0.906115
vt 0.000166 0.874875
vt 0.045606 0.874875
vt 0.091045 0.874875
vt 0.136485 0.874875
vt 0.181924 0.874875
vt 0.227363 0.874875
vt 0.272803 0.874875
vt 0.318242 0.874875
vt 0.363682 0.874875
vt 0.409121 0.874875
vt 0.000166 0.843636
vt 0.045606 0.843636
vt 0.091045 0.843636
vt 0.136485 0.843636
vt 0.181924 0.843636
vt 0.227363 0.843636
vt 0.272803 0.843636
vt 0.318242 0.843636
vt 0.363682 0.843636
vt 0.409121 0.843636
vt 0.000166 0.812396
vt 0.045606 0.812396
vt 0.091045 0.812396
vt 0.136485 0.812396
vt 0.181924 0.812396
vt 0.227363 0.812396
vt 0.272803 0.812396
vt 0.318242 0.812396
vt 0.363682 0.812396
vt 0.409121 0.812396
vt 0.000166 0.781156
vt 0.045606 0.781156
vt 0.091045 0.781156
vt 0.136485 0.781156
vt 0.181924 0.781156
vt 0.227363 0.781156
vt 0.272803 0.781156
vt 0.318242 0.781156
vt 0.409121 0.781156
vt 0.363682 0.781156
vt 0.000166 0.749917
vt 0.045606 0.749917
vt 0.091045 0.749917
vt 0.136485 0.749917
vt 0.181924 0.749917
vt 0.227363 0.749917
vt 0.272803 0.749917
vt 0.318242 0.749917
vt 0.409121 0.749917
vt 0.363682 0.749917
vt 0.000166 0.718677
vt 0.045606 0.718677
vt 0.091045 0.718677
vt 0.136485 0.718677
vt 0.181924 0.718677
vt 0.227363 0.718677
vt 0.318242 0.718677
vt 0.272803 0.718677
vt 0.363682 0.718677
vt 0.409121 0.718677
vt 0.000166 0.687438
vt 0.045606 0.687438
vt 0.091045 0.687438
vt 0.136485 0.687438
vt 0.181924 0.687438
vt 0.272803 0.687438
vt 0.227363 0.687438
vt 0.318242 0.687438
vt 0.363682 0.687438
vt 0.409121 0.687438
vt 0.000166 0.656198
vt 0.045606 0.656198
vt 0.091045 0.656198
vt 0.136485 0.656198
vt 0.227363 0.656198
vt 0.181924 0.656198
vt 0.272803 0.656198
vt 0.318242 0.656198
vt 0.363682 0.656198
vt 0.409121 0.656198
vt 0.000166 0.624958
vt 0.091045 0.624958
vt 0.045606 0.624958
vt 0.136485 0.624958
vt 0.181924 0.624958
vt 0.227363 0.624958
vt 0.272803 0.624958
vt 0.318242 0.624958
vt 0.363682 0.624958
vt 0.409121 0.624958
vt 0.000166 0.593719
vt 0.091045 0.593719
vt 0.045606 0.593719
vt 0.136485 0.593719
vt 0.181924 0.593719
vt 0.227363 0.593719
vt 0.272803 0.593719
vt 0.318242 0.593719
vt 0.363682 0.593719
vt 0.409121 0.593719
vt 0.000166 0.562479
vt 0.091045 0.562479
vt 0.045606 0.562479
vt 0.136485 0.562479
vt 0.181924 0.562479
vt 0.227363 0.562479
vt 0.272803 0.562479
vt 0.318242 0.562479
vt 0.363682 0.562479
vt 0.409121 0.562479
vt 0.000166 0.531240
vt 0.091045 0.531240
vt 0.045606 0.531240
vt 0.136485 0.531240
vt 0.181924 0.531240
vt 0.227363 0.531240
vt 0.272803 0.531240
vt 0.318242 0.531240
vt 0.363682 0.531240
vt 0.409121 0.531240
vt 0.000166 0.500000
vt 0.045606 0.500000
vt 0.136485 0.500000
vt 0.091045 0.500000
vt 0.181924 0.500000
vt 0.227363 0.500000
vt 0.272803 0.500000
vt 0.318242 0.500000
vt 0.363682 0.500000
vt 0.409121 0.500000
vt 0.045606 0.468760
vt 0.000166 0.468760
vt 0.091045 0.468760
vt 0.136485 0.468760
vt 0.181924 0.468760
vt 0.227363 0.468760
vt 0.272803 0.468760
vt 0.318242 0.468760
vt 0.363682 0.468760
vt 0.409121 0.468760
vt 0.045606 0.437521
vt 0.000166 0.437521
vt 0.091045 0.437521
vt 0.136485 0.437521
vt 0.181924 0.437521
vt 0.227363 0.437521
vt 0.272803 0.437521
vt 0.318242 0.437521
vt 0.363682 0.437521
vt 0.409121 0.437521
vt 0.045606 0.406281
vt 0.000166 0.406281
vt 0.091045 0.406281
vt 0.136485 0.406281
vt 0.181924 0.406281
vt 0.227363 0.406281
vt 0.272803 0.406281
vt 0.318242 0.406281
vt 0.363682 0.406281
vt 0.409121 0.406281
vt 0.045606 0.375041
vt 0.000166 0.375041
vt 0.091045 0.375041
vt 0.136485 0.375041
vt 0.181924 0.375041
vt 0.227363 0.375041
vt 0.272803 0.375041
vt 0.318242 0.375041
vt 0.363682 0.375041
vt 0.409121 0.375041
vt 0.045606 0.343802
vt 0.000166 0.343802
vt 0.091045 0.343802
vt 0.136485 0.343802
vt 0.181924 0.343802
vt 0.227363 0.343802
vt 0.272803 0.343802
vt 0.318242 0.343802
vt 0.363682 0.343802
vt 0.409121 0.343802
vt 0.045606 0.312562
vt 0.000166 0.312562
vt 0.091045 0.312562
vt 0.136485 0.312562
vt 0.181924 0.312562
vt 0.227363 0.312562
vt 0.272803 0.312562
vt 0.318242 0.312562
vt 0.363682 0.312562
vt 0.409121 0.312562
vt 0.045606 0.281323
vt 0.000166 0.281323
vt 0.091045 0.281323
vt 0.136485 0.281323
vt 0.181924 0.281323
vt 0.227363 0.281323
vt 0.272803 0.281323
vt 0.318242 0.281323
vt 0.363682 0.281323
vt 0.409121 0.281323
vt 0.045606 0.250083
vt 0.000166 0.250083
vt 0.091045 0.250083
vt 0.136485 0.250083
vt 0.181924 0.250083
vt 0.227363 0.250083
vt 0.272803 0.250083
vt 0.318242 0.250083
vt 0.363682 0.250083
vt 0.409121 0.250083
vt 0.045606 0.218843
vt 0.000166 0.218843
vt 0.091045 0.218843
vt 0.136485 0.218843
vt 0.181924 0.218843
vt 0.227363 0.218843
vt 0.272803 0.218843
vt 0.318242 0.218843
vt 0.363682 0.218843
vt 0.409121 0.218843
vt 0.045606 0.187604
vt 0.000166 0.187604
vt 0.091045 0.187604
vt 0.136485 0.187604
vt 0.181924 0.187604
vt 0.227363 0.187604
vt 0.272803 0.187604
vt 0.318242 0.187604
vt 0.363682 0.187604
vt 0.409121 0.187604
vt 0.045606 0.156364
vt 0.000166 0.156364
vt 0.091045 0.156364
vt 0.136485 0.156364
vt 0.181924 0.156364
vt 0.227363 0.156364
vt 0.272803 0.156364
vt 0.318242 0.156364
vt 0.363682 0.156364
vt 0.409121 0.156364
vt 0.045606 0.125125
vt 0.000166 0.125125
vt 0.091045 0.125125
vt 0.136485 0.125125
vt 0.181924 0.125125
vt 0.227363 0.125125
vt 0.272803 0.125125
vt 0.318242 0.125125
vt 0.363682 0.125125
vt 0.409121 0.125125
vt 0.045606 0.093885
vt 0.000166 0.093885
vt 0.091045 0.093885
vt 0.136485 0.093885
vt 0.181924 0.093885
vt 0.227363 0.093885
vt 0.272803 0.093885
vt 0.318242 0.093885
vt 0.363682 0.093885
vt 0.409121 0.093885
vt 0.045606 0.062645
vt 0.000166 0.062645
vt 0.091045 0.062645
vt 0.136485 0.062645
vt 0.181924 0.062645
vt 0.227363 0.062645
vt 0.272803 0.062645
vt 0.318242 0.062645
vt 0.363682 0.062645
vt 0.409121 0.062645
vt 0.045606 0.031406
vt 0.000166 0.031406
vt 0.091045 0.031406
vt 0.136485 0.031406
vt 0.181924 0.031406
vt 0.227363 0.031406
vt 0.272803 0.031406
vt 0.318242 0.031406
vt 0.363682 0.031406
vt 0.409121 0.031406
vt 0.045606 0.000166
vt 0.000166 0.000166
vt 0.091045 0.000166
vt 0.136484 0.000166
vt 0.181924 0.000166
vt 0.227363 0.000166
vt 0.272803 0.000166
vt 0.318242 0.000166
vt 0.363682 0.000166
vt 0.409121 0.000166
vt 0.250083 0.624958
vt 0.250083 0.593719
vt 0.626000 0.505203
vt 0.586894 0.531332
vt 0.250083 0.656198
vt 0.891301 0.902254
vt 0.924558 0.868997
vt 0.250083 0.687438
vt 0.553636 0.868997
vt 0.527507 0.829891
vt 0.250083 0.718677
vt 0.669452 0.487204
vt 0.250083 0.749917
vt 0.977862 0.693277
vt 0.852195 0.928384
vt 0.250083 0.781156
vt 0.509508 0.786438
vt 0.250083 0.812396
vt 0.715581 0.478028
vt 0.250083 0.843636
vt 0.250083 0.000166
vt 0.250083 0.031406
vt 0.808742 0.946383
vt 0.977862 0.740310
vt 0.250083 0.874875
vt 0.250083 0.062645
vt 0.500332 0.740310
vt 0.250083 0.906115
vt 0.762614 0.478028
vt 0.250083 0.093885
vt 0.250083 0.937355
vt 0.250083 0.125125
vt 0.762614 0.955558
vt 0.250083 0.968594
vt 0.250083 0.156364
vt 0.500332 0.693277
vt 0.586894 0.424392
vt 0.762614 0.477696
vt 0.250083 0.531240
vt 0.250083 0.500000
vt 0.250083 0.468760
vt 0.250083 0.437521
vt 0.250083 0.406281
vt 0.250083 0.375041
vt 0.250083 0.343802
vt 0.250083 0.312562
vt 0.250083 0.281323
vt 0.250083 0.218843
vt 0.250083 0.187604
vt 0.416694 0.031406
vt 0.416694 0.000166
vt 0.416694 0.062645
vt 0.416694 0.093885
vt 0.416694 0.125125
vt 0.416694 0.156364
vt 0.416694 0.187604
vt 0.416694 0.218843
vt 0.416694 0.250083
vt 0.416694 0.281323
vt 0.416694 0.312562
vt 0.416694 0.343802
vt 0.416694 0.375041
vt 0.416694 0.406281
vt 0.416694 0.437521
vt 0.416694 0.468760
vt 0.416694 0.500000
vt 0.416694 0.531240
vt 0.416694 0.562479
vt 0.416694 0.593719
vt 0.416694 0.624958
vt 0.416694 0.656198
vt 0.416694 0.687438
vt 0.416694 0.718677
vt 0.416694 0.749917
vt 0.416694 0.781156
vt 0.416694 0.812396
vt 0.416694 0.843636
vt 0.416694 0.874875
vt 0.416694 0.906115
vt 0.416694 0.937355
vt 0.416694 0.968594
vt 0.416694 0.999834
vt 0.586893 0.902254
vt 0.250083 0.562479
vt 0.950688 0.829891
vt 0.924558 0.564590
vt 0.553637 0.564590
vt 0.626000 0.928384
vt 0.968687 0.786439
vt 0.891301 0.531333
vt 0.669452 0.946383
vt 0.852195 0.505203
vt 0.509508 0.647148
vt 0.715581 0.955558
vt 0.250083 0.250083
vt 0.808743 0.487204
vt 0.250083 0.999834
vt 0.333389 0.968594
vt 0.333389 0.999834
vt 0.333389 0.937355
vt 0.333389 0.906115
vt 0.333389 0.874875
vt 0.333389 0.843636
vt 0.333389 0.812396
vt 0.333389 0.781156
vt 0.333389 0.749917
vt 0.333389 0.718677
vt 0.333389 0.687438
vt 0.333389 0.656198
vt 0.333389 0.624958
vt 0.333389 0.593719
vt 0.333389 0.562479
vt 0.333389 0.531240
vt 0.333389 0.500000
vt 0.333389 0.468760
vt 0.333389 0.437521
vt 0.333389 0.406281
vt 0.333389 0.375042
vt 0.333389 0.343802
vt 0.333389 0.312562
vt 0.333389 0.281323
vt 0.333389 0.250083
vt 0.333389 0.218843
vt 0.333389 0.187604
vt 0.333389 0.156364
vt 0.333389 0.125125
vt 0.333389 0.093885
vt 0.333389 0.062645
vt 0.333389 0.031406
vt 0.333389 0.000166
vt 0.624787 0.672717
vt 0.639635 0.681176
vt 0.605479 0.673435
vt 0.627316 0.672623
vt 0.660477 0.680401
vt 0.650947 0.680755
vt 0.670387 0.680032
vt 0.673125 0.679930
vt 0.670052 0.671034
vt 0.672791 0.670932
vt 0.558165 0.648812
vt 0.561887 0.674998
vt 0.558677 0.648694
vt 0.648266 0.671844
vt 0.692569 0.679208
vt 0.648418 0.680849
vt 0.605479 0.673435
vt 0.683037 0.679562
vt 0.695092 0.679114
vt 0.715530 0.669343
vt 0.718054 0.669250
vt 0.754295 0.667902
vt 0.703880 0.678787
vt 0.711584 0.678501
vt 0.574306 0.608348
vt 0.576039 0.607090
vt 0.574452 0.608195
vt 0.787837 0.666655
vt 0.729443 0.677836
vt 0.789985 0.666575
vt 0.724533 0.678019
vt 0.713507 0.678429
vt 0.725570 0.677981
vt 0.040515 0.304570
vt 0.040911 0.304294
vt 0.040911 0.304534
vt 0.555008 0.675312
vt 0.617944 0.681982
vt 0.561367 0.675075
vt 0.719832 0.678194
vt 0.495895 0.366903
vt 0.398790 0.382486
vt 0.491212 0.389465
vt 0.453927 0.569311
vt 0.398891 0.554835
vt 0.453714 0.570330
vt 0.770114 0.667314
vt 0.755650 0.607458
vt 0.769766 0.604502
vt 0.337357 0.529557
vt 0.398790 0.554096
vt 0.337209 0.529789
vt 0.398790 0.435061
vt 0.479755 0.444605
vt 0.398835 0.435061
vt 0.789350 0.600357
vt 0.789914 0.600283
vt 0.781478 0.666892
vt 0.599742 0.348724
vt 0.756016 0.481788
vt 0.598778 0.351021
vt 0.753765 0.607853
vt 0.756219 0.667831
vt 0.508544 0.305962
vt 0.398790 0.305332
vt 0.398790 0.302942
vt 0.543939 0.629448
vt 0.494284 0.600014
vt 0.614071 0.682126
vt 0.615049 0.682090
vt 0.552860 0.675391
vt 0.468884 0.497034
vt 0.526287 0.523702
vt 0.526267 0.523816
vt 0.787732 0.600740
vt 0.750238 0.485812
vt 0.757967 0.480429
vt 0.453829 0.569567
vt 0.398895 0.553854
vt 0.506480 0.315905
vt 0.595925 0.357821
vt 0.749140 0.486526
vt 0.595523 0.358779
vt 0.595364 0.359003
vt 0.474485 0.470053
vt 0.398790 0.482584
vt 0.469405 0.494526
vt 0.749991 0.485933
vt 0.506154 0.317172
vt 0.595765 0.358045
vt 0.506367 0.316156
vt 0.040667 0.308491
vt 0.104624 0.317341
vt 0.040667 0.307911
vt 0.749387 0.486405
vt 0.498494 0.589979
vt 0.498395 0.590234
vt 0.223472 0.343695
vt 0.296621 0.334614
vt 0.296620 0.336565
vt 0.503764 0.328990
vt 0.506269 0.316922
vt 0.248872 0.466873
vt 0.296503 0.496641
vt 0.296503 0.505684
vt 0.398858 0.484906
vt 0.469443 0.494418
vt 0.398868 0.482481
vt 0.296503 0.312168
vt 0.337210 0.301181
vt 0.337210 0.307643
vt 0.296503 0.334422
vt 0.337210 0.333267
vt 0.305022 0.328530
vt 0.117916 0.367021
vt 0.250637 0.457709
vt 0.250634 0.458761
vt 0.398790 0.340344
vt 0.398800 0.340541
vt 0.509328 0.564141
vt 0.337356 0.530578
vt 0.500305 0.345421
vt 0.398790 0.340344
vt 0.296503 0.336373
vt 0.305018 0.330475
vt 0.337210 0.335171
vt 0.398793 0.342368
vt 0.398868 0.482481
vt 0.307104 0.457510
vt 0.307107 0.454917
vt 0.248872 0.330827
vt 0.223471 0.341736
vt 0.188802 0.321163
vt 0.248872 0.321346
vt 0.188802 0.314032
vt 0.296503 0.322254
vt 0.248872 0.314299
vt 0.117946 0.305852
vt 0.188802 0.308730
vt 0.117946 0.303291
vt 0.117946 0.309294
vt 0.192341 0.304746
vt 0.040273 0.302301
vt 0.040030 0.302258
vt 0.096384 0.308071
vt 0.575892 0.607244
vt 0.576039 0.607090
vt 0.453618 0.570587
vt 0.117946 0.302243
vt 0.192337 0.303702
vt 0.040273 0.302014
vt 0.040030 0.301971
vt 0.188802 0.307685
vt 0.188802 0.304415
vt 0.117946 0.300660
vt 0.096384 0.303095
vt 0.104624 0.314061
vt 0.117946 0.300125
vt 0.041296 0.300472
vt 0.104624 0.323400
vt 0.040377 0.307950
vt 0.337210 0.417854
vt 0.398790 0.408201
vt 0.398790 0.432431
vt 0.170075 0.330863
vt 0.188802 0.323135
vt 0.170082 0.332844
vt 0.188984 0.323300
vt 0.189103 0.321082
vt 0.189857 0.320739
vt 0.117946 0.311280
vt 0.040377 0.308530
vt 0.188980 0.321331
vt 0.248872 0.332786
vt 0.188802 0.331802
vt 0.248872 0.344321
vt 0.557266 0.449944
vt 0.651973 0.554254
vt 0.671765 0.540469
vt 0.248872 0.406833
vt 0.188802 0.390841
vt 0.248872 0.421082
vt 0.590889 0.369820
vt 0.727381 0.501733
vt 0.584654 0.384678
vt 0.296503 0.368083
vt 0.296627 0.368186
vt 0.293391 0.377234
vt 0.646244 0.630368
vt 0.668374 0.625734
vt 0.248872 0.357478
vt 0.188963 0.341781
vt 0.188802 0.369051
vt 0.117946 0.341549
vt 0.117946 0.336263
vt 0.296625 0.370776
vt 0.293392 0.379845
vt 0.500394 0.345228
vt 0.584524 0.384847
vt 0.584655 0.384678
vt 0.296503 0.370673
vt 0.398790 0.506482
vt 0.337209 0.500646
vt 0.398790 0.525311
vt 0.337210 0.371964
vt 0.345486 0.367430
vt 0.337298 0.372070
vt 0.337293 0.374592
vt 0.337210 0.374485
vt 0.345476 0.369939
vt 0.398790 0.384900
vt 0.490638 0.392067
vt 0.491161 0.389570
vt 0.567563 0.425290
vt 0.566580 0.427633
vt 0.398790 0.324882
vt 0.584524 0.384847
vt 0.725604 0.502918
vt 0.583778 0.386627
vt 0.503028 0.579194
vt 0.714475 0.616080
vt 0.716950 0.615562
vt 0.576312 0.404558
vt 0.583907 0.386458
vt 0.500000 0.347123
vt 0.725799 0.502834
vt 0.710420 0.513546
vt 0.727186 0.501816
vt 0.690797 0.527213
vt 0.692759 0.525795
vt 0.690681 0.527242
vt 0.398822 0.382593
vt 0.740005 0.492940
vt 0.337210 0.486094
vt 0.296503 0.482515
vt 0.296503 0.467708
vt 0.296503 0.512299
vt 0.337209 0.530811
vt 0.296503 0.506729
vt 0.780441 0.666930
vt 0.337210 0.298999
vt 0.296503 0.306596
vt 0.296503 0.304714
vt 0.781272 0.602093
vt 0.728465 0.677873
vt 0.627316 0.672623
vt 0.631932 0.681462
vt 0.588552 0.674065
vt 0.649715 0.555827
vt 0.651948 0.554219
vt 0.649690 0.555792
vt 0.296503 0.388989
vt 0.337210 0.395746
vt 0.693193 0.620537
vt 0.694579 0.670122
vt 0.623683 0.681769
vt 0.586624 0.674136
vt 0.572731 0.674653
vt 0.495895 0.366903
vt 0.599573 0.348968
vt 0.610962 0.582767
vt 0.608809 0.584317
vt 0.608877 0.584218
vt 0.551649 0.624077
vt 0.498494 0.589979
vt 0.552502 0.623484
vt 0.629925 0.569610
vt 0.546424 0.475782
vt 0.536651 0.499070
vt 0.248872 0.450365
vt 0.188802 0.421138
vt 0.188802 0.414031
vt 0.624962 0.634824
vt 0.646244 0.630368
vt 0.464203 0.519588
vt 0.610894 0.582865
vt 0.671765 0.540469
vt 0.566665 0.427547
vt 0.690797 0.527213
vt 0.188802 0.430754
vt 0.248872 0.467921
vt 0.188802 0.427489
vt 0.039382 0.334561
vt 0.118040 0.346549
vt 0.039382 0.334168
vt 0.460098 0.539364
vt 0.517605 0.544456
vt 0.337209 0.499401
vt 0.398885 0.525124
vt 0.500000 0.347123
vt 0.315029 0.493862
vt 0.337209 0.442707
vt 0.398790 0.459286
vt 0.737366 0.668531
vt 0.315028 0.495822
vt 0.300781 0.484302
vt 0.292597 0.504605
vt 0.296503 0.484487
vt 0.337209 0.505196
vt 0.398878 0.526961
vt 0.300781 0.482330
vt 0.290355 0.503128
vt 0.287255 0.479073
vt 0.280153 0.485733
vt 0.041641 0.344806
vt 0.041611 0.344515
vt 0.041641 0.344511
vt 0.286843 0.479472
vt 0.280208 0.488350
vt 0.188885 0.414840
vt 0.188802 0.412024
vt 0.189299 0.414421
vt 0.216429 0.428736
vt 0.248872 0.448378
vt 0.169833 0.399456
vt 0.296645 0.506489
vt 0.248980 0.467666
vt 0.248872 0.436852
vt 0.188802 0.403368
vt 0.248872 0.423725
vt 0.188802 0.393524
vt 0.296503 0.410871
vt 0.296503 0.429906
vt 0.117946 0.349390
vt 0.118023 0.349281
vt 0.041279 0.334429
vt 0.041236 0.334435
vt 0.096384 0.354298
vt 0.117946 0.354085
vt 0.508422 0.306233
vt 0.398778 0.303221
vt 0.041611 0.344810
vt 0.104624 0.347805
vt 0.117946 0.346656
vt 0.041279 0.334283
vt 0.041236 0.334289
vt 0.118130 0.320282
vt 0.188802 0.341686
vt 0.117946 0.320194
vt 0.096384 0.342284
vt 0.104624 0.339887
vt 0.038839 0.320281
vt 0.274676 0.368362
vt 0.274678 0.365772
vt 0.104624 0.331318
vt 0.104624 0.353864
vt 0.178300 0.301482
vt 0.188996 0.303536
vt 0.649691 0.555792
vt 0.651973 0.554254
vt 0.649715 0.555827
vt 0.117946 0.327981
vt 0.190760 0.365762
vt 0.038839 0.319993
vt 0.038983 0.319993
vt 0.096384 0.329280
vt 0.041243 0.325910
vt 0.152059 0.373786
vt 0.041243 0.325586
vt 0.188802 0.355019
vt 0.117946 0.322870
vt 0.188802 0.344326
vt 0.180348 0.350413
vt 0.040238 0.311617
vt 0.040038 0.311600
vt 0.041098 0.325586
vt 0.041098 0.325910
vt 0.248998 0.420979
vt 0.188913 0.393419
vt 0.248997 0.423622
vt 0.040238 0.311062
vt 0.040038 0.311045
vt 0.180342 0.347739
vt 0.117946 0.315446
vt 0.096384 0.317266
vt 0.337210 0.442707
vt 0.296503 0.448219
vt 0.248872 0.357477
vt 0.296503 0.351187
vt 0.187248 0.344568
vt 0.188967 0.344420
vt 0.187012 0.346604
vt 0.248872 0.360089
vt 0.248872 0.374340
vt 0.248872 0.389163
vt 0.543722 0.629650
vt 0.510080 0.562355
vt 0.296503 0.408037
vt 0.249008 0.389163
vt 0.315967 0.411328
vt 0.250220 0.388939
vt 0.250223 0.391847
vt 0.547461 0.473222
vt 0.190905 0.365762
vt 0.248872 0.392028
vt 0.249008 0.392028
vt 0.118091 0.336263
vt 0.167368 0.369977
vt 0.261201 0.405162
vt 0.167614 0.367080
vt 0.310183 0.329038
vt 0.310188 0.327093
vt 0.337209 0.420607
vt 0.337209 0.420607
vt 0.315966 0.414162
vt 0.480324 0.441887
vt 0.398790 0.432431
vt 0.398846 0.432431
vt 0.117946 0.363679
vt 0.188802 0.421137
vt 0.337313 0.420607
vt 0.251379 0.422275
vt 0.251378 0.424958
vt 0.320046 0.417212
vt 0.337317 0.417854
vt 0.320907 0.414514
vt 0.039718 0.334577
vt 0.188885 0.413830
vt 0.248989 0.448186
vt 0.188888 0.411823
vt 0.337209 0.519301
vt 0.337209 0.526164
vt 0.479766 0.444607
vt 0.480330 0.441888
vt 0.485613 0.416437
vt 0.337209 0.374485
vt 0.490693 0.391963
vt 0.249026 0.332965
vt 0.567648 0.425204
vt 0.692876 0.525765
vt 0.247239 0.468834
vt 0.337209 0.352359
vt 0.118170 0.302423
vt 0.040515 0.304330
vt 0.296645 0.505443
vt 0.248982 0.466618
vt 0.546391 0.475769
vt 0.398790 0.313390
vt 0.337210 0.319153
vt 0.398790 0.324881
vt 0.468918 0.496925
vt 0.527276 0.521352
vt 0.117946 0.358235
vt 0.337210 0.459403
vt 0.398790 0.361004
vt 0.296638 0.450733
vt 0.296503 0.450834
vt 0.248872 0.472262
vt 0.188802 0.431859
vt 0.248872 0.473728
vt 0.398790 0.312410
vt 0.337267 0.307907
vt 0.296638 0.450733
vt 0.337210 0.466504
vt 0.469443 0.494418
vt 0.248979 0.473452
vt 0.296638 0.448118
vt 0.188802 0.380150
vt 0.296604 0.459440
vt 0.296638 0.448118
vt 0.294330 0.457756
vt 0.118173 0.303467
vt 0.244661 0.320751
vt 0.398790 0.485011
vt 0.337209 0.333267
vt 0.490693 0.391963
vt 0.217895 0.388489
vt 0.188802 0.366144
vt 0.185740 0.363415
vt 0.038983 0.320281
vt 0.561685 0.617139
vt 0.509261 0.564340
vt 0.039430 0.314661
vt 0.039430 0.314163
vt 0.038762 0.314178
vt 0.118137 0.322957
vt 0.054111 0.309124
vt 0.054365 0.306173
vt 0.249018 0.360187
vt 0.157408 0.339163
vt 0.310514 0.410870
vt 0.313918 0.408037
vt 0.157594 0.336381
vt 0.249017 0.357576
vt 0.326456 0.417521
vt 0.398790 0.527150
vt 0.398790 0.542605
vt 0.337209 0.371964
vt 0.527253 0.521465
vt 0.398790 0.555077
vt 0.337209 0.463965
vt 0.337210 0.352359
vt 0.296503 0.351187
vt 0.337209 0.519301
vt 0.038762 0.314676
vt 0.117946 0.369406
vt 0.117946 0.368871
vt 0.460173 0.539167
vt 0.398790 0.562155
vt 0.337209 0.539454
vt 0.398790 0.564545
vt 0.043404 0.300168
vt 0.451660 0.580251
vt 0.757702 0.480562
vt 0.508023 0.308472
vt 0.043376 0.354734
vt 0.043376 0.354793
vt 0.337209 0.537272
vt 0.296503 0.514181
vt 0.310653 0.301743
vt 0.736568 0.611454
vt 0.552304 0.623673
vt 0.249030 0.313487
vt 0.337264 0.308926
vt 0.310652 0.302785
vt 0.046887 0.339527
vt 0.046859 0.339731
vt 0.046859 0.339527
vt 0.337210 0.308662
vt 0.479766 0.444607
vt 0.337209 0.486094
vt 0.337209 0.466504
vt 0.296503 0.313210
vt 0.188914 0.390736
vt 0.238423 0.323920
vt 0.249031 0.314530
vt 0.297908 0.454524
vt 0.318457 0.451467
vt 0.231581 0.301477
vt 0.228499 0.318000
vt 0.238421 0.322876
vt 0.038849 0.310492
vt 0.038849 0.310292
vt 0.231576 0.300917
vt 0.228121 0.316678
vt 0.248872 0.313255
vt 0.248872 0.308912
vt 0.248872 0.307445
vt 0.188802 0.303311
vt 0.171700 0.309336
vt 0.188859 0.431568
vt 0.252618 0.299841
vt 0.459703 0.541268
vt 0.459775 0.541070
vt 0.272420 0.301916
vt 0.337261 0.299285
vt 0.333792 0.532439
vt 0.183848 0.425267
vt 0.041911 0.354082
vt 0.041607 0.354079
vt 0.104624 0.357144
vt 0.249030 0.314392
vt 0.315085 0.302799
vt 0.304080 0.301329
vt 0.862883 0.497697
vt 0.924000 0.501446
vt 0.941806 0.502196
vt 0.243740 0.312273
vt 0.244663 0.321795
vt 0.243574 0.312775
vt 0.451554 0.580528
vt 0.494176 0.600289
vt 0.337209 0.395746
vt 0.242786 0.333902
vt 0.249025 0.331006
vt 0.185699 0.412909
vt 0.225643 0.307394
vt 0.181697 0.331658
vt 0.181373 0.325985
vt 0.591270 0.596533
vt 0.225439 0.309195
vt 0.242790 0.335872
vt 0.337209 0.335171
vt 0.248872 0.459827
vt 0.187169 0.428398
vt 0.293763 0.319830
vt 0.398790 0.342171
vt 0.398793 0.342368
vt 0.294846 0.317546
vt 0.337359 0.539203
vt 0.547493 0.473235
vt 0.398781 0.313648
vt 0.398785 0.312668
vt 0.551705 0.650165
vt 0.315082 0.303840
vt 0.304079 0.301466
vt 0.499909 0.347315
vt 0.216400 0.430768
vt 0.181704 0.333639
vt 0.038615 0.310505
vt 0.318455 0.454059
vt 0.180963 0.328710
vt 0.038615 0.310305
vt 0.459703 0.541268
vt 0.780256 0.602306
vt 0.879844 0.490693
vt 0.941110 0.499228
vt 0.878262 0.491346
vt 0.908113 0.553381
vt 0.962567 0.531578
vt 0.906229 0.553614
vt 0.955849 0.531030
vt 0.889031 0.555750
vt 0.174955 0.390506
vt 0.174926 0.392538
vt 0.337209 0.417854
vt 0.248987 0.450172
vt 0.296642 0.482330
vt 0.326460 0.414710
vt 0.398835 0.435061
vt 0.510011 0.562553
vt 0.245605 0.392028
vt 0.152058 0.376748
vt 0.228258 0.384228
vt 0.229039 0.386193
vt 0.261204 0.408069
vt 0.114883 0.324061
vt 0.039718 0.334183
vt 0.096384 0.368469
vt 0.043289 0.354794
vt 0.452075 0.578018
vt 0.117946 0.366236
vt 0.043289 0.354734
vt 0.096384 0.363493
vt 0.117946 0.367293
vt 0.042574 0.351642
vt 0.042574 0.351496
vt 0.042549 0.351503
vt 0.178804 0.422656
vt 0.188865 0.427221
vt 0.178783 0.423714
vt 0.042549 0.351649
vt 0.188868 0.426170
vt 0.292349 0.486619
vt 0.117946 0.360269
vt 0.046887 0.339731
vt 0.569671 0.646402
vt 0.583784 0.643447
vt 0.495139 0.597993
vt 0.188802 0.426437
vt 0.296642 0.484302
vt 0.468918 0.496925
vt 0.527276 0.521352
vt 0.671061 0.625171
vt 0.536651 0.499070
vt 0.610894 0.582865
vt 0.555420 0.638776
vt 0.556935 0.642321
vt 0.556434 0.642484
vt 0.736568 0.611454
vt 0.559181 0.648599
vt 0.292347 0.487667
vt 0.295566 0.455095
vt 0.576957 0.618164
vt 0.574678 0.608186
vt 0.498090 0.590937
vt 0.551451 0.624267
vt 0.497993 0.591193
vt 0.303336 0.493334
vt 0.303335 0.495295
vt 0.185884 0.415243
vt 0.624962 0.634824
vt 0.456334 0.557500
vt 0.398790 0.554096
vt 0.398790 0.555077
vt 0.583784 0.643447
vt 0.587020 0.674061
vt 0.584171 0.643331
vt 0.398897 0.564284
vt 0.585674 0.643051
vt 0.497993 0.591193
vt 0.304584 0.519928
vt 0.545673 0.628291
vt 0.616092 0.602066
vt 0.619960 0.615531
vt 0.619772 0.615654
vt 0.553424 0.675315
vt 0.549523 0.650621
vt 0.562405 0.675037
vt 0.308327 0.522730
vt 0.545141 0.634779
vt 0.546719 0.638351
vt 0.546171 0.638502
vt 0.456334 0.557500
vt 0.618982 0.681943
vt 0.630005 0.681534
vt 0.683037 0.679562
vt 0.602869 0.639451
vt 0.575893 0.607244
vt 0.170168 0.402274
vt 0.117937 0.365963
vt 0.760180 0.526928
vt 0.758661 0.523281
vt 0.759173 0.523149
vt 0.655432 0.577248
vt 0.649682 0.555773
vt 0.655402 0.577194
vt 0.657800 0.575965
vt 0.651940 0.554201
vt 0.778766 0.558461
vt 0.779214 0.562349
vt 0.779764 0.562202
vt 0.398812 0.385006
vt 0.962391 0.531436
vt 0.942505 0.529143
vt 0.892468 0.485480
vt 0.942716 0.499296
vt 0.869413 0.558185
vt 0.941110 0.499228
vt 0.922229 0.551628
vt 0.957482 0.529568
vt 0.943709 0.497207
vt 0.845339 0.504943
vt 0.769107 0.511520
vt 0.786651 0.500453
vt 0.831881 0.585503
vt 0.845998 0.582826
vt 0.803612 0.489755
vt 0.816237 0.481792
vt 0.793182 0.592842
vt 0.812800 0.589122
vt 0.829997 0.585861
vt 0.802031 0.490752
vt 0.816237 0.481792
vt 0.802031 0.490752
vt 0.845339 0.504943
vt 0.708428 0.583773
vt 0.784693 0.564164
vt 0.784698 0.564185
vt 0.759343 0.565432
vt 0.760324 0.569216
vt 0.759319 0.565451
vt 0.930730 0.511519
vt 0.946654 0.512599
vt 0.946886 0.512627
vt 0.861887 0.541541
vt 0.936735 0.520723
vt 0.936895 0.520746
vt 0.948823 0.510856
vt 0.709423 0.587486
vt 0.785609 0.567264
vt 0.709462 0.587449
vt 0.825687 0.513876
vt 0.749396 0.528251
vt 0.825690 0.513886
vt 0.860890 0.539335
vt 0.935621 0.519052
vt 0.860791 0.539338
vt 0.947703 0.509167
vt 0.945835 0.510959
vt 0.947432 0.509143
vt 0.708466 0.583737
vt 0.826626 0.517064
vt 0.750407 0.532042
vt 0.750431 0.532023
vt 0.954862 0.519961
vt 0.955005 0.519864
vt 0.955324 0.519891
vt 0.951565 0.522235
vt 0.955688 0.521603
vt 0.951342 0.522208
vt 0.700401 0.553835
vt 0.776668 0.537056
vt 0.776673 0.537077
vt 0.749420 0.528232
vt 0.950770 0.520603
vt 0.954578 0.519936
vt 0.701400 0.557560
vt 0.777584 0.540157
vt 0.701438 0.557524
vt 0.911801 0.528448
vt 0.835614 0.547579
vt 0.911881 0.528439
vt 0.955968 0.521629
vt 0.956026 0.521527
vt 0.935779 0.519075
vt 0.950544 0.520576
vt 0.700440 0.553799
vt 0.902904 0.508674
vt 0.948426 0.508823
vt 0.948661 0.508843
vt 0.912817 0.530709
vt 0.836546 0.550737
vt 0.836542 0.550727
vt 0.948459 0.509146
vt 0.948763 0.509174
vt 0.936895 0.520746
vt 0.936735 0.520723
vt 0.947938 0.507145
vt 0.901957 0.506374
vt 0.901874 0.506384
vt 0.929608 0.509839
vt 0.946088 0.510988
vt 0.785616 0.567285
vt 0.861788 0.541544
vt 0.953081 0.519608
vt 0.953249 0.519622
vt 0.901873 0.506384
vt 0.949495 0.510818
vt 0.948542 0.510830
vt 0.952533 0.517940
vt 0.930730 0.511519
vt 0.930581 0.511495
vt 0.598502 0.623293
vt 0.618421 0.620188
vt 0.599503 0.626997
vt 0.594627 0.608955
vt 0.613872 0.603211
vt 0.595646 0.612724
vt 0.581908 0.629264
vt 0.582919 0.632967
vt 0.578639 0.617297
vt 0.579667 0.621062
vt 0.554201 0.634321
vt 0.547170 0.633717
vt 0.553177 0.630576
vt 0.549184 0.641022
vt 0.615258 0.598182
vt 0.615074 0.598304
vt 0.760080 0.522689
vt 0.760573 0.526587
vt 0.761085 0.526456
vt 0.564860 0.628774
vt 0.554079 0.630109
vt 0.555113 0.633855
vt 0.567515 0.638502
vt 0.556378 0.638438
vt 0.557400 0.642143
vt 0.577974 0.621932
vt 0.563834 0.625014
vt 0.581126 0.633602
vt 0.566503 0.634794
vt 0.757418 0.480575
vt 0.554703 0.634158
vt 0.548198 0.637448
vt 0.550205 0.644725
vt 0.547078 0.641781
vt 0.776661 0.559217
vt 0.766087 0.519558
vt 0.769117 0.522260
vt 0.768115 0.518501
vt 0.627527 0.672556
vt 0.625164 0.634727
vt 0.662631 0.604229
vt 0.662649 0.604286
vt 0.548101 0.645481
vt 0.672785 0.670881
vt 0.588948 0.673990
vt 0.665178 0.603327
vt 0.665196 0.603384
vt 0.671049 0.625116
vt 0.581908 0.629264
vt 0.622482 0.635344
vt 0.624998 0.672650
vt 0.770466 0.565550
vt 0.768955 0.561925
vt 0.769466 0.561794
vt 0.640307 0.608263
vt 0.662649 0.604286
vt 0.641302 0.611968
vt 0.634860 0.587982
vt 0.656436 0.581010
vt 0.635870 0.591744
vt 0.619772 0.615654
vt 0.620774 0.619355
vt 0.685554 0.591993
vt 0.707077 0.588315
vt 0.686547 0.595702
vt 0.678406 0.565285
vt 0.699188 0.558706
vt 0.679409 0.569031
vt 0.566503 0.634794
vt 0.581125 0.633602
vt 0.567515 0.638502
vt 0.563834 0.625014
vt 0.577974 0.621932
vt 0.564860 0.628774
vt 0.547169 0.633717
vt 0.553177 0.630576
vt 0.770427 0.561459
vt 0.777659 0.562961
vt 0.771427 0.565206
vt 0.767090 0.523319
vt 0.707078 0.588315
vt 0.706088 0.584601
vt 0.699188 0.558706
vt 0.698191 0.554965
vt 0.576265 0.607081
vt 0.661659 0.600577
vt 0.656411 0.580954
vt 0.661637 0.600521
vt 0.657831 0.576019
vt 0.664199 0.599680
vt 0.701400 0.557560
vt 0.698191 0.554965
vt 0.706088 0.584601
vt 0.656436 0.581010
vt 0.852767 0.521594
vt 0.852867 0.521590
vt 0.826630 0.517074
vt 0.952445 0.517933
vt 0.661637 0.600521
vt 0.661659 0.600577
vt 0.657831 0.576019
vt 0.679409 0.569031
vt 0.768567 0.522406
vt 0.580039 0.620899
vt 0.579011 0.617135
vt 0.658840 0.579767
vt 0.664177 0.599624
vt 0.658813 0.579712
vt 0.624998 0.672650
vt 0.760348 0.569197
vt 0.777591 0.540178
vt 0.853757 0.523795
vt 0.618421 0.620188
vt 0.770427 0.561459
vt 0.770917 0.565337
vt 0.612862 0.599440
vt 0.608992 0.584195
vt 0.662631 0.604229
vt 0.668363 0.625679
vt 0.617428 0.616481
vt 0.614059 0.603088
vt 0.649682 0.555773
vt 0.651940 0.554201
vt 0.580124 0.629893
vt 0.622482 0.635344
vt 0.618612 0.620064
vt 0.562925 0.674960
vt 0.559693 0.648476
vt 0.583291 0.632804
vt 0.582280 0.629102
vt 0.655402 0.577194
vt 0.655432 0.577248
vt 0.581498 0.633439
vt 0.584171 0.643331
vt 0.767566 0.518647
vt 0.578347 0.621770
vt 0.580497 0.629730
vt 0.613046 0.599318
vt 0.614059 0.603088
vt 0.577329 0.618001
vt 0.778217 0.558608
vt 0.617617 0.616358
vt 0.618612 0.620064
vt 0.579667 0.621062
vt 0.552806 0.623510
vt 0.551954 0.624104
vt 0.547626 0.641629
vt 0.780750 0.602157
vt 0.617428 0.616481
vt 0.748874 0.486537
vt 0.749725 0.485944
vt 0.544271 0.629498
vt 0.759567 0.522821
vt 0.749725 0.485944
vt 0.545689 0.634627
vt 0.557901 0.641979
vt 0.776673 0.537077
vt 0.826627 0.517064
vt 0.835612 0.547569
vt 0.949786 0.510844
vt 0.952533 0.517940
vt 0.956342 0.521553
vt 0.953249 0.519622
vt 0.852867 0.521590
vt 0.853861 0.523790
vt 0.861887 0.541541
vt 0.785616 0.567285
vt 0.836546 0.550737
vt 0.750408 0.532042
vt 0.785609 0.567264
vt 0.708466 0.583737
vt 0.929459 0.509816
vt 0.947869 0.507141
vt 0.953081 0.519608
vt 0.945835 0.510959
vt 0.912895 0.530700
vt 0.902995 0.508662
vt 0.902995 0.508662
vt 0.780951 0.666888
vt 0.779734 0.602369
vt 0.586058 0.642929
vt 0.622685 0.635250
vt 0.670046 0.670983
vt 0.550080 0.650507
vt 0.789416 0.666576
vt 0.622685 0.635250
vt 0.620965 0.619231
vt 0.616279 0.601943
vt 0.577329 0.618001
vt 0.579011 0.617135
vt 0.555615 0.633692
vt 0.553679 0.630413
vt 0.554582 0.629945
vt 0.555921 0.638613
vt 0.556879 0.638275
vt 0.555921 0.638613
vt 0.768955 0.561925
vt 0.769956 0.565681
vt 0.759668 0.527059
vt 0.769916 0.561590
vt 0.759567 0.522821
vt 0.548650 0.645330
vt 0.581498 0.633439
vt 0.611076 0.582743
vt 0.748874 0.486537
vt 0.576265 0.607081
vt 0.586059 0.642929
vt 0.625164 0.634727
vt 0.779914 0.666926
vt 0.325821 0.341073
vt 0.505559 0.298812
vt 0.325821 0.298812
vt 0.685296 0.298812
vt 0.505559 0.341073
vt 0.173447 0.341073
vt 0.329614 0.341073
vt 0.329614 0.359165
vt 0.180455 0.341073
vt 0.180455 0.359165
vt 0.080790 0.359165
vt 0.071634 0.341073
vt 0.080790 0.341073
vt 0.035882 0.341073
vt 0.071634 0.298812
vt 0.045792 0.341073
vt 0.173447 0.298812
vt 0.035882 0.298812
vt 0.939484 0.298812
vt 0.685296 0.341073
vt 0.975235 0.298812
vt 0.837670 0.298812
vt 0.939484 0.341073
vt 0.975235 0.341073
vt 0.837670 0.341073
vt 0.930328 0.341073
vt 0.830663 0.341073
vt 0.681504 0.341073
vt 0.505559 0.359165
vt 0.681504 0.359165
vt 0.837670 0.359165
vt 0.685296 0.359165
vt 0.830663 0.359165
vt 0.930328 0.359165
vt 0.939484 0.359165
vt 0.837670 0.390913
vt 0.939484 0.390913
vt 0.975235 0.390913
vt 0.975235 0.359165
vt 0.965325 0.359165
vt 0.965325 0.341073
vt 0.681504 0.359166
vt 0.505559 0.359166
vt 0.329614 0.359166
vt 0.071634 0.359165
vt 0.173447 0.359165
vt 0.035882 0.359165
vt 0.045792 0.359165
vt 0.035882 0.390913
vt 0.071634 0.390913
vt 0.173447 0.390913
vt 0.325821 0.359165
vt 0.325821 0.390913
vt 0.505559 0.390913
vt 0.685296 0.390913
vt 0.329614 0.409005
vt 0.329614 0.390913
vt 0.505559 0.409005
vt 0.681504 0.390913
vt 0.180455 0.409005
vt 0.180455 0.390913
vt 0.325821 0.409005
vt 0.173447 0.409005
vt 0.080790 0.409005
vt 0.173447 0.441803
vt 0.071634 0.441803
vt 0.071634 0.409005
vt 0.045792 0.409005
vt 0.035882 0.409005
vt 0.035882 0.441803
vt 0.325821 0.441803
vt 0.505559 0.441803
vt 0.329614 0.441803
vt 0.180455 0.441803
vt 0.685296 0.441803
vt 0.681504 0.441803
vt 0.505559 0.459895
vt 0.329614 0.459895
vt 0.173447 0.459895
vt 0.325821 0.459895
vt 0.180455 0.459895
vt 0.071634 0.459895
vt 0.080790 0.459895
vt 0.080790 0.441803
vt 0.045792 0.459895
vt 0.045792 0.441803
vt 0.071634 0.501106
vt 0.173447 0.501106
vt 0.035882 0.459895
vt 0.035882 0.501106
vt 0.837670 0.501106
vt 0.505559 0.501106
vt 0.325821 0.501106
vt 0.975235 0.501106
vt 0.939484 0.501106
vt 0.837670 0.459895
vt 0.685296 0.501106
vt 0.939484 0.459895
vt 0.975235 0.459895
vt 0.965325 0.459895
vt 0.930328 0.459895
vt 0.965325 0.441803
vt 0.930328 0.441803
vt 0.975235 0.441803
vt 0.939484 0.441803
vt 0.830663 0.459895
vt 0.830663 0.441803
vt 0.837670 0.441803
vt 0.939484 0.409005
vt 0.837670 0.409005
vt 0.930328 0.409005
vt 0.975235 0.409005
vt 0.830663 0.409005
vt 0.965325 0.409005
vt 0.930328 0.390913
vt 0.965325 0.390913
vt 0.830663 0.390913
vt 0.681504 0.409005
vt 0.681504 0.459895
vt 0.685296 0.459895
vt 0.685296 0.409005
vt 0.685296 0.359166
vt 0.325821 0.359166
vt 0.080790 0.390913
vt 0.045792 0.390913
vt 0.500000 0.000118
vt 0.444458 0.031361
vt 0.444458 0.000118
vt 0.500000 0.031361
vt 0.444458 0.062604
vt 0.500000 0.093846
vt 0.444458 0.093846
vt 0.500000 0.125089
vt 0.444458 0.125089
vt 0.500000 0.156331
vt 0.444458 0.156331
vt 0.444458 0.187574
vt 0.500000 0.187574
vt 0.444458 0.218817
vt 0.500000 0.218817
vt 0.444458 0.250059
vt 0.500000 0.250059
vt 0.444458 0.281302
vt 0.500000 0.281302
vt 0.444458 0.312544
vt 0.500000 0.312544
vt 0.444458 0.343787
vt 0.500000 0.343787
vt 0.444458 0.375030
vt 0.500000 0.406272
vt 0.444458 0.406272
vt 0.444458 0.437515
vt 0.500000 0.437515
vt 0.444458 0.468757
vt 0.500000 0.468757
vt 0.444458 0.500000
vt 0.500000 0.500000
vt 0.444458 0.531243
vt 0.500000 0.531243
vt 0.444458 0.562485
vt 0.500000 0.593728
vt 0.444458 0.593728
vt 0.500000 0.624970
vt 0.444458 0.624970
vt 0.444458 0.656213
vt 0.500000 0.656213
vt 0.444458 0.687456
vt 0.500000 0.687456
vt 0.444458 0.718698
vt 0.500000 0.749941
vt 0.444458 0.749941
vt 0.444458 0.781183
vt 0.500000 0.812426
vt 0.444458 0.812426
vt 0.444458 0.843669
vt 0.500000 0.874911
vt 0.444458 0.874911
vt 0.500000 0.906154
vt 0.444458 0.906154
vt 0.500000 0.937396
vt 0.444458 0.937396
vt 0.444458 0.968639
vt 0.500000 0.999882
vt 0.444458 0.999882
vt 0.762543 0.477694
vt 0.977813 0.215388
vt 0.715506 0.000118
vt 0.055661 0.968639
vt 0.000118 0.999882
vt 0.000118 0.968639
vt 0.111203 0.968639
vt 0.055661 0.999882
vt 0.166746 0.968639
vt 0.111203 0.999882
vt 0.222288 0.968639
vt 0.166746 0.999882
vt 0.277830 0.968639
vt 0.222288 0.999882
vt 0.333373 0.968639
vt 0.277830 0.999882
vt 0.388915 0.999882
vt 0.333373 0.999882
vt 0.388915 0.968639
vt 0.000118 0.937396
vt 0.111203 0.937396
vt 0.055661 0.937396
vt 0.222288 0.937396
vt 0.166746 0.937396
vt 0.277830 0.937396
vt 0.333373 0.937396
vt 0.388915 0.937396
vt 0.000118 0.906154
vt 0.111203 0.906154
vt 0.055661 0.906154
vt 0.222288 0.906154
vt 0.166746 0.906154
vt 0.277830 0.906154
vt 0.388915 0.906154
vt 0.333373 0.906154
vt 0.055661 0.874911
vt 0.000118 0.874911
vt 0.111203 0.874911
vt 0.222288 0.874911
vt 0.166746 0.874911
vt 0.277830 0.874911
vt 0.333373 0.874911
vt 0.388915 0.874911
vt 0.055661 0.843669
vt 0.000118 0.843669
vt 0.111203 0.843669
vt 0.222288 0.843669
vt 0.166746 0.843669
vt 0.277830 0.843669
vt 0.333373 0.843669
vt 0.388915 0.843669
vt 0.000118 0.812426
vt 0.111203 0.812426
vt 0.055661 0.812426
vt 0.166746 0.812426
vt 0.277830 0.812426
vt 0.222288 0.812426
vt 0.333373 0.812426
vt 0.388915 0.812426
vt 0.000118 0.781183
vt 0.111203 0.781183
vt 0.055661 0.781183
vt 0.166746 0.781183
vt 0.277830 0.781183
vt 0.222288 0.781183
vt 0.333373 0.781183
vt 0.388915 0.781183
vt 0.055661 0.749941
vt 0.000118 0.749941
vt 0.111203 0.749941
vt 0.222288 0.749941
vt 0.166746 0.749941
vt 0.277830 0.749941
vt 0.333373 0.749941
vt 0.388915 0.749941
vt 0.055661 0.718698
vt 0.000118 0.718698
vt 0.111203 0.718698
vt 0.222288 0.718698
vt 0.166746 0.718698
vt 0.277830 0.718698
vt 0.388915 0.718698
vt 0.333373 0.718698
vt 0.055661 0.687456
vt 0.000118 0.687456
vt 0.111203 0.687456
vt 0.222288 0.687456
vt 0.166746 0.687456
vt 0.277830 0.687456
vt 0.333373 0.687456
vt 0.388915 0.687456
vt 0.000118 0.656213
vt 0.111203 0.656213
vt 0.055661 0.656213
vt 0.222288 0.656213
vt 0.166746 0.656213
vt 0.277830 0.656213
vt 0.333373 0.656213
vt 0.388915 0.656213
vt 0.000118 0.624970
vt 0.111203 0.624970
vt 0.055661 0.624970
vt 0.222288 0.624970
vt 0.166746 0.624970
vt 0.277830 0.624970
vt 0.333373 0.624970
vt 0.388915 0.624970
vt 0.000118 0.593728
vt 0.111203 0.593728
vt 0.055661 0.593728
vt 0.222288 0.593728
vt 0.166746 0.593728
vt 0.277830 0.593728
vt 0.333373 0.593728
vt 0.388915 0.593728
vt 0.000118 0.562485
vt 0.055661 0.562485
vt 0.111203 0.562485
vt 0.166746 0.562485
vt 0.222288 0.562485
vt 0.277830 0.562485
vt 0.388915 0.562485
vt 0.333373 0.562485
vt 0.000118 0.531243
vt 0.055661 0.531243
vt 0.166746 0.531243
vt 0.111203 0.531243
vt 0.166746 0.500000
vt 0.222288 0.500000
vt 0.222288 0.531243
vt 0.277830 0.531243
vt 0.333373 0.531243
vt 0.388915 0.531243
vt 0.055661 0.500000
vt 0.000118 0.500000
vt 0.111203 0.500000
vt 0.277830 0.500000
vt 0.333373 0.500000
vt 0.388915 0.500000
vt 0.000118 0.468757
vt 0.111203 0.468757
vt 0.055661 0.468757
vt 0.166746 0.468757
vt 0.222288 0.468757
vt 0.277830 0.468757
vt 0.388915 0.468757
vt 0.333373 0.468757
vt 0.055661 0.437515
vt 0.000118 0.437515
vt 0.166746 0.437515
vt 0.111203 0.437515
vt 0.222288 0.437515
vt 0.277830 0.437515
vt 0.388915 0.437515
vt 0.333373 0.437515
vt 0.055661 0.406272
vt 0.000118 0.406272
vt 0.166746 0.406272
vt 0.111203 0.406272
vt 0.222288 0.406272
vt 0.277830 0.406272
vt 0.388915 0.406272
vt 0.333373 0.406272
vt 0.055661 0.375030
vt 0.000118 0.375030
vt 0.111203 0.375030
vt 0.222288 0.375030
vt 0.166746 0.375030
vt 0.277830 0.375030
vt 0.333373 0.375030
vt 0.388915 0.375030
vt 0.055661 0.343787
vt 0.000118 0.343787
vt 0.111203 0.343787
vt 0.166746 0.343787
vt 0.222288 0.343787
vt 0.277830 0.343787
vt 0.333373 0.343787
vt 0.388915 0.343787
vt 0.000118 0.312544
vt 0.055661 0.312544
vt 0.166746 0.312544
vt 0.111203 0.312544
vt 0.222288 0.312544
vt 0.277830 0.312544
vt 0.333373 0.312544
vt 0.388915 0.312544
vt 0.055661 0.281302
vt 0.000118 0.281302
vt 0.166746 0.281302
vt 0.111203 0.281302
vt 0.277830 0.281302
vt 0.222288 0.281302
vt 0.333373 0.281302
vt 0.388915 0.281302
vt 0.000118 0.250059
vt 0.055661 0.250059
vt 0.166746 0.250059
vt 0.111203 0.250059
vt 0.222288 0.250059
vt 0.277830 0.250059
vt 0.333373 0.250059
vt 0.388915 0.250059
vt 0.055661 0.218817
vt 0.000118 0.218817
vt 0.166746 0.218817
vt 0.111203 0.218817
vt 0.222288 0.218817
vt 0.277830 0.218817
vt 0.333373 0.218817
vt 0.388915 0.218817
vt 0.000118 0.187574
vt 0.055661 0.187574
vt 0.166746 0.187574
vt 0.111203 0.187574
vt 0.222288 0.187574
vt 0.277830 0.187574
vt 0.388915 0.187574
vt 0.333373 0.187574
vt 0.055661 0.156331
vt 0.000118 0.156331
vt 0.166746 0.156331
vt 0.111203 0.156331
vt 0.222288 0.156331
vt 0.277830 0.156331
vt 0.388915 0.156331
vt 0.333373 0.156331
vt 0.055661 0.125089
vt 0.000118 0.125089
vt 0.111203 0.125089
vt 0.222288 0.125089
vt 0.166746 0.125089
vt 0.277830 0.125089
vt 0.333373 0.125089
vt 0.388915 0.125089
vt 0.000118 0.093846
vt 0.111203 0.093846
vt 0.055661 0.093846
vt 0.222288 0.093846
vt 0.166746 0.093846
vt 0.277830 0.093846
vt 0.333373 0.093846
vt 0.388915 0.093846
vt 0.000118 0.062604
vt 0.055661 0.062604
vt 0.111203 0.062604
vt 0.222288 0.062604
vt 0.166746 0.062604
vt 0.277830 0.062604
vt 0.333373 0.062604
vt 0.388915 0.062604
vt 0.055661 0.031361
vt 0.000118 0.031361
vt 0.111203 0.031361
vt 0.166746 0.031361
vt 0.222288 0.031361
vt 0.277830 0.031361
vt 0.333373 0.031361
vt 0.388915 0.031361
vt 0.055661 0.000118
vt 0.000118 0.000118
vt 0.111203 0.000118
vt 0.222288 0.000118
vt 0.166746 0.000118
vt 0.277830 0.000118
vt 0.388915 0.000118
vt 0.333373 0.000118
vt 0.500000 0.207177
vt 0.500000 0.201864
vt 0.500000 0.843669
vt 0.500000 0.843669
vt 0.500000 0.874911
vt 0.500000 0.562485
vt 0.500000 0.562485
vt 0.500000 0.593728
vt 0.500000 0.312545
vt 0.500000 0.968639
vt 0.500000 0.031361
vt 0.500000 0.031361
vt 0.500000 0.718698
vt 0.500000 0.718698
vt 0.500000 0.437515
vt 0.500000 0.437515
vt 0.500000 0.156332
vt 0.500000 0.156332
vt 0.500000 0.843669
vt 0.500000 0.281302
vt 0.500000 0.656213
vt 0.500000 0.375030
vt 0.500000 0.125089
vt 0.500000 0.781183
vt 0.500000 0.531243
vt 0.500000 0.062604
vt 0.500000 0.468757
vt 0.500000 0.500000
vt 0.500000 0.062604
vt 0.500000 0.187574
vt 0.500000 0.788176
vt 0.500000 0.556492
vt 0.500000 0.340784
vt 0.500000 0.314998
vt 0.500000 0.661088
vt 0.500000 0.803418
vt 0.500000 0.664193
vt 0.500000 0.447581
vt 0.500000 0.420532
vt 0.500000 0.765506
vt 0.500000 0.529252
vt 0.500000 0.289883
vt 0.500000 0.829378
vt 0.500000 0.637579
vt 0.500000 0.393664
vt 0.500000 0.741360
vt 0.500000 0.501990
vt 0.500000 0.265736
vt 0.500000 0.824065
vt 0.500000 0.610711
vt 0.500000 0.367049
vt 0.500000 0.227825
vt 0.500000 0.716245
vt 0.500000 0.474751
vt 0.500000 0.243067
vt 0.500000 0.808405
vt 0.500000 0.583662
vt 0.500000 0.370154
vt 0.500000 0.690459
vt 0.500000 0.222838
vt 0.500000 0.156332
vt 0.500000 0.187574
vt 0.500000 0.749941
vt 0.500000 0.343787
vt 0.500000 0.624970
vt 0.500000 0.968639
vt 0.728438 0.352009
vt 0.629932 0.027278
vt 0.305201 0.125784
vt 0.000100 0.968656
vt 0.055645 0.999900
vt 0.000100 0.999900
vt 0.055645 0.968656
vt 0.111189 0.999900
vt 0.111189 0.968656
vt 0.166734 0.999900
vt 0.222278 0.968656
vt 0.166734 0.968656
vt 0.277822 0.968656
vt 0.222278 0.999900
vt 0.055645 0.937412
vt 0.000100 0.937412
vt 0.111189 0.937412
vt 0.166734 0.937412
vt 0.277822 0.937412
vt 0.222278 0.937412
vt 0.000100 0.906168
vt 0.055645 0.906168
vt 0.166734 0.906168
vt 0.111189 0.906168
vt 0.277822 0.906168
vt 0.222278 0.906168
vt 0.055645 0.874925
vt 0.000100 0.874925
vt 0.111189 0.874925
vt 0.166734 0.874925
vt 0.222278 0.874925
vt 0.000100 0.843681
vt 0.055645 0.843681
vt 0.111189 0.843681
vt 0.222278 0.843681
vt 0.166734 0.843681
vt 0.277822 0.843681
vt 0.000100 0.812437
vt 0.055645 0.812437
vt 0.111189 0.812437
vt 0.166734 0.812437
vt 0.277822 0.812437
vt 0.222278 0.812437
vt 0.000100 0.781193
vt 0.111189 0.781193
vt 0.055645 0.781193
vt 0.166734 0.781193
vt 0.222278 0.781193
vt 0.277822 0.781193
vt 0.000100 0.749950
vt 0.055645 0.749950
vt 0.111189 0.749950
vt 0.222278 0.749950
vt 0.166734 0.749950
vt 0.277822 0.749950
vt 0.055645 0.718706
vt 0.000100 0.718706
vt 0.111189 0.718706
vt 0.166734 0.718706
vt 0.222278 0.718706
vt 0.000100 0.687462
vt 0.055645 0.687462
vt 0.111189 0.687462
vt 0.166734 0.687462
vt 0.277822 0.687462
vt 0.222278 0.687462
vt 0.055645 0.656219
vt 0.000100 0.656219
vt 0.111189 0.656219
vt 0.166734 0.656219
vt 0.277822 0.656219
vt 0.222278 0.656219
vt 0.055645 0.624975
vt 0.000100 0.624975
vt 0.111189 0.624975
vt 0.166734 0.624975
vt 0.277822 0.624975
vt 0.222278 0.624975
vt 0.000100 0.593731
vt 0.055645 0.593731
vt 0.111189 0.593731
vt 0.166734 0.593731
vt 0.222278 0.593731
vt 0.055645 0.562487
vt 0.000100 0.562487
vt 0.111189 0.562487
vt 0.166734 0.562487
vt 0.277822 0.562487
vt 0.222278 0.562487
vt 0.055645 0.531244
vt 0.000100 0.531244
vt 0.111189 0.531244
vt 0.166734 0.531244
vt 0.166734 0.500000
vt 0.222278 0.500000
vt 0.222278 0.531244
vt 0.000100 0.500000
vt 0.055645 0.500000
vt 0.111189 0.500000
vt 0.277822 0.500000
vt 0.055645 0.468756
vt 0.000100 0.468756
vt 0.111189 0.468756
vt 0.166734 0.468756
vt 0.277822 0.468756
vt 0.222278 0.468756
vt 0.000100 0.437513
vt 0.055645 0.437513
vt 0.111189 0.437513
vt 0.166734 0.437513
vt 0.277822 0.437513
vt 0.222278 0.437513
vt 0.000100 0.406269
vt 0.111189 0.406269
vt 0.055645 0.406269
vt 0.166734 0.406269
vt 0.277822 0.406269
vt 0.222278 0.406269
vt 0.055645 0.375025
vt 0.000100 0.375025
vt 0.111189 0.375025
vt 0.166734 0.375025
vt 0.277822 0.375025
vt 0.222278 0.375025
vt 0.000100 0.343781
vt 0.055645 0.343781
vt 0.166734 0.343781
vt 0.111189 0.343781
vt 0.277822 0.343781
vt 0.222278 0.343781
vt 0.000100 0.312538
vt 0.055645 0.312538
vt 0.166734 0.312538
vt 0.111189 0.312538
vt 0.222278 0.312538
vt 0.277822 0.312538
vt 0.055645 0.281294
vt 0.000100 0.281294
vt 0.111189 0.281294
vt 0.166734 0.281294
vt 0.222278 0.281294
vt 0.277822 0.281294
vt 0.000100 0.250050
vt 0.055645 0.250050
vt 0.166734 0.250050
vt 0.111189 0.250050
vt 0.222278 0.250050
vt 0.055645 0.218807
vt 0.000100 0.218807
vt 0.111189 0.218807
vt 0.222278 0.218807
vt 0.166734 0.218807
vt 0.277822 0.218807
vt 0.000100 0.187563
vt 0.055645 0.187563
vt 0.166734 0.187563
vt 0.111189 0.187563
vt 0.222278 0.187563
vt 0.000100 0.156319
vt 0.055645 0.156319
vt 0.166734 0.156319
vt 0.111189 0.156319
vt 0.222278 0.156319
vt 0.277822 0.156319
vt 0.055645 0.125075
vt 0.000100 0.125075
vt 0.166734 0.125075
vt 0.111189 0.125075
vt 0.277822 0.125075
vt 0.222278 0.125075
vt 0.055645 0.093832
vt 0.000100 0.093832
vt 0.166734 0.093832
vt 0.111189 0.093832
vt 0.277822 0.093832
vt 0.222278 0.093832
vt 0.000100 0.062588
vt 0.055645 0.062588
vt 0.166734 0.062588
vt 0.111189 0.062588
vt 0.277822 0.062588
vt 0.222278 0.062588
vt 0.055645 0.031344
vt 0.000100 0.031344
vt 0.111189 0.031344
vt 0.166734 0.031344
vt 0.277822 0.031344
vt 0.222278 0.031344
vt 0.000100 0.000100
vt 0.055645 0.000100
vt 0.111189 0.000100
vt 0.222278 0.000100
vt 0.166734 0.000100
vt 0.277822 0.187563
vt 0.277822 0.999900
vt 0.500000 0.468760
vt 0.500000 0.531240
vt 0.852195 0.450522
vt 0.891301 0.424392
vt 0.924558 0.391135
vt 0.762614 0.000166
vt 0.950688 0.352029
vt 0.852195 0.027340
vt 0.968687 0.308576
vt 0.891301 0.053470
vt 0.977862 0.262447
vt 0.977862 0.215415
vt 0.924558 0.086727
vt 0.968687 0.169286
vt 0.950688 0.125833
vt 0.808742 0.009342
vt 0.669452 0.009342
vt 0.586893 0.053470
vt 0.553636 0.086727
vt 0.715581 0.477696
vt 0.527507 0.125834
vt 0.626000 0.450522
vt 0.509508 0.169286
vt 0.500332 0.215415
vt 0.500332 0.262448
vt 0.553636 0.391135
vt 0.509508 0.308576
vt 0.527507 0.352029
vt 0.669452 0.468521
vt 0.500237 0.262425
vt 0.509414 0.308558
vt 0.586807 0.424385
vt 0.527414 0.352015
vt 0.553546 0.391125
vt 0.625916 0.450517
vt 0.669373 0.468517
vt 0.715506 0.477694
vt 0.808677 0.468517
vt 0.852133 0.450517
vt 0.891243 0.424385
vt 0.924503 0.391124
vt 0.950636 0.352015
vt 0.968636 0.308558
vt 0.977813 0.262425
vt 0.968636 0.169254
vt 0.891243 0.053428
vt 0.950636 0.125798
vt 0.924503 0.086688
vt 0.852133 0.027295
vt 0.808677 0.009295
vt 0.762543 0.000118
vt 0.669373 0.009295
vt 0.625916 0.027295
vt 0.586806 0.053428
vt 0.553546 0.086688
vt 0.527414 0.125798
vt 0.509414 0.169254
vt 0.500237 0.215388
vt 0.287200 0.169242
vt 0.278023 0.215377
vt 0.278023 0.262416
vt 0.287200 0.308551
vt 0.305201 0.352009
vt 0.331334 0.391121
vt 0.364596 0.424382
vt 0.403707 0.450515
vt 0.447165 0.468516
vt 0.493300 0.477693
vt 0.540339 0.477693
vt 0.586474 0.468516
vt 0.629932 0.450515
vt 0.669044 0.424382
vt 0.702305 0.391121
vt 0.746439 0.308551
vt 0.755616 0.262416
vt 0.755616 0.215377
vt 0.746439 0.169243
vt 0.728438 0.125784
vt 0.702305 0.086673
vt 0.669043 0.053412
vt 0.586474 0.009277
vt 0.540339 0.000100
vt 0.493300 0.000100
vt 0.447165 0.009277
vt 0.403707 0.027278
vt 0.364596 0.053412
vt 0.331335 0.086673
vt 0.277822 0.874925
vt 0.277822 0.718706
vt 0.277822 0.593731
vt 0.277822 0.531244
vt 0.277822 0.250050
vt 0.277822 0.000100
s 1
usemtl マテリアル.007
f 2/1/1 75/2/2 74/3/3
f 4/4/4 85/5/5 75/2/2
f 6/6/6 95/7/7 85/5/5
f 8/8/8 105/9/9 95/7/7
f 10/10/10 115/11/11 105/9/9
f 12/12/12 125/13/13 115/11/11
f 14/14/14 135/15/15 125/13/13
f 16/16/16 145/17/17 135/15/15
f 18/18/18 155/19/19 145/17/17
f 20/20/20 165/21/21 155/19/19
f 22/22/22 175/23/23 165/21/21
f 24/24/24 185/25/25 175/23/23
f 26/26/26 195/27/27 185/25/25
f 28/28/28 205/29/29 195/27/27
f 30/30/30 215/31/31 205/29/29
f 215/31/31 34/32/32 225/33/33
f 34/32/32 235/34/34 225/33/33
f 235/34/34 38/35/35 245/36/36
f 245/36/36 40/37/37 255/38/38
f 255/38/38 42/39/39 265/40/40
f 265/40/40 44/41/41 275/42/42
f 275/42/42 46/43/43 285/44/44
f 285/44/44 48/45/45 295/46/46
f 295/46/46 50/47/47 305/48/48
f 305/48/48 52/49/49 315/50/50
f 315/50/50 54/51/51 325/52/52
f 325/52/52 56/53/53 335/54/54
f 335/54/54 58/55/55 345/56/56
f 345/56/56 60/57/57 355/58/58
f 355/58/58 62/59/59 365/60/60
f 8/61/8 6/62/6 30/63/30
f 365/60/60 64/64/61 375/65/62
f 375/65/62 2/66/1 74/67/3
f 1/68/63 31/69/64 35/70/65
f 63/71/66 65/72/67 1/73/63
f 384/74/68 66/75/69 65/72/67
f 383/76/70 67/77/71 66/75/69
f 382/78/72 68/79/73 67/77/71
f 381/80/74 69/81/75 68/79/73
f 380/82/76 70/83/77 69/81/75
f 379/84/78 71/85/79 70/83/77
f 378/86/80 72/87/81 71/85/79
f 377/88/82 73/89/83 72/87/81
f 376/90/84 74/67/3 73/89/83
f 61/91/85 384/74/68 63/71/66
f 374/92/86 383/76/70 384/74/68
f 373/93/87 382/78/72 383/76/70
f 372/94/88 381/80/74 382/78/72
f 371/95/89 380/82/76 381/80/74
f 370/96/90 379/84/78 380/82/76
f 369/97/91 378/86/80 379/84/78
f 368/98/92 377/88/82 378/86/80
f 367/99/93 376/90/84 377/88/82
f 366/100/94 375/65/62 376/90/84
f 59/101/95 374/92/86 61/91/85
f 364/102/96 373/93/87 374/92/86
f 363/103/97 372/94/88 373/93/87
f 362/104/98 371/95/89 372/94/88
f 361/105/99 370/96/90 371/95/89
f 360/106/100 369/97/91 370/96/90
f 359/107/101 368/98/92 369/97/91
f 358/108/102 367/99/93 368/98/92
f 357/109/103 366/100/94 367/99/93
f 356/110/104 365/60/60 366/100/94
f 57/111/105 364/102/96 59/101/95
f 354/112/106 363/103/97 364/102/96
f 353/113/107 362/104/98 363/103/97
f 352/114/108 361/105/99 362/104/98
f 351/115/109 360/106/100 361/105/99
f 350/116/110 359/107/101 360/106/100
f 349/117/111 358/108/102 359/107/101
f 348/118/112 357/109/103 358/108/102
f 347/119/113 356/110/104 357/109/103
f 346/120/114 355/58/58 356/110/104
f 55/121/115 354/112/106 57/111/105
f 344/122/116 353/113/107 354/112/106
f 343/123/117 352/114/108 353/113/107
f 342/124/118 351/115/109 352/114/108
f 341/125/119 350/116/110 351/115/109
f 340/126/120 349/117/111 350/116/110
f 339/127/121 348/118/112 349/117/111
f 338/128/122 347/119/113 348/118/112
f 337/129/123 346/120/114 347/119/113
f 336/130/124 345/56/56 346/120/114
f 53/131/125 344/122/116 55/121/115
f 334/132/126 343/123/117 344/122/116
f 333/133/127 342/124/118 343/123/117
f 332/134/128 341/125/119 342/124/118
f 331/135/129 340/126/120 341/125/119
f 330/136/130 339/127/121 340/126/120
f 329/137/131 338/128/122 339/127/121
f 328/138/132 337/129/123 338/128/122
f 327/139/133 336/130/124 337/129/123
f 326/140/134 335/54/54 336/130/124
f 51/141/135 334/132/126 53/131/125
f 324/142/136 333/133/127 334/132/126
f 323/143/137 332/134/128 333/133/127
f 322/144/138 331/135/129 332/134/128
f 321/145/139 330/136/130 331/135/129
f 320/146/140 329/137/131 330/136/130
f 319/147/141 328/138/132 329/137/131
f 318/148/142 327/139/133 328/138/132
f 316/149/143 327/139/133 317/150/144
f 316/149/143 325/52/52 326/140/134
f 49/151/145 324/142/136 51/141/135
f 314/152/146 323/143/137 324/142/136
f 313/153/147 322/144/138 323/143/137
f 312/154/148 321/145/139 322/144/138
f 311/155/149 320/146/140 321/145/139
f 310/156/150 319/147/141 320/146/140
f 309/157/151 318/148/142 319/147/141
f 308/158/152 317/150/144 318/148/142
f 306/159/153 317/150/144 307/160/154
f 306/159/153 315/50/50 316/149/143
f 47/161/155 314/152/146 49/151/145
f 304/162/156 313/153/147 314/152/146
f 303/163/157 312/154/148 313/153/147
f 302/164/158 311/155/149 312/154/148
f 301/165/159 310/156/150 311/155/149
f 300/166/160 309/157/151 310/156/150
f 298/167/161 309/157/151 299/168/162
f 297/169/163 308/158/152 298/167/161
f 296/170/164 307/160/154 297/169/163
f 295/46/46 306/159/153 296/170/164
f 45/171/165 304/162/156 47/161/155
f 294/172/166 303/163/157 304/162/156
f 293/173/167 302/164/158 303/163/157
f 292/174/168 301/165/159 302/164/158
f 291/175/169 300/166/160 301/165/159
f 289/176/170 300/166/160 290/177/171
f 288/178/172 299/168/162 289/176/170
f 287/179/173 298/167/161 288/178/172
f 286/180/174 297/169/163 287/179/173
f 285/44/44 296/170/164 286/180/174
f 43/181/175 294/172/166 45/171/165
f 284/182/176 293/173/167 294/172/166
f 283/183/177 292/174/168 293/173/167
f 282/184/178 291/175/169 292/174/168
f 280/185/179 291/175/169 281/186/180
f 279/187/181 290/177/171 280/185/179
f 278/188/182 289/176/170 279/187/181
f 277/189/183 288/178/172 278/188/182
f 276/190/184 287/179/173 277/189/183
f 275/42/42 286/180/174 276/190/184
f 41/191/185 284/182/176 43/181/175
f 273/192/186 284/182/176 274/193/187
f 272/194/188 283/183/177 273/192/186
f 271/195/189 282/184/178 272/194/188
f 270/196/190 281/186/180 271/195/189
f 269/197/191 280/185/179 270/196/190
f 268/198/192 279/187/181 269/197/191
f 267/199/193 278/188/182 268/198/192
f 266/200/194 277/189/183 267/199/193
f 265/40/40 276/190/184 266/200/194
f 39/201/195 274/193/187 41/191/185
f 263/202/196 274/193/187 264/203/197
f 262/204/198 273/192/186 263/202/196
f 261/205/199 272/194/188 262/204/198
f 260/206/200 271/195/189 261/205/199
f 259/207/201 270/196/190 260/206/200
f 258/208/202 269/197/191 259/207/201
f 257/209/203 268/198/192 258/208/202
f 256/210/204 267/199/193 257/209/203
f 255/38/38 266/200/194 256/210/204
f 37/211/205 264/203/197 39/201/195
f 253/212/206 264/203/197 254/213/207
f 252/214/208 263/202/196 253/212/206
f 251/215/209 262/204/198 252/214/208
f 250/216/210 261/205/199 251/215/209
f 249/217/211 260/206/200 250/216/210
f 248/218/212 259/207/201 249/217/211
f 247/219/213 258/208/202 248/218/212
f 246/220/214 257/209/203 247/219/213
f 245/36/36 256/210/204 246/220/214
f 35/221/65 254/213/207 37/211/205
f 243/222/215 254/213/207 244/223/216
f 242/224/217 253/212/206 243/222/215
f 241/225/218 252/214/208 242/224/217
f 240/226/219 251/215/209 241/225/218
f 239/227/220 250/216/210 240/226/219
f 238/228/221 249/217/211 239/227/220
f 237/229/222 248/218/212 238/228/221
f 236/230/223 247/219/213 237/229/222
f 235/34/34 246/220/214 236/230/223
f 33/231/224 244/223/216 35/221/65
f 234/232/225 243/222/215 244/223/216
f 232/233/226 243/222/215 233/234/227
f 231/235/228 242/224/217 232/233/226
f 230/236/229 241/225/218 231/235/228
f 229/237/230 240/226/219 230/236/229
f 228/238/231 239/227/220 229/237/230
f 227/239/232 238/228/221 228/238/231
f 226/240/233 237/229/222 227/239/232
f 225/33/33 236/230/223 226/240/233
f 224/241/234 33/231/224 31/242/64
f 223/243/235 234/232/225 224/241/234
f 223/243/235 232/233/226 233/234/227
f 222/244/236 231/235/228 232/233/226
f 221/245/237 230/236/229 231/235/228
f 220/246/238 229/237/230 230/236/229
f 219/247/239 228/238/231 229/237/230
f 218/248/240 227/239/232 228/238/231
f 217/249/241 226/240/233 227/239/232
f 216/250/242 225/33/33 226/240/233
f 214/251/243 31/242/64 29/252/244
f 214/251/243 223/243/235 224/241/234
f 213/253/245 222/244/236 223/243/235
f 212/254/246 221/245/237 222/244/236
f 211/255/247 220/246/238 221/245/237
f 210/256/248 219/247/239 220/246/238
f 209/257/249 218/248/240 219/247/239
f 208/258/250 217/249/241 218/248/240
f 207/259/251 216/250/242 217/249/241
f 206/260/252 215/31/31 216/250/242
f 204/261/253 29/252/244 27/262/254
f 204/261/253 213/253/245 214/251/243
f 203/263/255 212/254/246 213/253/245
f 202/264/256 211/255/247 212/254/246
f 201/265/257 210/256/248 211/255/247
f 200/266/258 209/257/249 210/256/248
f 199/267/259 208/258/250 209/257/249
f 198/268/260 207/259/251 208/258/250
f 197/269/261 206/260/252 207/259/251
f 196/270/262 205/29/29 206/260/252
f 194/271/263 27/262/254 25/272/264
f 194/271/263 203/263/255 204/261/253
f 193/273/265 202/264/256 203/263/255
f 192/274/266 201/265/257 202/264/256
f 191/275/267 200/266/258 201/265/257
f 190/276/268 199/267/259 200/266/258
f 189/277/269 198/268/260 199/267/259
f 188/278/270 197/269/261 198/268/260
f 187/279/271 196/270/262 197/269/261
f 186/280/272 195/27/27 196/270/262
f 184/281/273 25/272/264 23/282/274
f 184/281/273 193/273/265 194/271/263
f 183/283/275 192/274/266 193/273/265
f 182/284/276 191/275/267 192/274/266
f 181/285/277 190/276/268 191/275/267
f 180/286/278 189/277/269 190/276/268
f 179/287/279 188/278/270 189/277/269
f 178/288/280 187/279/271 188/278/270
f 177/289/281 186/280/272 187/279/271
f 176/290/282 185/25/25 186/280/272
f 174/291/283 23/282/274 21/292/284
f 173/293/285 184/281/273 174/291/283
f 172/294/286 183/283/275 173/293/285
f 171/295/287 182/284/276 172/294/286
f 171/295/287 180/286/278 181/285/277
f 170/296/288 179/287/279 180/286/278
f 169/297/289 178/288/280 179/287/279
f 168/298/290 177/289/281 178/288/280
f 167/299/291 176/290/282 177/289/281
f 166/300/292 175/23/23 176/290/282
f 164/301/293 21/292/284 19/302/294
f 163/303/295 174/291/283 164/301/293
f 162/304/296 173/293/285 163/303/295
f 161/305/297 172/294/286 162/304/296
f 160/306/298 171/295/287 161/305/297
f 160/306/298 169/297/289 170/296/288
f 159/307/299 168/298/290 169/297/289
f 158/308/300 167/299/291 168/298/290
f 157/309/301 166/300/292 167/299/291
f 156/310/302 165/21/21 166/300/292
f 154/311/303 19/302/294 17/312/304
f 153/313/305 164/301/293 154/311/303
f 152/314/306 163/303/295 153/313/305
f 151/315/307 162/304/296 152/314/306
f 150/316/308 161/305/297 151/315/307
f 149/317/309 160/306/298 150/316/308
f 149/317/309 158/308/300 159/307/299
f 148/318/310 157/309/301 158/308/300
f 147/319/311 156/310/302 157/309/301
f 146/320/312 155/19/19 156/310/302
f 144/321/313 17/312/304 15/322/314
f 143/323/315 154/311/303 144/321/313
f 142/324/316 153/313/305 143/323/315
f 141/325/317 152/314/306 142/324/316
f 140/326/318 151/315/307 141/325/317
f 139/327/319 150/316/308 140/326/318
f 138/328/320 149/317/309 139/327/319
f 137/329/321 148/318/310 138/328/320
f 137/329/321 146/320/312 147/319/311
f 135/15/15 146/320/312 136/330/322
f 134/331/323 15/322/314 13/332/324
f 133/333/325 144/321/313 134/331/323
f 132/334/326 143/323/315 133/333/325
f 131/335/327 142/324/316 132/334/326
f 130/336/328 141/325/317 131/335/327
f 129/337/329 140/326/318 130/336/328
f 128/338/330 139/327/319 129/337/329
f 127/339/331 138/328/320 128/338/330
f 127/339/331 136/330/322 137/329/321
f 125/13/13 136/330/322 126/340/332
f 124/341/333 13/332/324 11/342/334
f 123/343/335 134/331/323 124/341/333
f 122/344/336 133/333/325 123/343/335
f 121/345/337 132/334/326 122/344/336
f 120/346/338 131/335/327 121/345/337
f 119/347/339 130/336/328 120/346/338
f 118/348/340 129/337/329 119/347/339
f 117/349/341 128/338/330 118/348/340
f 116/350/342 127/339/331 117/349/341
f 115/11/11 126/340/332 116/350/342
f 114/351/343 11/342/334 9/352/344
f 113/353/345 124/341/333 114/351/343
f 112/354/346 123/343/335 113/353/345
f 111/355/347 122/344/336 112/354/346
f 110/356/348 121/345/337 111/355/347
f 109/357/349 120/346/338 110/356/348
f 108/358/350 119/347/339 109/357/349
f 107/359/351 118/348/340 108/358/350
f 106/360/352 117/349/341 107/359/351
f 105/9/9 116/350/342 106/360/352
f 104/361/353 9/352/344 7/362/354
f 103/363/355 114/351/343 104/361/353
f 102/364/356 113/353/345 103/363/355
f 101/365/357 112/354/346 102/364/356
f 100/366/358 111/355/347 101/365/357
f 99/367/359 110/356/348 100/366/358
f 98/368/360 109/357/349 99/367/359
f 97/369/361 108/358/350 98/368/360
f 96/370/362 107/359/351 97/369/361
f 95/7/7 106/360/352 96/370/362
f 94/371/363 7/362/354 5/372/364
f 93/373/365 104/361/353 94/371/363
f 92/374/366 103/363/355 93/373/365
f 91/375/367 102/364/356 92/374/366
f 90/376/368 101/365/357 91/375/367
f 89/377/369 100/366/358 90/376/368
f 88/378/370 99/367/359 89/377/369
f 87/379/371 98/368/360 88/378/370
f 86/380/372 97/369/361 87/379/371
f 85/5/5 96/370/362 86/380/372
f 84/381/373 5/372/364 3/382/374
f 83/383/375 94/371/363 84/381/373
f 82/384/376 93/373/365 83/383/375
f 81/385/377 92/374/366 82/384/376
f 80/386/378 91/375/367 81/385/377
f 79/387/379 90/376/368 80/386/378
f 78/388/380 89/377/369 79/387/379
f 77/389/381 88/378/370 78/388/380
f 76/390/382 87/379/371 77/389/381
f 75/2/2 86/380/372 76/390/382
f 65/391/67 3/382/374 1/392/63
f 66/393/69 84/381/373 65/391/67
f 67/394/71 83/383/375 66/393/69
f 68/395/73 82/384/376 67/394/71
f 69/396/75 81/385/377 68/395/73
f 70/397/77 80/386/378 69/396/75
f 71/398/79 79/387/379 70/397/77
f 72/399/81 78/388/380 71/398/79
f 73/400/83 77/389/381 72/399/81
f 74/3/3 76/390/382 73/400/83
f 2/1/1 4/4/4 75/2/2
f 4/4/4 6/6/6 85/5/5
f 6/6/6 8/8/8 95/7/7
f 8/8/8 10/10/10 105/9/9
f 10/10/10 12/12/12 115/11/11
f 12/12/12 14/14/14 125/13/13
f 14/14/14 16/16/16 135/15/15
f 16/16/16 18/18/18 145/17/17
f 18/18/18 20/20/20 155/19/19
f 20/20/20 22/22/22 165/21/21
f 22/22/22 24/24/24 175/23/23
f 24/24/24 26/26/26 185/25/25
f 26/26/26 28/28/28 195/27/27
f 28/28/28 30/30/30 205/29/29
f 30/30/30 32/2255/2801 215/31/31
f 215/31/31 32/2255/2801 34/32/32
f 34/32/32 36/2256/2802 235/34/34
f 235/34/34 36/2256/2802 38/35/35
f 245/36/36 38/35/35 40/37/37
f 255/38/38 40/37/37 42/39/39
f 265/40/40 42/39/39 44/41/41
f 275/42/42 44/41/41 46/43/43
f 285/44/44 46/43/43 48/45/45
f 295/46/46 48/45/45 50/47/47
f 305/48/48 50/47/47 52/49/49
f 315/50/50 52/49/49 54/51/51
f 325/52/52 54/51/51 56/53/53
f 335/54/54 56/53/53 58/55/55
f 345/56/56 58/55/55 60/57/57
f 355/58/58 60/57/57 62/59/59
f 6/62/6 4/414/4 32/493/2801
f 4/414/4 2/424/1 34/436/32
f 2/424/1 64/489/61 34/436/32
f 64/489/61 62/485/59 36/427/2802
f 34/436/32 64/489/61 36/427/2802
f 62/485/59 60/407/57 40/410/37
f 60/407/57 58/406/55 42/409/39
f 58/406/55 56/415/53 44/483/41
f 56/415/53 54/423/51 46/488/43
f 54/423/51 52/433/49 46/488/43
f 52/433/49 50/494/47 48/491/45
f 46/488/43 52/433/49 48/491/45
f 46/488/43 44/483/41 56/415/53
f 44/483/41 42/409/39 58/406/55
f 42/409/39 40/410/37 60/407/57
f 40/410/37 38/417/35 62/485/59
f 38/417/35 36/427/2802 62/485/59
f 34/436/32 32/493/2801 4/414/4
f 32/493/2801 30/63/30 6/62/6
f 30/63/30 28/487/28 8/61/8
f 28/487/28 26/404/26 10/486/10
f 26/404/26 24/403/24 10/486/10
f 24/403/24 22/412/22 12/490/12
f 10/486/10 24/403/24 12/490/12
f 22/412/22 20/419/20 16/496/16
f 20/419/20 18/429/18 16/496/16
f 16/496/16 14/492/14 22/412/22
f 14/492/14 12/490/12 22/412/22
f 10/486/10 8/61/8 28/487/28
f 365/60/60 62/59/59 64/64/61
f 375/65/62 64/64/61 2/66/1
f 63/438/66 1/68/63 35/70/65
f 1/68/63 3/2257/374 31/69/64
f 3/2257/374 5/2258/364 31/69/64
f 5/2258/364 7/2259/354 29/2260/244
f 31/69/64 5/2258/364 29/2260/244
f 7/2259/354 9/2261/344 25/2262/264
f 9/2261/344 11/2263/334 23/2264/274
f 11/2263/334 13/2265/324 23/2264/274
f 13/2265/324 15/2266/314 21/2267/284
f 23/2264/274 13/2265/324 21/2267/284
f 15/2266/314 17/2268/304 19/2269/294
f 19/2269/294 21/2267/284 15/2266/314
f 23/2264/274 25/2262/264 9/2261/344
f 25/2262/264 27/2270/254 7/2259/354
f 27/2270/254 29/2260/244 7/2259/354
f 31/69/64 33/2271/224 35/70/65
f 35/70/65 37/2272/205 63/438/66
f 37/2272/205 39/2273/195 61/2274/85
f 63/438/66 37/2272/205 61/2274/85
f 39/2273/195 41/2275/185 57/2276/105
f 41/2275/185 43/2277/175 55/437/115
f 43/2277/175 45/2278/165 55/437/115
f 45/2278/165 47/2279/155 53/2280/125
f 55/437/115 45/2278/165 53/2280/125
f 47/2279/155 49/2281/145 51/2282/135
f 51/2282/135 53/2280/125 47/2279/155
f 55/437/115 57/2276/105 41/2275/185
f 57/2276/105 59/2283/95 39/2273/195
f 59/2283/95 61/2274/85 39/2273/195
f 63/71/66 384/74/68 65/72/67
f 384/74/68 383/76/70 66/75/69
f 383/76/70 382/78/72 67/77/71
f 382/78/72 381/80/74 68/79/73
f 381/80/74 380/82/76 69/81/75
f 380/82/76 379/84/78 70/83/77
f 379/84/78 378/86/80 71/85/79
f 378/86/80 377/88/82 72/87/81
f 377/88/82 376/90/84 73/89/83
f 376/90/84 375/65/62 74/67/3
f 61/91/85 374/92/86 384/74/68
f 374/92/86 373/93/87 383/76/70
f 373/93/87 372/94/88 382/78/72
f 372/94/88 371/95/89 381/80/74
f 371/95/89 370/96/90 380/82/76
f 370/96/90 369/97/91 379/84/78
f 369/97/91 368/98/92 378/86/80
f 368/98/92 367/99/93 377/88/82
f 367/99/93 366/100/94 376/90/84
f 366/100/94 365/60/60 375/65/62
f 59/101/95 364/102/96 374/92/86
f 364/102/96 363/103/97 373/93/87
f 363/103/97 362/104/98 372/94/88
f 362/104/98 361/105/99 371/95/89
f 361/105/99 360/106/100 370/96/90
f 360/106/100 359/107/101 369/97/91
f 359/107/101 358/108/102 368/98/92
f 358/108/102 357/109/103 367/99/93
f 357/109/103 356/110/104 366/100/94
f 356/110/104 355/58/58 365/60/60
f 57/111/105 354/112/106 364/102/96
f 354/112/106 353/113/107 363/103/97
f 353/113/107 352/114/108 362/104/98
f 352/114/108 351/115/109 361/105/99
f 351/115/109 350/116/110 360/106/100
f 350/116/110 349/117/111 359/107/101
f 349/117/111 348/118/112 358/108/102
f 348/118/112 347/119/113 357/109/103
f 347/119/113 346/120/114 356/110/104
f 346/120/114 345/56/56 355/58/58
f 55/121/115 344/122/116 354/112/106
f 344/122/116 343/123/117 353/113/107
f 343/123/117 342/124/118 352/114/108
f 342/124/118 341/125/119 351/115/109
f 341/125/119 340/126/120 350/116/110
f 340/126/120 339/127/121 349/117/111
f 339/127/121 338/128/122 348/118/112
f 338/128/122 337/129/123 347/119/113
f 337/129/123 336/130/124 346/120/114
f 336/130/124 335/54/54 345/56/56
f 53/131/125 334/132/126 344/122/116
f 334/132/126 333/133/127 343/123/117
f 333/133/127 332/134/128 342/124/118
f 332/134/128 331/135/129 341/125/119
f 331/135/129 330/136/130 340/126/120
f 330/136/130 329/137/131 339/127/121
f 329/137/131 328/138/132 338/128/122
f 328/138/132 327/139/133 337/129/123
f 327/139/133 326/140/134 336/130/124
f 326/140/134 325/52/52 335/54/54
f 51/141/135 324/142/136 334/132/126
f 324/142/136 323/143/137 333/133/127
f 323/143/137 322/144/138 332/134/128
f 322/144/138 321/145/139 331/135/129
f 321/145/139 320/146/140 330/136/130
f 320/146/140 319/147/141 329/137/131
f 319/147/141 318/148/142 328/138/132
f 318/148/142 317/150/144 327/139/133
f 316/149/143 326/140/134 327/139/133
f 316/149/143 315/50/50 325/52/52
f 49/151/145 314/152/146 324/142/136
f 314/152/146 313/153/147 323/143/137
f 313/153/147 312/154/148 322/144/138
f 312/154/148 311/155/149 321/145/139
f 311/155/149 310/156/150 320/146/140
f 310/156/150 309/157/151 319/147/141
f 309/157/151 308/158/152 318/148/142
f 308/158/152 307/160/154 317/150/144
f 306/159/153 316/149/143 317/150/144
f 306/159/153 305/48/48 315/50/50
f 47/161/155 304/162/156 314/152/146
f 304/162/156 303/163/157 313/153/147
f 303/163/157 302/164/158 312/154/148
f 302/164/158 301/165/159 311/155/149
f 301/165/159 300/166/160 310/156/150
f 300/166/160 299/168/162 309/157/151
f 298/167/161 308/158/152 309/157/151
f 297/169/163 307/160/154 308/158/152
f 296/170/164 306/159/153 307/160/154
f 295/46/46 305/48/48 306/159/153
f 45/171/165 294/172/166 304/162/156
f 294/172/166 293/173/167 303/163/157
f 293/173/167 292/174/168 302/164/158
f 292/174/168 291/175/169 301/165/159
f 291/175/169 290/177/171 300/166/160
f 289/176/170 299/168/162 300/166/160
f 288/178/172 298/167/161 299/168/162
f 287/179/173 297/169/163 298/167/161
f 286/180/174 296/170/164 297/169/163
f 285/44/44 295/46/46 296/170/164
f 43/181/175 284/182/176 294/172/166
f 284/182/176 283/183/177 293/173/167
f 283/183/177 282/184/178 292/174/168
f 282/184/178 281/186/180 291/175/169
f 280/185/179 290/177/171 291/175/169
f 279/187/181 289/176/170 290/177/171
f 278/188/182 288/178/172 289/176/170
f 277/189/183 287/179/173 288/178/172
f 276/190/184 286/180/174 287/179/173
f 275/42/42 285/44/44 286/180/174
f 41/191/185 274/193/187 284/182/176
f 273/192/186 283/183/177 284/182/176
f 272/194/188 282/184/178 283/183/177
f 271/195/189 281/186/180 282/184/178
f 270/196/190 280/185/179 281/186/180
f 269/197/191 279/187/181 280/185/179
f 268/198/192 278/188/182 279/187/181
f 267/199/193 277/189/183 278/188/182
f 266/200/194 276/190/184 277/189/183
f 265/40/40 275/42/42 276/190/184
f 39/201/195 264/203/197 274/193/187
f 263/202/196 273/192/186 274/193/187
f 262/204/198 272/194/188 273/192/186
f 261/205/199 271/195/189 272/194/188
f 260/206/200 270/196/190 271/195/189
f 259/207/201 269/197/191 270/196/190
f 258/208/202 268/198/192 269/197/191
f 257/209/203 267/199/193 268/198/192
f 256/210/204 266/200/194 267/199/193
f 255/38/38 265/40/40 266/200/194
f 37/211/205 254/213/207 264/203/197
f 253/212/206 263/202/196 264/203/197
f 252/214/208 262/204/198 263/202/196
f 251/215/209 261/205/199 262/204/198
f 250/216/210 260/206/200 261/205/199
f 249/217/211 259/207/201 260/206/200
f 248/218/212 258/208/202 259/207/201
f 247/219/213 257/209/203 258/208/202
f 246/220/214 256/210/204 257/209/203
f 245/36/36 255/38/38 256/210/204
f 35/221/65 244/223/216 254/213/207
f 243/222/215 253/212/206 254/213/207
f 242/224/217 252/214/208 253/212/206
f 241/225/218 251/215/209 252/214/208
f 240/226/219 250/216/210 251/215/209
f 239/227/220 249/217/211 250/216/210
f 238/228/221 248/218/212 249/217/211
f 237/229/222 247/219/213 248/218/212
f 236/230/223 246/220/214 247/219/213
f 235/34/34 245/36/36 246/220/214
f 33/231/224 234/232/225 244/223/216
f 234/232/225 233/234/227 243/222/215
f 232/233/226 242/224/217 243/222/215
f 231/235/228 241/225/218 242/224/217
f 230/236/229 240/226/219 241/225/218
f 229/237/230 239/227/220 240/226/219
f 228/238/231 238/228/221 239/227/220
f 227/239/232 237/229/222 238/228/221
f 226/240/233 236/230/223 237/229/222
f 225/33/33 235/34/34 236/230/223
f 224/241/234 234/232/225 33/231/224
f 223/243/235 233/234/227 234/232/225
f 223/243/235 222/244/236 232/233/226
f 222/244/236 221/245/237 231/235/228
f 221/245/237 220/246/238 230/236/229
f 220/246/238 219/247/239 229/237/230
f 219/247/239 218/248/240 228/238/231
f 218/248/240 217/249/241 227/239/232
f 217/249/241 216/250/242 226/240/233
f 216/250/242 215/31/31 225/33/33
f 214/251/243 224/241/234 31/242/64
f 214/251/243 213/253/245 223/243/235
f 213/253/245 212/254/246 222/244/236
f 212/254/246 211/255/247 221/245/237
f 211/255/247 210/256/248 220/246/238
f 210/256/248 209/257/249 219/247/239
f 209/257/249 208/258/250 218/248/240
f 208/258/250 207/259/251 217/249/241
f 207/259/251 206/260/252 216/250/242
f 206/260/252 205/29/29 215/31/31
f 204/261/253 214/251/243 29/252/244
f 204/261/253 203/263/255 213/253/245
f 203/263/255 202/264/256 212/254/246
f 202/264/256 201/265/257 211/255/247
f 201/265/257 200/266/258 210/256/248
f 200/266/258 199/267/259 209/257/249
f 199/267/259 198/268/260 208/258/250
f 198/268/260 197/269/261 207/259/251
f 197/269/261 196/270/262 206/260/252
f 196/270/262 195/27/27 205/29/29
f 194/271/263 204/261/253 27/262/254
f 194/271/263 193/273/265 203/263/255
f 193/273/265 192/274/266 202/264/256
f 192/274/266 191/275/267 201/265/257
f 191/275/267 190/276/268 200/266/258
f 190/276/268 189/277/269 199/267/259
f 189/277/269 188/278/270 198/268/260
f 188/278/270 187/279/271 197/269/261
f 187/279/271 186/280/272 196/270/262
f 186/280/272 185/25/25 195/27/27
f 184/281/273 194/271/263 25/272/264
f 184/281/273 183/283/275 193/273/265
f 183/283/275 182/284/276 192/274/266
f 182/284/276 181/285/277 191/275/267
f 181/285/277 180/286/278 190/276/268
f 180/286/278 179/287/279 189/277/269
f 179/287/279 178/288/280 188/278/270
f 178/288/280 177/289/281 187/279/271
f 177/289/281 176/290/282 186/280/272
f 176/290/282 175/23/23 185/25/25
f 174/291/283 184/281/273 23/282/274
f 173/293/285 183/283/275 184/281/273
f 172/294/286 182/284/276 183/283/275
f 171/295/287 181/285/277 182/284/276
f 171/295/287 170/296/288 180/286/278
f 170/296/288 169/297/289 179/287/279
f 169/297/289 168/298/290 178/288/280
f 168/298/290 167/299/291 177/289/281
f 167/299/291 166/300/292 176/290/282
f 166/300/292 165/21/21 175/23/23
f 164/301/293 174/291/283 21/292/284
f 163/303/295 173/293/285 174/291/283
f 162/304/296 172/294/286 173/293/285
f 161/305/297 171/295/287 172/294/286
f 160/306/298 170/296/288 171/295/287
f 160/306/298 159/307/299 169/297/289
f 159/307/299 158/308/300 168/298/290
f 158/308/300 157/309/301 167/299/291
f 157/309/301 156/310/302 166/300/292
f 156/310/302 155/19/19 165/21/21
f 154/311/303 164/301/293 19/302/294
f 153/313/305 163/303/295 164/301/293
f 152/314/306 162/304/296 163/303/295
f 151/315/307 161/305/297 162/304/296
f 150/316/308 160/306/298 161/305/297
f 149/317/309 159/307/299 160/306/298
f 149/317/309 148/318/310 158/308/300
f 148/318/310 147/319/311 157/309/301
f 147/319/311 146/320/312 156/310/302
f 146/320/312 145/17/17 155/19/19
f 144/321/313 154/311/303 17/312/304
f 143/323/315 153/313/305 154/311/303
f 142/324/316 152/314/306 153/313/305
f 141/325/317 151/315/307 152/314/306
f 140/326/318 150/316/308 151/315/307
f 139/327/319 149/317/309 150/316/308
f 138/328/320 148/318/310 149/317/309
f 137/329/321 147/319/311 148/318/310
f 137/329/321 136/330/322 146/320/312
f 135/15/15 145/17/17 146/320/312
f 134/331/323 144/321/313 15/322/314
f 133/333/325 143/323/315 144/321/313
f 132/334/326 142/324/316 143/323/315
f 131/335/327 141/325/317 142/324/316
f 130/336/328 140/326/318 141/325/317
f 129/337/329 139/327/319 140/326/318
f 128/338/330 138/328/320 139/327/319
f 127/339/331 137/329/321 138/328/320
f 127/339/331 126/340/332 136/330/322
f 125/13/13 135/15/15 136/330/322
f 124/341/333 134/331/323 13/332/324
f 123/343/335 133/333/325 134/331/323
f 122/344/336 132/334/326 133/333/325
f 121/345/337 131/335/327 132/334/326
f 120/346/338 130/336/328 131/335/327
f 119/347/339 129/337/329 130/336/328
f 118/348/340 128/338/330 129/337/329
f 117/349/341 127/339/331 128/338/330
f 116/350/342 126/340/332 127/339/331
f 115/11/11 125/13/13 126/340/332
f 114/351/343 124/341/333 11/342/334
f 113/353/345 123/343/335 124/341/333
f 112/354/346 122/344/336 123/343/335
f 111/355/347 121/345/337 122/344/336
f 110/356/348 120/346/338 121/345/337
f 109/357/349 119/347/339 120/346/338
f 108/358/350 118/348/340 119/347/339
f 107/359/351 117/349/341 118/348/340
f 106/360/352 116/350/342 117/349/341
f 105/9/9 115/11/11 116/350/342
f 104/361/353 114/351/343 9/352/344
f 103/363/355 113/353/345 114/351/343
f 102/364/356 112/354/346 113/353/345
f 101/365/357 111/355/347 112/354/346
f 100/366/358 110/356/348 111/355/347
f 99/367/359 109/357/349 110/356/348
f 98/368/360 108/358/350 109/357/349
f 97/369/361 107/359/351 108/358/350
f 96/370/362 106/360/352 107/359/351
f 95/7/7 105/9/9 106/360/352
f 94/371/363 104/361/353 7/362/354
f 93/373/365 103/363/355 104/361/353
f 92/374/366 102/364/356 103/363/355
f 91/375/367 101/365/357 102/364/356
f 90/376/368 100/366/358 101/365/357
f 89/377/369 99/367/359 100/366/358
f 88/378/370 98/368/360 99/367/359
f 87/379/371 97/369/361 98/368/360
f 86/380/372 96/370/362 97/369/361
f 85/5/5 95/7/7 96/370/362
f 84/381/373 94/371/363 5/372/364
f 83/383/375 93/373/365 94/371/363
f 82/384/376 92/374/366 93/373/365
f 81/385/377 91/375/367 92/374/366
f 80/386/378 90/376/368 91/375/367
f 79/387/379 89/377/369 90/376/368
f 78/388/380 88/378/370 89/377/369
f 77/389/381 87/379/371 88/378/370
f 76/390/382 86/380/372 87/379/371
f 75/2/2 85/5/5 86/380/372
f 65/391/67 84/381/373 3/382/374
f 66/393/69 83/383/375 84/381/373
f 67/394/71 82/384/376 83/383/375
f 68/395/73 81/385/377 82/384/376
f 69/396/75 80/386/378 81/385/377
f 70/397/77 79/387/379 80/386/378
f 71/398/79 78/388/380 79/387/379
f 72/399/81 77/389/381 78/388/380
f 73/400/83 76/390/382 77/389/381
f 74/3/3 75/2/2 76/390/382
usemtl マテリアル.009
f 469/401/383 532/402/384 533/401/385
f 408/403/386 494/404/387 493/403/388
f 470/405/389 533/401/385 534/405/390
f 390/62/391 485/61/392 484/62/393
f 442/406/394 511/407/395 510/406/396
f 471/408/397 534/405/390 535/408/398
f 426/409/399 501/410/400 424/410/401
f 472/411/402 535/408/398 536/411/403
f 408/403/386 492/412/404 406/412/405
f 472/411/402 537/413/406 473/413/407
f 388/414/408 484/62/393 481/414/409
f 440/415/410 510/406/396 509/415/411
f 473/413/407 538/416/412 474/416/413
f 422/417/414 501/410/400 500/417/415
f 474/416/413 539/418/416 475/418/417
f 404/419/418 492/412/404 491/419/419
f 475/418/417 540/420/420 476/420/421
f 449/421/422 514/422/423 450/422/424
f 440/415/410 508/423/425 438/423/426
f 386/424/427 481/414/409 482/424/428
f 476/420/421 541/425/429 477/425/430
f 451/426/431 514/422/423 515/426/432
f 420/427/433 500/417/415 499/427/434
f 478/428/435 541/425/429 542/428/436
f 402/429/437 491/419/419 490/429/438
f 451/426/431 516/430/439 452/430/440
f 479/431/441 542/428/436 543/431/442
f 452/430/440 517/432/443 453/432/444
f 436/433/445 508/423/425 507/433/446
f 479/431/441 544/434/447 480/434/448
f 422/417/414 406/412/405 390/62/391
f 454/435/449 517/432/443 518/435/450
f 418/436/451 499/427/434 498/436/452
f 439/437/453 447/438/454 415/69/455
f 480/434/448 385/73/456 447/71/454
f 479/431/441 447/71/454 445/91/457
f 478/428/435 445/91/457 443/101/458
f 441/111/459 478/428/435 443/101/458
f 439/121/453 477/425/430 441/111/459
f 475/418/417 439/121/453 437/131/460
f 474/416/413 437/131/460 435/141/461
f 433/151/462 474/416/413 435/141/461
f 472/411/402 433/151/462 431/161/463
f 471/408/397 431/161/463 429/171/464
f 427/181/465 471/408/397 429/171/464
f 425/191/466 470/405/389 427/181/465
f 423/201/467 469/401/383 425/191/466
f 421/211/468 468/402/469 423/201/467
f 466/439/470 421/211/468 419/221/471
f 465/440/472 419/221/471 417/231/473
f 464/441/474 417/231/473 415/242/455
f 463/442/475 415/242/455 413/252/476
f 462/443/477 413/252/476 411/262/478
f 461/444/479 411/262/478 409/272/480
f 460/445/481 409/272/480 407/282/482
f 459/446/483 407/282/482 405/292/484
f 458/447/485 405/292/484 403/302/486
f 401/312/487 458/447/485 403/302/486
f 456/448/488 401/312/487 399/322/489
f 455/449/490 399/322/489 397/332/491
f 395/342/492 455/449/490 397/332/491
f 453/432/444 395/342/492 393/352/493
f 452/430/440 393/352/493 391/362/494
f 389/372/495 452/430/440 391/362/494
f 450/422/424 389/372/495 387/382/496
f 449/421/422 387/382/496 385/392/456
f 482/1/428 547/450/497 546/451/498
f 547/450/497 484/6/393 549/452/499
f 484/6/393 551/453/500 549/452/499
f 485/8/392 553/454/501 551/453/500
f 486/10/502 555/455/503 553/454/501
f 487/12/504 557/456/505 555/455/503
f 488/14/506 559/457/507 557/456/505
f 489/16/508 561/458/509 559/457/507
f 561/458/509 491/20/419 563/459/510
f 563/459/510 492/22/404 565/460/511
f 565/460/511 493/24/388 567/461/512
f 567/461/512 494/26/387 569/462/513
f 569/462/513 495/28/514 571/463/515
f 571/463/515 496/30/516 573/464/517
f 496/30/516 575/465/518 573/464/517
f 575/465/518 498/32/452 577/466/519
f 498/32/452 579/467/520 577/466/519
f 579/467/520 500/35/415 581/468/521
f 500/35/415 583/469/522 581/468/521
f 501/37/400 585/470/523 583/469/522
f 502/39/524 587/471/525 585/470/523
f 503/41/526 589/472/527 587/471/525
f 504/43/528 591/473/529 589/472/527
f 505/45/530 593/474/531 591/473/529
f 593/474/531 507/49/446 595/475/532
f 595/475/532 508/51/425 597/476/533
f 597/476/533 509/53/411 599/477/534
f 599/477/534 510/55/396 601/478/535
f 601/478/535 511/57/395 603/479/536
f 603/479/536 512/59/537 605/480/538
f 512/59/537 607/481/539 605/480/538
f 607/481/539 482/66/428 546/482/498
f 428/483/540 502/409/524 426/409/399
f 467/484/541 532/402/384 468/402/469
f 446/485/542 511/407/395 444/407/543
f 394/486/544 485/61/392 392/61/545
f 467/484/541 530/439/546 531/484/547
f 410/404/548 495/487/514 494/404/387
f 465/440/472 530/439/546 466/439/470
f 428/483/540 504/488/528 503/483/526
f 465/440/472 528/441/549 529/440/550
f 448/489/551 512/485/537 446/485/542
f 396/490/552 486/486/502 394/486/544
f 463/442/475 528/441/549 464/441/474
f 414/63/553 495/487/514 412/487/554
f 463/442/475 526/443/555 527/442/556
f 432/491/557 504/488/528 430/488/558
f 461/444/479 526/443/555 462/443/477
f 386/424/427 513/489/559 448/489/551
f 460/445/481 525/444/560 461/444/479
f 396/490/552 488/492/506 487/490/504
f 416/493/561 496/63/516 414/63/553
f 459/446/483 524/445/562 460/445/481
f 434/494/563 505/491/530 432/491/557
f 458/447/485 523/446/564 459/446/483
f 458/447/485 521/495/565 522/447/566
f 400/496/567 488/492/506 398/492/568
f 418/436/451 497/493/569 416/493/561
f 457/495/570 520/448/571 521/495/565
f 434/494/563 507/433/446 506/494/572
f 456/448/488 519/449/573 520/448/571
f 455/449/490 518/435/450 519/449/573
f 402/429/437 489/496/508 400/496/567
f 449/497/422 544/434/447 483/497/574
f 608/498/575 483/497/574 544/434/447
f 608/498/575 546/482/498 545/499/576
f 543/431/442 608/498/575 544/434/447
f 605/480/538 608/498/575 606/500/577
f 604/501/578 543/431/442 542/428/436
f 603/479/536 606/500/577 604/501/578
f 602/502/579 542/428/436 541/425/429
f 601/478/535 604/501/578 602/502/579
f 540/420/420 602/502/579 541/425/429
f 599/477/534 602/502/579 600/503/580
f 598/504/581 540/420/420 539/418/416
f 597/476/533 600/503/580 598/504/581
f 596/505/582 539/418/416 538/416/412
f 595/475/532 598/504/581 596/505/582
f 594/506/583 538/416/412 537/413/406
f 593/474/531 596/505/582 594/506/583
f 592/507/584 537/413/406 536/411/403
f 592/507/584 593/474/531 594/506/583
f 535/408/398 592/507/584 536/411/403
f 590/508/585 591/473/529 592/507/584
f 534/405/390 590/508/585 535/408/398
f 587/471/525 590/508/585 588/509/586
f 533/401/385 588/509/586 534/405/390
f 585/470/523 588/509/586 586/510/587
f 532/402/384 586/510/587 533/401/385
f 584/511/588 585/470/523 586/510/587
f 531/484/547 584/511/588 532/402/384
f 582/512/589 583/469/522 584/511/588
f 580/513/590 531/484/547 530/439/546
f 580/513/590 581/468/521 582/512/589
f 529/440/550 580/513/590 530/439/546
f 577/466/519 580/513/590 578/514/591
f 576/515/592 529/440/550 528/441/549
f 575/465/518 578/514/591 576/515/592
f 527/442/556 576/515/592 528/441/549
f 573/464/517 576/515/592 574/516/593
f 572/517/594 527/442/556 526/443/555
f 571/463/515 574/516/593 572/517/594
f 570/518/595 526/443/555 525/444/560
f 569/462/513 572/517/594 570/518/595
f 568/519/596 525/444/560 524/445/562
f 568/519/596 569/462/513 570/518/595
f 566/520/597 524/445/562 523/446/564
f 566/520/597 567/461/512 568/519/596
f 564/521/598 523/446/564 522/447/566
f 563/459/510 566/520/597 564/521/598
f 521/495/565 564/521/598 522/447/566
f 561/458/509 564/521/598 562/522/599
f 520/448/571 562/522/599 521/495/565
f 560/523/600 561/458/509 562/522/599
f 519/449/573 560/523/600 520/448/571
f 558/524/601 559/457/507 560/523/600
f 518/435/450 558/524/601 519/449/573
f 556/525/602 557/456/505 558/524/601
f 554/526/603 518/435/450 517/432/443
f 554/526/603 555/455/503 556/525/602
f 516/430/439 554/526/603 517/432/443
f 552/527/604 553/454/501 554/526/603
f 515/426/432 552/527/604 516/430/439
f 550/528/605 551/453/500 552/527/604
f 548/529/606 515/426/432 514/422/423
f 548/529/606 549/452/499 550/528/605
f 483/421/574 548/529/606 514/422/423
f 546/451/498 548/529/606 545/530/576
f 469/401/383 468/402/469 532/402/384
f 408/403/386 410/404/548 494/404/387
f 470/405/389 469/401/383 533/401/385
f 390/62/391 392/61/545 485/61/392
f 442/406/394 444/407/543 511/407/395
f 471/408/397 470/405/389 534/405/390
f 426/409/399 502/409/524 501/410/400
f 472/411/402 471/408/397 535/408/398
f 408/403/386 493/403/388 492/412/404
f 472/411/402 536/411/403 537/413/406
f 388/414/408 390/62/391 484/62/393
f 440/415/410 442/406/394 510/406/396
f 473/413/407 537/413/406 538/416/412
f 422/417/414 424/410/401 501/410/400
f 474/416/413 538/416/412 539/418/416
f 404/419/418 406/412/405 492/412/404
f 475/418/417 539/418/416 540/420/420
f 449/421/422 483/421/574 514/422/423
f 440/415/410 509/415/411 508/423/425
f 386/424/427 388/414/408 481/414/409
f 476/420/421 540/420/420 541/425/429
f 451/426/431 450/422/424 514/422/423
f 420/427/433 422/417/414 500/417/415
f 478/428/435 477/425/430 541/425/429
f 402/429/437 404/419/418 491/419/419
f 451/426/431 515/426/432 516/430/439
f 479/431/441 478/428/435 542/428/436
f 452/430/440 516/430/439 517/432/443
f 436/433/445 438/423/426 508/423/425
f 479/431/441 543/431/442 544/434/447
f 390/62/391 388/414/408 386/424/427
f 386/424/427 448/489/551 446/485/542
f 446/485/542 444/407/543 438/423/426
f 444/407/543 442/406/394 438/423/426
f 442/406/394 440/415/410 438/423/426
f 438/423/426 436/433/445 434/494/563
f 434/494/563 432/491/557 430/488/558
f 430/488/558 428/483/540 426/409/399
f 426/409/399 424/410/401 430/488/558
f 424/410/401 422/417/414 430/488/558
f 422/417/414 420/427/433 418/436/451
f 418/436/451 416/493/561 414/63/553
f 414/63/553 412/487/554 406/412/405
f 412/487/554 410/404/548 406/412/405
f 410/404/548 408/403/386 406/412/405
f 406/412/405 404/419/418 402/429/437
f 402/429/437 400/496/567 398/492/568
f 398/492/568 396/490/552 394/486/544
f 394/486/544 392/61/545 398/492/568
f 392/61/545 390/62/391 398/492/568
f 390/62/391 386/424/427 446/485/542
f 438/423/426 434/494/563 430/488/558
f 422/417/414 418/436/451 414/63/553
f 406/412/405 402/429/437 398/492/568
f 390/62/391 446/485/542 438/423/426
f 438/423/426 430/488/558 422/417/414
f 422/417/414 414/63/553 406/412/405
f 406/412/405 398/492/568 390/62/391
f 390/62/391 438/423/426 422/417/414
f 454/435/449 453/432/444 517/432/443
f 418/436/451 420/427/433 499/427/434
f 447/438/454 385/68/456 391/2259/494
f 385/68/456 387/2257/496 391/2259/494
f 387/2257/496 389/2258/495 391/2259/494
f 391/2259/494 393/2261/493 395/2263/492
f 395/2263/492 397/2265/491 391/2259/494
f 397/2265/491 399/2266/489 391/2259/494
f 399/2266/489 401/2268/487 403/2269/486
f 403/2269/486 405/2267/484 399/2266/489
f 405/2267/484 407/2264/482 399/2266/489
f 407/2264/482 409/2262/480 411/2270/478
f 411/2270/478 413/2260/476 415/69/455
f 415/69/455 417/2271/473 423/2273/467
f 417/2271/473 419/70/471 423/2273/467
f 419/70/471 421/2272/468 423/2273/467
f 423/2273/467 425/2275/466 427/2277/465
f 427/2277/465 429/2278/464 423/2273/467
f 429/2278/464 431/2279/463 423/2273/467
f 431/2279/463 433/2281/462 435/2282/461
f 435/2282/461 437/2280/460 431/2279/463
f 437/2280/460 439/437/453 431/2279/463
f 439/437/453 441/2276/459 443/2283/458
f 443/2283/458 445/2274/457 447/438/454
f 407/2264/482 411/2270/478 415/69/455
f 439/437/453 443/2283/458 447/438/454
f 447/438/454 391/2259/494 399/2266/489
f 399/2266/489 407/2264/482 447/438/454
f 407/2264/482 415/69/455 447/438/454
f 415/69/455 423/2273/467 431/2279/463
f 431/2279/463 439/437/453 415/69/455
f 480/434/448 449/497/422 385/73/456
f 479/431/441 480/434/448 447/71/454
f 478/428/435 479/431/441 445/91/457
f 441/111/459 477/425/430 478/428/435
f 439/121/453 476/420/421 477/425/430
f 475/418/417 476/420/421 439/121/453
f 474/416/413 475/418/417 437/131/460
f 433/151/462 473/413/407 474/416/413
f 472/411/402 473/413/407 433/151/462
f 471/408/397 472/411/402 431/161/463
f 427/181/465 470/405/389 471/408/397
f 425/191/466 469/401/383 470/405/389
f 423/201/467 468/402/469 469/401/383
f 421/211/468 467/484/541 468/402/469
f 466/439/470 467/484/541 421/211/468
f 465/440/472 466/439/470 419/221/471
f 464/441/474 465/440/472 417/231/473
f 463/442/475 464/441/474 415/242/455
f 462/443/477 463/442/475 413/252/476
f 461/444/479 462/443/477 411/262/478
f 460/445/481 461/444/479 409/272/480
f 459/446/483 460/445/481 407/282/482
f 458/447/485 459/446/483 405/292/484
f 401/312/487 457/495/570 458/447/485
f 456/448/488 457/495/570 401/312/487
f 455/449/490 456/448/488 399/322/489
f 395/342/492 454/435/449 455/449/490
f 453/432/444 454/435/449 395/342/492
f 452/430/440 453/432/444 393/352/493
f 389/372/495 451/426/431 452/430/440
f 450/422/424 451/426/431 389/372/495
f 449/421/422 450/422/424 387/382/496
f 482/1/428 481/4/409 547/450/497
f 547/450/497 481/4/409 484/6/393
f 484/6/393 485/8/392 551/453/500
f 485/8/392 486/10/502 553/454/501
f 486/10/502 487/12/504 555/455/503
f 487/12/504 488/14/506 557/456/505
f 488/14/506 489/16/508 559/457/507
f 489/16/508 490/18/438 561/458/509
f 561/458/509 490/18/438 491/20/419
f 563/459/510 491/20/419 492/22/404
f 565/460/511 492/22/404 493/24/388
f 567/461/512 493/24/388 494/26/387
f 569/462/513 494/26/387 495/28/514
f 571/463/515 495/28/514 496/30/516
f 496/30/516 497/2255/569 575/465/518
f 575/465/518 497/2255/569 498/32/452
f 498/32/452 499/2256/434 579/467/520
f 579/467/520 499/2256/434 500/35/415
f 500/35/415 501/37/400 583/469/522
f 501/37/400 502/39/524 585/470/523
f 502/39/524 503/41/526 587/471/525
f 503/41/526 504/43/528 589/472/527
f 504/43/528 505/45/530 591/473/529
f 505/45/530 506/47/572 593/474/531
f 593/474/531 506/47/572 507/49/446
f 595/475/532 507/49/446 508/51/425
f 597/476/533 508/51/425 509/53/411
f 599/477/534 509/53/411 510/55/396
f 601/478/535 510/55/396 511/57/395
f 603/479/536 511/57/395 512/59/537
f 512/59/537 513/64/559 607/481/539
f 607/481/539 513/64/559 482/66/428
f 428/483/540 503/483/526 502/409/524
f 467/484/541 531/484/547 532/402/384
f 446/485/542 512/485/537 511/407/395
f 394/486/544 486/486/502 485/61/392
f 467/484/541 466/439/470 530/439/546
f 410/404/548 412/487/554 495/487/514
f 465/440/472 529/440/550 530/439/546
f 428/483/540 430/488/558 504/488/528
f 465/440/472 464/441/474 528/441/549
f 448/489/551 513/489/559 512/485/537
f 396/490/552 487/490/504 486/486/502
f 463/442/475 527/442/556 528/441/549
f 414/63/553 496/63/516 495/487/514
f 463/442/475 462/443/477 526/443/555
f 432/491/557 505/491/530 504/488/528
f 461/444/479 525/444/560 526/443/555
f 386/424/427 482/424/428 513/489/559
f 460/445/481 524/445/562 525/444/560
f 396/490/552 398/492/568 488/492/506
f 416/493/561 497/493/569 496/63/516
f 459/446/483 523/446/564 524/445/562
f 434/494/563 506/494/572 505/491/530
f 458/447/485 522/447/566 523/446/564
f 458/447/485 457/495/570 521/495/565
f 400/496/567 489/496/508 488/492/506
f 418/436/451 498/436/452 497/493/569
f 457/495/570 456/448/488 520/448/571
f 434/494/563 436/433/445 507/433/446
f 456/448/488 455/449/490 519/449/573
f 455/449/490 454/435/449 518/435/450
f 402/429/437 490/429/438 489/496/508
f 449/497/422 480/434/448 544/434/447
f 608/498/575 545/499/576 483/497/574
f 608/498/575 607/481/539 546/482/498
f 543/431/442 606/500/577 608/498/575
f 605/480/538 607/481/539 608/498/575
f 604/501/578 606/500/577 543/431/442
f 603/479/536 605/480/538 606/500/577
f 602/502/579 604/501/578 542/428/436
f 601/478/535 603/479/536 604/501/578
f 540/420/420 600/503/580 602/502/579
f 599/477/534 601/478/535 602/502/579
f 598/504/581 600/503/580 540/420/420
f 597/476/533 599/477/534 600/503/580
f 596/505/582 598/504/581 539/418/416
f 595/475/532 597/476/533 598/504/581
f 594/506/583 596/505/582 538/416/412
f 593/474/531 595/475/532 596/505/582
f 592/507/584 594/506/583 537/413/406
f 592/507/584 591/473/529 593/474/531
f 535/408/398 590/508/585 592/507/584
f 590/508/585 589/472/527 591/473/529
f 534/405/390 588/509/586 590/508/585
f 587/471/525 589/472/527 590/508/585
f 533/401/385 586/510/587 588/509/586
f 585/470/523 587/471/525 588/509/586
f 532/402/384 584/511/588 586/510/587
f 584/511/588 583/469/522 585/470/523
f 531/484/547 582/512/589 584/511/588
f 582/512/589 581/468/521 583/469/522
f 580/513/590 582/512/589 531/484/547
f 580/513/590 579/467/520 581/468/521
f 529/440/550 578/514/591 580/513/590
f 577/466/519 579/467/520 580/513/590
f 576/515/592 578/514/591 529/440/550
f 575/465/518 577/466/519 578/514/591
f 527/442/556 574/516/593 576/515/592
f 573/464/517 575/465/518 576/515/592
f 572/517/594 574/516/593 527/442/556
f 571/463/515 573/464/517 574/516/593
f 570/518/595 572/517/594 526/443/555
f 569/462/513 571/463/515 572/517/594
f 568/519/596 570/518/595 525/444/560
f 568/519/596 567/461/512 569/462/513
f 566/520/597 568/519/596 524/445/562
f 566/520/597 565/460/511 567/461/512
f 564/521/598 566/520/597 523/446/564
f 563/459/510 565/460/511 566/520/597
f 521/495/565 562/522/599 564/521/598
f 561/458/509 563/459/510 564/521/598
f 520/448/571 560/523/600 562/522/599
f 560/523/600 559/457/507 561/458/509
f 519/449/573 558/524/601 560/523/600
f 558/524/601 557/456/505 559/457/507
f 518/435/450 556/525/602 558/524/601
f 556/525/602 555/455/503 557/456/505
f 554/526/603 556/525/602 518/435/450
f 554/526/603 553/454/501 555/455/503
f 516/430/439 552/527/604 554/526/603
f 552/527/604 551/453/500 553/454/501
f 515/426/432 550/528/605 552/527/604
f 550/528/605 549/452/499 551/453/500
f 548/529/606 550/528/605 515/426/432
f 548/529/606 547/450/497 549/452/499
f 483/421/574 545/530/576 548/529/606
f 546/451/498 547/450/497 548/529/606
usemtl マテリアル
f 1580/531/607 1578/532/608 1577/533/609
f 1581/534/610 1585/535/611 1584/536/612
f 611/537/613 609/535/614 612/536/615
f 1588/538/616 1587/539/617 790/540/618
f 1455/541/619 2065/542/620 2064/543/621
f 1586/537/622 799/544/623 1587/539/617
f 617/538/624 611/537/613 619/545/625
f 1625/546/626 1621/547/627 1622/532/628
f 618/548/629 617/538/624 619/545/625
f 781/549/630 783/550/631 782/551/632
f 611/537/613 610/544/633 609/535/614
f 621/549/634 619/545/625 611/537/613
f 625/552/635 623/553/636 624/554/637
f 624/554/637 623/553/636 621/549/634
f 624/554/637 621/549/634 611/537/613
f 1444/555/638 1441/556/639 1443/557/640
f 639/558/641 646/559/642 644/560/643
f 624/554/637 628/561/644 626/562/645
f 611/537/613 627/563/646 624/554/637
f 627/563/646 628/561/644 624/554/637
f 1191/564/647 1119/565/648 1120/566/649
f 1612/567/650 1609/568/651 1610/569/652
f 628/561/644 630/570/653 626/562/645
f 1009/571/654 1006/572/655 1007/573/656
f 1466/574/657 1465/575/658 1464/576/659
f 759/577/660 756/578/661 758/579/662
f 1471/580/663 1469/581/664 1433/582/665
f 1382/583/666 1381/584/667 1216/585/668
f 644/560/643 2038/586/669 642/587/670
f 766/558/671 765/563/672 763/588/673
f 1041/589/674 650/590/675 651/591/676
f 778/592/677 772/593/678 777/552/679
f 1043/594/680 1046/595/681 1044/596/682
f 1505/597/683 1508/598/684 1506/598/685
f 1606/599/686 1515/567/687 1605/600/688
f 1615/601/689 1606/599/686 1607/599/690
f 809/602/691 806/603/692 808/604/693
f 644/560/643 640/605/694 639/558/641
f 1033/591/695 643/606/696 641/590/697
f 1035/589/698 641/590/697 1036/607/699
f 1468/608/700 1467/609/701 1466/574/657
f 1033/591/695 1032/610/702 1031/611/703
f 657/612/704 660/613/705 658/614/706
f 1359/615/707 1357/616/708 1356/617/709
f 1028/612/710 643/606/696 1029/618/711
f 1164/619/712 1030/620/713 1165/621/714
f 707/622/715 704/623/716 706/624/717
f 1028/612/710 1024/613/718 636/625/719
f 1468/608/700 1458/626/720 1453/627/721
f 719/628/722 677/629/723 674/630/724
f 1027/631/725 1024/613/718 1025/632/726
f 1544/633/727 1589/634/728 1546/635/729
f 1350/636/730 1354/637/731 1351/638/732
f 1050/639/733 1047/640/734 1049/641/735
f 668/642/736 667/643/737 669/644/738
f 1272/645/739 1541/646/740 1540/647/741
f 667/643/737 666/648/742 670/649/743
f 667/643/737 670/649/743 669/644/738
f 1563/555/744 1558/650/745 1562/557/746
f 1472/651/747 1467/609/701 1471/580/663
f 1156/652/748 1157/653/749 1152/649/750
f 676/654/751 674/630/724 673/655/752
f 675/656/753 673/655/752 671/657/754
f 676/654/751 673/655/752 675/656/753
f 669/644/738 674/630/724 677/629/723
f 948/658/755 951/659/756 947/660/757
f 679/661/758 677/629/723 678/662/759
f 668/642/736 669/644/738 677/629/723
f 679/661/758 668/642/736 677/629/723
f 680/663/760 679/661/758 678/662/759
f 1133/663/761 1132/664/762 1131/665/763
f 1171/666/764 1134/661/765 1135/642/766
f 1114/667/767 1131/665/763 1132/664/762
f 1127/668/768 1112/669/769 1130/670/770
f 1129/671/771 1131/665/763 1127/668/768
f 684/669/772 685/670/773 686/672/774
f 685/670/773 689/673/775 686/672/774
f 685/670/773 687/674/776 689/673/775
f 685/670/773 688/675/777 687/674/776
f 685/670/773 683/668/778 688/675/777
f 1564/676/779 1562/557/746 1560/677/780
f 1465/575/658 1460/678/781 1464/576/659
f 693/679/782 691/680/783 690/681/784
f 693/679/782 690/681/784 692/682/785
f 694/683/786 691/680/783 693/679/782
f 1116/679/787 1189/684/788 1185/685/789
f 693/679/782 692/682/785 696/686/790
f 693/679/782 696/686/790 695/685/791
f 696/686/790 697/687/792 700/687/793
f 696/686/790 701/687/794 697/687/792
f 699/688/795 695/685/791 696/686/790
f 696/686/790 692/682/785 701/687/794
f 696/686/790 700/687/793 698/689/796
f 699/688/795 696/686/790 698/689/796
f 697/687/792 701/687/794 702/623/797
f 634/578/798 631/577/799 632/579/800
f 688/675/777 702/623/797 687/674/776
f 688/675/777 703/623/792 702/623/797
f 697/687/792 702/623/797 703/623/792
f 688/675/777 704/623/716 703/623/792
f 700/687/793 703/623/792 704/623/716
f 700/687/793 697/687/792 703/623/792
f 1026/614/801 1025/632/726 1024/613/718
f 700/687/793 704/623/716 705/690/802
f 688/675/777 706/624/717 704/623/716
f 614/539/803 617/538/624 615/540/804
f 708/671/805 706/624/717 688/675/777
f 708/671/805 709/691/806 706/624/717
f 898/692/807 923/693/808 921/694/809
f 708/671/805 711/695/810 709/691/806
f 716/696/811 712/697/812 713/698/813
f 712/697/812 715/699/814 713/698/813
f 712/697/812 717/700/815 715/699/814
f 714/701/816 710/702/817 712/697/812
f 716/696/811 714/701/816 712/697/812
f 713/698/813 715/699/814 717/700/815
f 711/695/810 718/703/818 717/700/815
f 713/698/813 717/700/815 718/703/818
f 680/663/760 678/662/759 718/703/818
f 680/663/760 718/703/818 711/695/810
f 713/698/813 678/662/759 719/628/722
f 716/696/811 713/698/813 719/628/722
f 720/704/819 719/628/722 674/630/724
f 716/696/811 719/628/722 720/704/819
f 1145/704/820 1176/705/821 1175/706/822
f 720/704/819 674/630/724 676/654/751
f 1380/707/823 1369/708/824 1372/709/825
f 1395/710/826 1394/711/827 1393/712/828
f 1636/713/829 754/714/830 755/715/831
f 724/716/832 725/717/833 728/718/834
f 1587/539/617 798/719/835 793/720/836
f 724/716/832 728/718/834 726/721/837
f 726/721/837 728/718/834 729/722/838
f 905/723/839 854/724/840 859/725/841
f 728/718/834 731/726/842 730/727/843
f 1021/728/844 1018/729/845 1020/730/846
f 732/731/847 730/727/843 731/726/842
f 1409/732/848 1412/733/849 1411/734/850
f 727/735/851 736/736/852 735/737/853
f 736/736/852 733/738/854 735/737/853
f 1032/610/702 1030/620/713 1031/611/703
f 734/739/855 733/738/854 737/740/856
f 739/741/857 737/740/856 738/742/858
f 734/739/855 737/740/856 739/741/857
f 743/572/859 740/743/860 736/736/852
f 1198/744/861 1202/742/862 1201/745/863
f 663/631/864 666/648/742 664/746/865
f 743/572/859 742/573/866 740/743/860
f 727/735/851 743/572/859 736/736/852
f 1638/747/867 752/748/868 750/749/869
f 1470/750/870 1468/608/700 1453/627/721
f 1375/751/871 622/551/872 1377/752/873
f 1007/573/656 1010/753/874 1009/571/654
f 1012/754/875 1009/571/654 1010/753/874
f 1014/749/876 1011/755/877 1012/754/875
f 1016/748/878 1012/754/875 1013/756/879
f 1012/754/875 1015/757/880 1013/756/879
f 1018/729/845 1016/748/878 1017/758/881
f 1376/759/882 1199/760/883 1200/761/884
f 1000/738/885 1003/762/886 1002/737/887
f 1022/713/888 1019/714/889 1023/763/890
f 968/764/891 829/765/892 959/766/893
f 1479/767/894 1476/768/895 1475/769/896
f 629/770/897 632/579/800 631/577/799
f 1023/763/890 1024/613/718 1022/713/888
f 1192/771/898 1194/772/899 1193/773/900
f 639/558/641 637/774/901 638/588/902
f 627/563/646 629/770/897 628/561/644
f 759/577/660 771/562/903 772/593/678
f 1612/567/650 1607/599/690 1611/600/904
f 768/559/905 646/559/642 769/561/906
f 765/563/672 767/775/907 768/559/905
f 769/561/906 765/563/672 768/559/905
f 627/563/646 639/558/641 638/588/902
f 771/562/903 770/570/908 769/561/906
f 771/562/903 769/561/906 627/563/646
f 627/563/646 769/561/906 646/559/642
f 626/562/645 625/552/635 624/554/637
f 626/562/645 631/577/799 633/593/909
f 773/554/910 771/562/903 774/545/911
f 774/545/911 771/562/903 775/568/912
f 1625/546/626 613/776/913 1623/531/914
f 1379/592/915 633/593/909 634/578/798
f 1626/777/916 1621/547/627 1618/778/917
f 1101/641/918 1097/595/919 1098/640/920
f 630/570/653 629/770/897 631/577/799
f 781/549/630 780/553/921 773/554/910
f 1363/779/922 1367/780/923 1366/781/924
f 691/680/783 689/673/775 690/681/784
f 894/782/925 734/739/855 895/783/926
f 620/550/927 1373/784/928 1374/785/929
f 1374/785/929 617/538/624 618/548/629
f 1616/786/930 1617/787/931 1449/788/932
f 745/789/933 748/754/934 746/753/935
f 1043/594/680 1040/790/936 1041/589/674
f 804/791/937 803/792/938 805/793/939
f 1520/794/940 1522/795/941 1521/796/942
f 1361/797/943 1362/798/944 1360/799/945
f 834/800/946 1591/801/947 1592/802/948
f 1399/803/949 610/544/633 1398/804/950
f 1398/804/950 614/539/803 616/720/951
f 813/732/952 809/602/691 812/805/953
f 888/705/954 720/704/819 721/706/955
f 1402/791/956 1401/792/957 1400/806/958
f 929/807/959 927/808/960 786/809/961
f 1405/604/962 1403/793/963 1404/603/964
f 1408/805/965 1405/604/962 1353/602/966
f 1404/603/964 1353/602/966 1405/604/962
f 1198/744/861 1200/761/884 1199/760/883
f 1628/810/967 1482/811/968 1307/812/969
f 1337/813/970 1335/814/971 1338/815/972
f 1410/816/973 1406/817/974 1408/805/965
f 816/818/975 815/734/976 817/819/977
f 1062/666/978 679/661/758 681/664/979
f 747/820/980 750/749/869 748/754/934
f 816/818/975 817/819/977 818/821/981
f 1382/583/666 1384/822/982 1383/823/983
f 1378/824/984 1377/752/873 622/551/872
f 821/825/985 822/826/986 825/827/987
f 824/828/988 822/826/986 821/825/985
f 823/829/989 821/825/985 819/830/990
f 824/828/988 821/825/985 823/829/989
f 827/831/991 826/832/992 825/827/987
f 818/821/981 825/827/987 826/832/992
f 827/831/991 825/827/987 822/826/986
f 829/765/892 827/831/991 828/833/993
f 828/833/993 827/831/991 830/834/994
f 1595/835/995 1598/836/996 1596/837/997
f 818/821/981 826/832/992 827/831/991
f 829/765/892 818/821/981 827/831/991
f 832/838/998 831/839/999 822/826/986
f 656/618/1000 653/611/1001 652/606/1002
f 834/800/946 833/840/1003 832/838/998
f 824/828/988 832/838/998 822/826/986
f 824/828/988 834/800/946 832/838/998
f 828/833/993 831/839/999 832/838/998
f 836/841/1004 835/842/1005 837/843/1006
f 839/844/1007 835/842/1005 836/841/1004
f 833/840/1003 838/845/1008 835/842/1005
f 839/844/1007 828/833/993 835/842/1005
f 837/843/1006 835/842/1005 838/845/1008
f 1547/846/1009 1538/811/1010 1539/847/1011
f 1425/844/1012 1344/766/1013 1343/848/1014
f 829/765/892 828/833/993 839/844/1007
f 1331/849/1015 1341/850/1016 1333/851/1017
f 1221/852/1018 1395/710/826 1397/853/1019
f 708/671/805 682/665/1020 680/663/760
f 843/851/1021 844/854/1022 845/855/1023
f 844/854/1022 848/856/1024 845/855/1023
f 844/854/1022 846/857/1025 848/856/1024
f 844/854/1022 847/858/1026 846/857/1025
f 844/854/1022 842/859/1027 847/858/1026
f 1099/860/1028 1100/861/1029 1094/861/1030
f 1600/862/1031 863/863/1032 1598/836/996
f 852/864/1033 849/865/1034 850/866/1035
f 852/864/1033 851/814/1036 849/865/1034
f 853/711/1037 851/814/1036 852/864/1033
f 986/867/1038 989/868/1039 983/869/1040
f 852/864/1033 850/866/1035 855/870/1041
f 852/864/1033 855/870/1041 854/724/840
f 855/870/1041 856/871/792 860/871/1042
f 855/870/1041 858/871/1043 856/871/792
f 859/725/841 854/724/840 855/870/1041
f 855/870/1041 860/871/1042 857/872/1044
f 859/725/841 855/870/1041 857/872/1044
f 855/870/1041 850/866/1035 858/871/1043
f 999/873/1045 1002/737/887 997/874/1046
f 867/875/1047 861/875/1048 860/871/1042
f 860/871/1042 856/871/792 862/863/1049
f 860/871/1042 862/863/1049 863/863/1032
f 860/871/1042 863/863/1032 864/876/1050
f 860/871/1042 864/876/1050 865/871/1051
f 1080/877/1052 1075/878/1053 1079/877/1054
f 795/879/1055 792/880/1056 794/881/1057
f 872/882/1058 869/883/1059 868/884/1060
f 869/883/1059 871/885/1061 868/884/1060
f 870/886/1062 868/884/1060 861/875/1048
f 872/882/1058 868/884/1060 870/886/1062
f 1246/887/1063 1235/888/1064 1237/889/1065
f 873/890/1066 869/883/1059 872/882/1058
f 874/891/1067 872/882/1058 870/886/1062
f 876/892/1068 874/891/1067 875/893/1069
f 874/891/1067 878/894/1070 875/893/1069
f 874/891/1067 877/895/1071 878/894/1070
f 874/891/1067 870/886/1062 877/895/1071
f 1246/887/1063 1245/896/1072 1247/897/1073
f 1392/898/1074 1336/899/1075 1340/900/1076
f 882/869/1077 879/901/1078 880/902/1079
f 882/869/1077 881/903/1080 879/901/1078
f 883/868/1081 881/903/1080 882/869/1077
f 983/869/1040 1176/705/821 1184/904/1082
f 882/869/1077 880/902/1079 885/905/1083
f 882/869/1077 885/905/1083 884/904/1084
f 885/905/1083 886/690/792 705/690/802
f 885/905/1083 887/690/1085 886/690/792
f 714/701/816 884/904/1084 885/905/1083
f 885/905/1083 705/690/802 707/622/715
f 714/701/816 885/905/1083 707/622/715
f 885/905/1083 880/902/1079 887/690/1085
f 705/690/802 887/690/1085 867/875/1047
f 911/906/1086 912/907/1087 910/853/1088
f 705/690/802 886/690/792 887/690/1085
f 1184/904/1082 1177/696/1089 1178/701/1090
f 998/908/1091 1148/909/1092 1175/706/822
f 883/868/1081 729/722/838 881/903/1080
f 726/721/837 729/722/838 883/868/1081
f 881/903/1080 729/722/838 889/910/1093
f 891/911/1094 890/912/1095 889/910/1093
f 891/911/1094 889/910/1093 729/722/838
f 892/913/1096 876/892/1068 891/911/1094
f 876/892/1068 875/893/1069 891/911/1094
f 892/913/1096 891/911/1094 730/727/843
f 875/893/1069 890/912/1095 891/911/1094
f 732/731/847 892/913/1096 730/727/843
f 993/913/1097 1239/890/1098 1242/914/1099
f 873/890/1066 892/913/1096 893/914/1100
f 1224/915/1101 1243/782/1102 1242/914/1099
f 1503/916/1103 1508/598/684 1507/597/1104
f 1559/917/1105 1562/557/746 1558/650/745
f 896/918/1106 900/919/1107 897/915/1108
f 898/692/807 899/920/1109 896/918/1106
f 896/918/1106 899/920/1109 900/919/1107
f 897/915/1108 900/919/1107 901/921/1110
f 900/919/1107 903/922/1111 901/921/1110
f 1368/923/1112 1366/781/924 1367/780/923
f 903/922/1111 906/924/1113 901/921/1110
f 907/925/1114 903/922/1111 902/926/1115
f 903/922/1111 904/927/1116 906/924/1113
f 905/723/839 904/927/1116 903/922/1111
f 907/925/1114 905/723/839 903/922/1111
f 1231/928/1117 1225/929/1118 1233/930/1119
f 908/852/1120 907/925/1114 902/926/1115
f 716/696/811 884/904/1084 714/701/816
f 989/868/1039 1175/706/822 1176/705/821
f 1149/931/1121 1152/649/750 1150/932/1122
f 1219/933/1123 1397/853/1019 1384/822/982
f 913/934/1124 908/852/1120 916/935/1125
f 1215/936/1126 1209/937/1127 1214/938/1128
f 1317/802/1129 1316/939/1130 1315/940/1131
f 913/934/1124 916/935/1125 915/941/1132
f 908/852/1120 902/926/1115 916/935/1125
f 845/855/1023 963/942/1133 962/943/1134
f 915/941/1132 916/935/1125 917/944/1135
f 919/945/1136 918/946/1137 899/920/1109
f 898/692/807 919/945/1136 899/920/1109
f 1256/947/1138 1254/871/1139 1255/863/1140
f 914/583/1141 911/906/1086 913/934/1124
f 1426/948/1142 1422/949/1143 1424/950/1144
f 1546/635/729 1551/951/1145 1549/952/1146
f 1383/823/983 1364/953/1147 1382/583/666
f 1030/620/713 1028/612/710 1029/618/711
f 1217/954/1148 1380/707/823 1206/955/1149
f 1205/741/1150 1000/738/885 1244/956/1151
f 1204/957/1152 1201/745/863 1202/742/862
f 978/875/1153 1247/897/1073 1245/896/1072
f 1203/808/1154 1372/709/825 1376/759/882
f 1155/629/1155 1143/958/1156 1144/630/1157
f 652/606/1002 657/612/704 656/618/1000
f 1197/959/1158 1199/760/883 1196/960/1159
f 1430/634/1160 1312/961/1161 1313/635/1162
f 1005/716/1163 1174/962/1164 1148/909/1092
f 958/850/1165 841/849/1166 843/851/1021
f 1191/564/647 1115/963/1167 1117/964/1168
f 1545/965/1169 1539/847/1011 1543/966/1170
f 797/797/1171 796/798/1172 794/881/1057
f 1368/923/1112 1381/584/667 1365/967/1173
f 1365/967/1173 1364/953/1147 1362/798/944
f 1209/937/1127 1206/955/1149 1207/693/1174
f 1161/968/1175 1159/969/1176 1160/970/1177
f 1352/971/1178 1355/972/1179 1354/637/731
f 1331/849/1015 1325/973/1180 1329/841/1181
f 1216/585/668 1215/936/1126 1214/938/1128
f 912/907/1087 946/974/1182 947/660/757
f 946/974/1182 945/616/1183 948/658/755
f 946/974/1182 948/658/755 947/660/757
f 727/735/851 744/975/1184 743/572/859
f 805/793/939 808/604/693 806/603/692
f 1391/976/1185 1341/850/1016 1342/977/1186
f 1480/978/1187 1288/979/1188 1483/980/1189
f 1048/981/1190 1051/982/1191 1049/641/735
f 957/977/1192 954/983/1193 951/659/756
f 955/984/1194 951/659/756 949/636/1195
f 957/977/1192 951/659/756 955/984/1194
f 948/658/755 952/617/1196 950/985/1197
f 1343/848/1014 1342/977/1186 1341/850/1016
f 960/900/1198 963/942/1133 961/898/1199
f 881/903/1080 878/894/1070 879/901/1078
f 958/850/1165 962/943/1134 960/900/1198
f 853/711/1037 963/942/1133 851/814/1036
f 964/712/1200 963/942/1133 853/711/1037
f 891/911/1094 728/718/834 730/727/843
f 964/712/1200 961/898/1199 963/942/1133
f 1281/986/1201 1278/979/1202 1279/980/1203
f 1388/987/1204 1393/712/828 1392/898/1074
f 1229/723/1205 1251/724/1206 1396/988/1207
f 956/989/1208 947/660/757 951/659/756
f 958/850/1165 843/851/1021 962/943/1134
f 843/851/1021 845/855/1023 962/943/1134
f 954/983/1193 966/990/1209 967/991/1210
f 947/660/757 967/991/1210 966/990/1209
f 912/907/1087 947/660/757 966/990/1209
f 917/944/1135 919/945/1136 915/941/1132
f 1113/992/1211 1108/993/1212 1115/963/1167
f 955/984/1194 949/636/1195 969/994/1213
f 1533/678/1214 1530/575/1215 1529/576/1216
f 1159/969/1176 1135/642/766 1158/995/1217
f 739/741/857 738/742/858 926/996/1218
f 904/927/1116 871/885/1061 906/924/1113
f 906/924/1113 971/997/1219 901/921/1110
f 869/883/1059 906/924/1113 871/885/1061
f 906/924/1113 972/998/1220 971/997/1219
f 972/998/1220 901/921/1110 971/997/1219
f 1239/890/1098 1240/882/1221 1238/999/1222
f 897/915/1108 901/921/1110 972/998/1220
f 873/890/1066 972/998/1220 869/883/1059
f 889/910/1093 875/893/1069 881/903/1080
f 905/723/839 859/725/841 904/927/1116
f 904/927/1116 973/1000/1223 871/885/1061
f 859/725/841 973/1000/1223 904/927/1116
f 859/725/841 857/872/1044 973/1000/1223
f 870/886/1062 867/875/1047 877/895/1071
f 870/886/1062 974/875/792 867/875/1047
f 870/886/1062 861/875/1048 974/875/792
f 867/875/1047 974/875/792 861/875/1048
f 700/687/793 867/875/1047 866/875/1224
f 700/687/793 705/690/802 867/875/1047
f 866/875/1224 975/690/1225 979/690/1226
f 1526/1001/1227 1556/1002/1228 1563/555/744
f 981/886/1229 976/1003/1230 866/875/1224
f 978/875/1153 977/875/792 866/875/1224
f 981/886/1229 866/875/1224 977/875/792
f 865/871/1051 978/875/1153 866/875/1224
f 700/687/793 866/875/1224 980/687/1231
f 866/875/1224 979/690/1226 980/687/1231
f 765/563/672 764/770/1232 763/588/673
f 984/905/1233 975/690/1225 982/1004/1234
f 982/1004/1234 986/867/1038 983/869/1040
f 983/869/1040 984/905/1233 982/1004/1234
f 982/1004/1234 985/1005/1235 986/867/1038
f 993/913/1097 990/911/1236 991/892/1237
f 1203/808/1154 1200/761/884 1201/745/863
f 987/1006/1238 991/892/1237 990/911/1236
f 1630/1007/1239 1233/930/1119 1234/1008/1240
f 888/705/954 882/869/1077 884/904/1084
f 990/911/1236 992/1009/1241 994/1010/1242
f 994/1010/1242 988/722/1243 990/911/1236
f 1223/919/1244 1220/1011/1245 1213/1012/1246
f 988/722/1243 995/1013/1247 996/1014/1248
f 1253/864/1249 1396/988/1207 1251/724/1206
f 998/908/1091 996/1014/1248 997/874/1046
f 993/913/1097 999/873/1045 992/1009/1241
f 1214/938/1128 1218/1015/1250 1216/585/668
f 1001/731/1251 1000/738/885 999/873/1045
f 993/913/1097 1001/731/1251 999/873/1045
f 997/874/1046 992/1009/1241 999/873/1045
f 748/754/934 752/748/868 749/756/1252
f 1005/716/1163 997/874/1046 1002/737/887
f 1551/951/1145 1554/1016/1253 1552/1017/1254
f 1005/716/1163 1002/737/887 1004/1018/1255
f 1360/799/945 1356/617/709 1358/1019/1256
f 743/572/859 745/789/933 742/573/866
f 1477/1020/1257 1472/651/747 1476/768/895
f 943/615/1258 945/616/1183 944/823/1259
f 740/743/860 737/740/856 736/736/852
f 1522/795/941 1529/576/1216 1527/574/1260
f 1385/1021/1261 1383/823/983 1384/822/982
f 723/1022/1262 724/716/832 722/1023/1263
f 749/756/1252 753/758/1264 754/714/830
f 753/758/1264 755/715/831 754/714/830
f 1475/769/896 1480/978/1187 1479/767/894
f 1636/713/829 1637/728/1265 663/631/864
f 877/895/1071 887/690/1085 880/902/1079
f 1419/829/1266 1430/634/1160 1431/1024/1267
f 664/746/865 667/643/737 665/969/1268
f 1411/734/850 1408/805/965 1409/732/848
f 1534/768/1269 1537/767/1270 1535/769/1271
f 1545/965/1169 1544/633/727 1546/635/729
f 657/612/704 655/620/1272 656/618/1000
f 1633/1025/1273 982/1004/1234 976/1003/1230
f 832/838/998 835/842/1005 828/833/993
f 655/620/1272 654/610/1274 653/611/1001
f 1286/1026/1275 1628/810/967 1294/1027/1276
f 820/1028/1277 819/830/990 817/819/977
f 1627/1029/1278 1484/1030/1279 1492/1031/1280
f 1313/635/1162 1471/580/663 1433/582/665
f 1029/618/711 1031/611/703 1030/620/713
f 1078/1032/1281 1187/689/1282 1190/1032/1283
f 1495/1033/1284 1508/598/684 1510/1033/1285
f 1037/1034/1286 1035/589/698 1036/607/699
f 1096/594/1287 1038/790/1288 1099/860/1028
f 860/871/1042 866/875/1224 867/875/1047
f 1008/975/1289 1004/1018/1255 1006/572/655
f 1041/589/674 1045/1035/1290 1043/594/680
f 1035/589/698 1034/1035/1291 1033/591/695
f 1121/687/1292 1120/566/649 1119/565/648
f 1268/1036/1293 1272/645/739 1271/1037/1294
f 1536/1038/1295 1280/1039/1296 1537/767/1270
f 1049/641/735 1052/1040/1297 1050/639/733
f 625/552/635 1195/1041/1298 1378/824/984
f 1470/750/870 1451/1042/1299 1447/1001/1300
f 1049/641/735 1051/982/1191 1052/1040/1297
f 1050/639/733 1052/1040/1297 1053/1043/1301
f 666/648/742 672/652/1302 670/649/743
f 1052/1040/1297 1056/1044/1303 1054/1045/1304
f 1323/1046/1305 1321/1047/1306 1322/1048/1307
f 1058/1049/1308 1054/1045/1304 1056/1044/1303
f 1434/1016/1309 1431/1024/1267 1432/1017/1310
f 939/967/1311 941/1050/1312 940/584/1313
f 1345/1051/1314 1348/994/1315 1347/1052/1316
f 1058/1049/1308 1061/1053/1317 1054/1045/1304
f 941/1050/1312 944/823/1259 914/583/1141
f 1253/864/1249 1339/1054/1318 1394/711/827
f 1063/667/1319 684/669/772 1064/1055/1320
f 1061/1053/1317 1063/667/1319 1055/1056/1321
f 1063/667/1319 1064/1055/1320 1055/1056/1321
f 684/669/772 686/672/774 1064/1055/1320
f 1388/987/1204 1389/1057/1322 1387/1058/1323
f 1064/1055/1320 1067/1059/1324 1055/1056/1321
f 686/672/774 1066/1060/1325 1064/1055/1320
f 1065/1061/1326 1067/1059/1324 1064/1055/1320
f 1125/623/1327 1183/1062/1328 1128/1063/1329
f 1065/1061/1326 1053/1043/1301 1068/1064/1330
f 1069/1065/1331 686/672/774 691/680/783
f 691/680/783 1065/1061/1326 1069/1065/1331
f 694/683/786 1065/1061/1326 691/680/783
f 1070/1066/1332 1065/1061/1326 694/683/786
f 1070/1066/1332 1053/1043/1301 1065/1061/1326
f 1118/683/1333 1086/1067/1334 1189/684/788
f 1087/772/1335 1103/1066/1336 1102/639/1337
f 1050/639/733 1053/1043/1301 1070/1066/1332
f 1189/684/788 1084/1068/1338 1082/1069/1339
f 1185/685/789 1082/1069/1339 1188/688/1340
f 1074/1068/1341 1073/1069/1342 1075/878/1053
f 1073/1069/1342 1076/1070/1343 1075/878/1053
f 1073/1069/1342 699/688/795 1076/1070/1343
f 1034/1035/1291 1095/596/1344 1097/595/919
f 1076/1070/1343 1079/877/1054 1075/878/1053
f 699/688/795 1078/1032/1281 1076/1070/1343
f 1486/986/1345 1282/1071/1346 1281/986/1201
f 1079/877/1054 1077/1070/1347 1080/877/1052
f 1077/1070/1347 1081/878/1348 1080/877/1052
f 1082/1069/1339 1081/878/1348 1077/1070/1347
f 1084/1068/1338 1081/878/1348 1082/1069/1339
f 1034/1035/1291 1167/981/1349 1032/610/702
f 1084/1068/1338 1083/1072/1350 1081/878/1348
f 1558/650/745 1555/1073/1351 1557/1074/1352
f 1084/1068/1338 1085/773/1353 1088/1075/1354
f 1071/1067/1355 1193/773/900 1194/772/899
f 1084/1068/1338 1088/1075/1354 1083/1072/1350
f 1085/773/1353 1090/1076/1356 1088/1075/1354
f 1487/1077/1357 1486/986/1345 1281/986/1201
f 1089/1075/1358 1083/1072/1350 1088/1075/1354
f 1074/1068/1341 1091/1072/1359 1089/1075/1358
f 1074/1068/1341 1075/878/1053 1091/1072/1359
f 1085/773/1353 1092/771/1360 1090/1076/1356
f 1044/596/682 1093/1076/1361 1100/861/1029
f 1285/1078/1362 1289/1079/1363 1284/1078/1364
f 1044/596/682 1042/860/1365 1043/594/680
f 1355/972/1179 1356/617/709 1354/637/731
f 645/560/1366 649/605/1367 647/587/1368
f 954/983/1193 958/850/1165 960/900/1198
f 1090/1076/1356 1089/1075/1358 1088/1075/1354
f 1438/1074/1369 1440/917/1370 1416/1028/1371
f 1290/1080/1372 1260/1081/1373 1265/1081/1374
f 1074/1068/1341 1072/684/1375 1073/1069/1342
f 1022/713/888 1021/728/844 1020/730/846
f 1102/639/1337 1103/1066/1336 1106/1082/1376
f 1058/1049/1308 1062/666/978 1061/1053/1317
f 1102/639/1337 1105/1083/1377 1101/641/918
f 1102/639/1337 1104/1084/1378 1105/1083/1377
f 1102/639/1337 1106/1082/1376 1104/1084/1378
f 1103/1066/1336 1108/993/1212 1106/1082/1376
f 722/1023/1263 675/656/753 723/1022/1262
f 1690/1085/1379 1644/1086/1380 1642/1087/1381
f 1108/993/1212 1109/1088/1382 1106/1082/1376
f 1109/1088/1382 1111/1089/1383 1110/1090/1384
f 1112/669/769 1111/1089/1383 1113/992/1211
f 1114/667/767 1111/1089/1383 1112/669/769
f 1111/1089/1383 1107/1056/1385 1110/1090/1384
f 1114/667/767 1107/1056/1385 1111/1089/1383
f 1118/683/1333 1116/679/787 1115/963/1167
f 1119/565/648 1115/963/1167 1116/679/787
f 1025/632/726 1160/970/1177 1027/631/725
f 1118/683/1333 1115/963/1167 1108/993/1212
f 1119/565/648 1117/964/1168 1115/963/1167
f 1506/598/685 1496/1091/1386 1497/1092/1387
f 687/674/776 690/681/784 689/673/775
f 1122/686/1388 1121/687/1292 1119/565/648
f 1116/679/787 1122/686/1388 1119/565/648
f 1125/623/1327 1123/623/1389 1121/687/1292
f 1126/675/1390 1120/566/649 1123/623/1389
f 1125/623/1327 1124/623/792 1123/623/1389
f 1126/675/1390 1123/623/1389 1124/623/792
f 1126/675/1390 1124/623/792 1125/623/1327
f 1129/671/771 1127/668/768 1126/675/1390
f 1130/670/770 1126/675/1390 1127/668/768
f 1130/670/770 1120/566/649 1126/675/1390
f 1126/675/1390 1125/623/1327 1128/1063/1329
f 1129/671/771 1126/675/1390 1128/1063/1329
f 1120/566/649 1130/670/770 1113/992/1211
f 1112/669/769 1113/992/1211 1130/670/770
f 1244/956/1151 1243/782/1102 1208/1093/1391
f 1109/1088/1382 1107/1056/1385 1106/1082/1376
f 816/818/975 813/732/952 815/734/976
f 840/848/1392 957/977/1192 959/766/893
f 1134/661/765 1133/663/761 1137/1094/1393
f 1143/958/1156 1146/654/1394 1144/630/1157
f 959/766/893 839/844/1007 840/848/1392
f 1134/661/765 1137/1094/1393 1136/1095/1395
f 1427/1096/1396 1426/948/1142 1424/950/1144
f 1137/1094/1393 1141/1097/1397 1136/1095/1395
f 1139/1098/1398 1140/1099/1399 1137/1094/1393
f 1133/663/761 1139/1098/1398 1137/1094/1393
f 1405/604/962 1407/1100/1400 1401/792/957
f 1137/1094/1393 1142/1101/1401 1141/1097/1397
f 1138/1102/1402 1143/958/1156 1142/1101/1401
f 1145/704/820 1143/958/1156 1138/1102/1402
f 1403/793/963 1355/972/1179 1404/603/964
f 1397/853/1019 1393/712/828 1386/907/1403
f 721/706/955 676/654/751 722/1023/1263
f 1146/654/1394 1147/1103/1404 1149/931/1121
f 1314/1104/1405 1310/1105/1406 1312/961/1161
f 1146/654/1394 1149/931/1121 1144/630/1157
f 1149/931/1121 1153/1106/1407 1144/630/1157
f 1174/962/1164 1173/1107/1408 1147/1103/1404
f 1147/1103/1404 1151/1108/1409 1149/931/1121
f 1149/931/1121 1154/1109/1410 1153/1106/1407
f 998/908/1091 988/722/1243 996/1014/1248
f 1150/932/1122 1155/629/1155 1154/1109/1410
f 1135/642/766 1155/629/1155 1150/932/1122
f 1490/1110/1411 1492/1031/1280 1484/1030/1279
f 1158/995/1217 1150/932/1122 1152/649/750
f 1107/1056/1385 1104/1084/1378 1106/1082/1376
f 1158/995/1217 1152/649/750 1157/653/749
f 1135/642/766 1150/932/1122 1158/995/1217
f 808/604/693 812/805/953 809/602/691
f 927/808/960 930/761/1412 786/809/961
f 1371/1111/1413 1367/780/923 1369/708/824
f 742/573/866 741/744/1414 740/743/860
f 661/632/1415 664/746/865 662/968/1416
f 1162/1049/1417 1161/968/1175 1163/1112/1418
f 662/968/1416 659/619/1419 661/632/1415
f 1060/621/1420 1057/1112/1421 1059/1113/1422
f 1610/569/652 1614/1114/1423 1612/567/650
f 1048/981/1190 1060/621/1420 1059/1113/1422
f 1101/641/918 1166/1113/1424 1167/981/1349
f 814/816/1425 1559/917/1105 820/1028/1277
f 923/693/808 926/996/1218 924/955/1426
f 1101/641/918 1105/1083/1377 1166/1113/1424
f 1170/1053/1427 1168/1115/1428 1169/1116/1429
f 1162/1049/1417 1163/1112/1418 1168/1115/1428
f 1170/1053/1427 1162/1049/1417 1168/1115/1428
f 1170/1053/1427 1107/1056/1385 1114/667/767
f 1061/1053/1317 681/664/979 1063/667/1319
f 1207/693/1174 1204/957/1152 1205/741/1150
f 1170/1053/1427 1169/1116/1429 1107/1056/1385
f 1169/1116/1429 1105/1083/1377 1104/1084/1378
f 1059/1113/1422 1056/1044/1303 1051/982/1191
f 1639/1117/1430 1640/1107/1431 671/657/754
f 1147/1103/1404 1173/1107/1408 1151/1108/1409
f 1132/664/762 1170/1053/1427 1114/667/767
f 1164/619/712 1161/968/1175 1025/632/726
f 726/721/837 722/1023/1263 724/716/832
f 1595/835/995 837/843/1006 1594/1118/1432
f 883/868/1081 721/706/955 726/721/837
f 1145/704/820 1138/1102/1402 1177/696/1089
f 1001/731/1251 1242/914/1099 1243/782/1102
f 1177/696/1089 1179/1119/1433 1178/701/1090
f 1177/696/1089 1138/1102/1402 1179/1119/1433
f 1178/701/1090 1179/1119/1433 1180/1120/1434
f 1351/638/732 1349/1121/1435 1350/636/730
f 1179/1119/1433 1138/1102/1402 1181/1122/1436
f 1181/1122/1436 1139/1098/1398 1179/1119/1433
f 1129/671/771 1128/1063/1329 1182/1123/1437
f 850/866/1035 848/856/1024 846/857/1025
f 1129/671/771 1182/1123/1437 1139/1098/1398
f 1178/701/1090 1180/1120/1434 1183/1062/1328
f 1095/596/1344 1090/1076/1356 1092/771/1360
f 984/905/1233 1183/1062/1328 979/690/1226
f 1178/701/1090 1183/1062/1328 984/905/1233
f 1178/701/1090 984/905/1233 1184/904/1082
f 918/946/1137 916/935/1125 899/920/1109
f 983/869/1040 1184/904/1082 984/905/1233
f 1133/663/761 1129/671/771 1139/1098/1398
f 979/690/1226 1125/623/1327 1121/687/1292
f 1116/679/787 1185/685/789 1122/686/1388
f 1188/688/1340 1122/686/1388 1185/685/789
f 1122/686/1388 1186/687/792 1121/687/1292
f 1122/686/1388 980/687/1231 1186/687/792
f 1122/686/1388 1187/689/1282 980/687/1231
f 1188/688/1340 1187/689/1282 1122/686/1388
f 1217/954/1148 1368/923/1112 1371/1111/1413
f 1082/1069/1339 1077/1070/1347 1188/688/1340
f 1188/688/1340 1190/1032/1283 1187/689/1282
f 1188/688/1340 1077/1070/1347 1190/1032/1283
f 1039/1034/1438 1038/790/1288 1037/1034/1286
f 746/753/935 742/573/866 745/789/933
f 1202/742/862 1205/741/1150 1204/957/1152
f 1435/1124/1439 1414/830/1440 1434/1016/1309
f 1121/687/1292 1186/687/792 979/690/1226
f 1186/687/792 980/687/1231 979/690/1226
f 1120/566/649 1113/992/1211 1191/564/647
f 1103/1066/1336 1118/683/1333 1108/993/1212
f 1193/773/900 1093/1076/1361 1192/771/898
f 1193/773/900 1089/1075/1358 1093/1076/1361
f 1074/1068/1341 1089/1075/1358 1193/773/900
f 764/770/1232 758/579/662 760/1125/1441
f 1092/771/1360 1087/772/1335 1098/640/920
f 699/688/795 698/689/796 1078/1032/1281
f 1061/1053/1317 1055/1056/1321 1054/1045/1304
f 1663/1126/1442 1654/1127/1443 1667/1128/1444
f 746/753/935 932/960/1445 933/959/1446
f 1640/1107/1431 723/1022/1262 675/656/753
f 1683/1129/1447 1652/1130/1448 1687/1131/1449
f 1157/653/749 1027/631/725 1160/970/1177
f 1687/1131/1449 1643/1132/1450 1684/1133/1451
f 871/885/1061 857/872/1044 868/884/1060
f 741/744/1414 930/761/1412 928/745/1452
f 1366/781/924 1362/798/944 1363/779/922
f 1102/639/1337 1098/640/920 1087/772/1335
f 1160/970/1177 1158/995/1217 1157/653/749
f 1328/1134/1453 1321/1047/1306 1319/1135/1454
f 1166/1113/1424 1168/1115/1428 1163/1112/1418
f 924/955/1426 927/808/960 925/707/1455
f 861/875/1048 857/872/1044 860/871/1042
f 1208/1093/1391 1211/918/1456 1210/1136/1457
f 921/694/809 924/955/1426 922/954/1458
f 1210/1136/1457 1214/938/1128 1209/937/1127
f 1210/1136/1457 1211/918/1456 1213/1012/1246
f 1423/1137/1459 1421/1138/1460 1422/949/1143
f 1210/1136/1457 1212/1139/1461 1214/938/1128
f 1210/1136/1457 1213/1012/1246 1212/1139/1461
f 938/936/1462 921/694/809 922/954/1458
f 942/1140/1463 938/936/1462 940/584/1313
f 810/817/1464 1564/676/779 1561/1141/1465
f 1219/933/1123 1218/1015/1250 1220/1011/1245
f 1219/933/1123 1216/585/668 1218/1015/1250
f 1218/1015/1250 1213/1012/1246 1220/1011/1245
f 1221/852/1018 1220/1011/1245 1222/1142/1466
f 1219/933/1123 1220/1011/1245 1221/852/1018
f 1630/1007/1239 1235/888/1064 1230/1143/1467
f 1211/918/1456 1224/915/1101 1223/919/1244
f 1224/915/1101 1225/929/1118 1223/919/1244
f 1222/1142/1466 1223/919/1244 1226/1144/1468
f 1225/929/1118 1226/1144/1468 1223/919/1244
f 1211/918/1456 1223/919/1244 1213/1012/1246
f 1222/1142/1466 1226/1144/1468 1227/1145/1469
f 1225/929/1118 1227/1145/1469 1226/1144/1468
f 1229/723/1205 1228/1146/1470 1230/1143/1467
f 1232/925/1471 1228/1146/1470 1229/723/1205
f 897/915/1108 894/782/925 896/918/1106
f 1228/1146/1470 1222/1142/1466 1227/1145/1469
f 1232/925/1471 1222/1142/1466 1228/1146/1470
f 1230/1143/1467 1228/1146/1470 1231/928/1117
f 876/892/1068 872/882/1058 874/891/1067
f 1235/888/1064 1234/1008/1240 1233/930/1119
f 1235/888/1064 1233/930/1119 1225/929/1118
f 1238/999/1222 1236/1147/1472 1235/888/1064
f 1236/1147/1472 1237/889/1065 1235/888/1064
f 1238/999/1222 1235/888/1064 1225/929/1118
f 1066/1060/1325 1065/1061/1326 1064/1055/1320
f 1181/1122/1436 1137/1094/1393 1140/1099/1399
f 1224/915/1101 1238/999/1222 1225/929/1118
f 822/826/986 830/834/994 827/831/991
f 1238/999/1222 1240/882/1221 1236/1147/1472
f 1154/1109/1410 1144/630/1157 1153/1106/1407
f 1236/1147/1472 1240/882/1221 981/886/1229
f 1241/891/1473 981/886/1229 1240/882/1221
f 976/1003/1230 1241/891/1473 987/1006/1238
f 1239/890/1098 991/892/1237 1241/891/1473
f 1241/891/1473 976/1003/1230 981/886/1229
f 1232/925/1471 1396/988/1207 1395/710/826
f 893/914/1100 732/731/847 894/782/925
f 1339/1054/1318 1334/855/1474 1336/899/1075
f 1001/731/1251 1244/956/1151 1000/738/885
f 1589/634/728 823/829/989 1551/951/1145
f 1236/1147/1472 1245/896/1072 1237/889/1065
f 1180/1120/1434 1128/1063/1329 1183/1062/1328
f 1248/725/1475 1246/887/1063 1247/897/1073
f 931/760/1476 933/959/1446 932/960/1445
f 1248/725/1475 1247/897/1073 1249/870/1477
f 1249/870/1477 1247/897/1073 865/871/1051
f 1249/870/1477 1250/871/792 1254/871/1139
f 1249/870/1477 865/871/1051 1250/871/792
f 1253/864/1249 1251/724/1206 1249/870/1477
f 1248/725/1475 1249/870/1477 1251/724/1206
f 1249/870/1477 1254/871/1139 1252/1148/1478
f 1253/864/1249 1249/870/1477 1252/1148/1478
f 1006/572/655 1002/737/887 1003/762/886
f 1255/863/1140 1254/871/1139 865/871/1051
f 1254/871/1139 1250/871/792 865/871/1051
f 1258/858/1479 1256/947/1138 1255/863/1140
f 1259/1081/1480 1257/863/1481 1255/863/1140
f 1258/858/1479 1255/863/1140 1257/863/1481
f 1260/1081/1373 1259/1081/1480 1255/863/1140
f 1260/1081/1373 1255/863/1140 1261/1081/1482
f 1255/863/1140 865/871/1051 1261/1081/1482
f 864/876/1050 1262/876/1483 1261/1081/1482
f 1007/573/656 1198/744/861 1197/959/1158
f 1266/1149/1484 1261/1081/1482 1263/1150/1485
f 1266/1149/1484 1264/1081/792 1261/1081/1482
f 1261/1081/1482 1264/1081/792 1265/1081/1374
f 1261/1081/1482 1265/1081/1374 1260/1081/1373
f 864/876/1050 1261/1081/1482 865/871/1051
f 1460/678/781 1627/1029/1278 1463/1151/1486
f 1269/1152/1487 1268/1036/1293 1267/1153/1488
f 1270/1154/1489 1267/1153/1488 1262/876/1483
f 1269/1152/1487 1267/1153/1488 1270/1154/1489
f 1273/1155/1490 1263/1150/1485 1271/1037/1294
f 1603/1029/1491 1496/1091/1386 1494/1031/1492
f 1273/1155/1490 1271/1037/1294 1272/645/739
f 1274/812/1493 1273/1155/1490 1272/645/739
f 1307/812/969 1294/1027/1276 1628/810/967
f 1273/1155/1490 1266/1149/1484 1263/1150/1485
f 1273/1155/1490 1275/1027/1494 1266/1149/1484
f 1528/609/1495 1524/608/1496 1527/574/1260
f 1340/900/1076 1333/851/1017 1341/850/1016
f 1271/1037/1294 1267/1153/1488 1268/1036/1293
f 1288/979/1188 1486/986/1345 1483/980/1189
f 1483/980/1189 1479/767/894 1480/978/1187
f 1280/1039/1296 1281/986/1201 1279/980/1203
f 1278/979/1202 1282/1071/1346 1284/1078/1364
f 1507/597/1104 1502/916/1497 1503/916/1103
f 1282/1071/1346 1285/1078/1362 1284/1078/1364
f 1288/979/1188 1286/1026/1275 1285/1078/1362
f 1286/1026/1275 1287/1079/1498 1285/1078/1362
f 1287/1079/1498 1290/1080/1372 1289/1079/1363
f 1288/979/1188 1285/1078/1362 1283/1071/1499
f 1078/1032/1281 1077/1070/1347 1076/1070/1343
f 1291/1026/1500 1284/1078/1364 1289/1079/1363
f 1291/1026/1500 1289/1079/1363 1290/1080/1372
f 1278/979/1202 1284/1078/1364 1291/1026/1500
f 1291/1026/1500 1290/1080/1372 1266/1149/1484
f 1291/1026/1500 1266/1149/1484 1275/1027/1494
f 1266/1149/1484 1290/1080/1372 1265/1081/1374
f 1293/1149/1501 1260/1081/1373 1292/1080/1502
f 1286/1026/1275 1292/1080/1502 1287/1079/1498
f 1286/1026/1275 1293/1149/1501 1292/1080/1502
f 1286/1026/1275 1294/1027/1276 1293/1149/1501
f 1296/1155/1503 1293/1149/1501 1294/1027/1276
f 1293/1149/1501 1259/1081/1480 1260/1081/1373
f 1293/1149/1501 1297/1081/1504 1259/1081/1480
f 1293/1149/1501 1295/1156/1505 1297/1081/1504
f 1296/1155/1503 1295/1156/1505 1293/1149/1501
f 1297/1081/1504 1298/876/1506 1257/863/1481
f 1413/819/1507 1410/816/973 1411/734/850
f 1259/1081/1480 1297/1081/1504 1257/863/1481
f 1086/1067/1334 1085/773/1353 1084/1068/1338
f 1301/1154/1508 1298/876/1506 1299/1157/1509
f 1300/1152/1510 1299/1157/1509 1302/1158/1511
f 1300/1152/1510 1301/1154/1508 1299/1157/1509
f 1300/1152/1510 1302/1158/1511 1304/1159/1512
f 1306/1160/1513 1304/1159/1512 1305/1161/1514
f 1307/812/969 1306/1160/1513 1305/1161/1514
f 1296/1155/1503 1305/1161/1514 1303/1162/1515
f 1307/812/969 1305/1161/1514 1296/1155/1503
f 936/923/1516 940/584/1313 938/936/1462
f 1312/961/1161 1308/1163/1517 1309/1164/1518
f 1310/1105/1406 1304/1159/1512 1308/1163/1517
f 1312/961/1161 1310/1105/1406 1308/1163/1517
f 1063/667/1319 682/665/1020 684/669/772
f 1313/635/1162 1312/961/1161 1309/1164/1518
f 1242/914/1099 1238/999/1222 1224/915/1101
f 1136/1095/1395 1135/642/766 1134/661/765
f 711/695/810 710/702/817 709/691/806
f 1318/1165/1519 1319/1135/1454 1321/1047/1306
f 1317/802/1129 1319/1135/1454 1318/1165/1519
f 1318/1165/1519 1320/1166/1520 1301/1154/1508
f 1318/1165/1519 1321/1047/1306 1320/1166/1520
f 1318/1165/1519 1301/1154/1508 1316/939/1130
f 1574/787/1521 1566/1167/1522 1565/1168/1523
f 757/763/1524 660/613/705 761/625/1525
f 921/694/809 919/945/1136 898/692/807
f 1258/858/1479 1324/863/1526 1323/1046/1305
f 1325/973/1180 1323/1046/1305 1322/1048/1307
f 1325/973/1180 1258/858/1479 1323/1046/1305
f 1327/876/792 1326/876/1527 1324/863/1526
f 1301/1154/1508 1320/1166/1520 1326/876/1527
f 1301/1154/1508 1326/876/1527 1327/876/792
f 1301/1154/1508 1327/876/792 1298/876/1506
f 1298/876/1506 1327/876/792 1257/863/1481
f 1327/876/792 1324/863/1526 1257/863/1481
f 1329/841/1181 1325/973/1180 1328/1134/1453
f 1325/973/1180 1322/1048/1307 1328/1134/1453
f 1599/973/1528 841/849/1166 836/841/1004
f 1325/973/1180 1330/859/1529 1258/858/1479
f 843/851/1021 842/859/1027 844/854/1022
f 1332/854/1530 1258/858/1479 1330/859/1529
f 817/819/977 821/825/985 818/821/981
f 1256/947/1138 1332/854/1530 1334/855/1474
f 1332/854/1530 1256/947/1138 1258/858/1479
f 893/914/1100 972/998/1220 873/890/1066
f 665/969/1268 662/968/1416 664/746/865
f 1256/947/1138 1334/855/1474 1337/813/970
f 1252/1148/1478 1338/815/972 1335/814/971
f 727/735/851 725/717/833 724/716/832
f 1503/916/1103 1461/1169/1531 1509/1092/1532
f 1300/1152/1510 1315/940/1131 1316/939/1130
f 899/920/1109 902/926/1115 900/919/1107
f 1356/617/709 1351/638/732 1354/637/731
f 1400/806/958 1360/799/945 1358/1019/1256
f 1180/1120/1434 1139/1098/1398 1182/1123/1437
f 1269/1152/1487 1591/801/947 1602/1170/1533
f 1329/841/1181 1422/949/1143 1425/844/1012
f 1342/977/1186 1347/1052/1316 1349/1121/1435
f 1347/1052/1316 1348/994/1315 1350/636/730
f 1418/1171/1534 1429/800/1535 1420/828/1536
f 1347/1052/1316 1350/636/730 1349/1121/1435
f 970/1172/1537 969/994/1213 949/636/1195
f 1039/1034/1438 1041/589/674 1040/790/936
f 950/985/1197 949/636/1195 948/658/755
f 807/1173/1538 970/1172/1537 950/985/1197
f 1370/1174/1539 1374/785/929 1373/784/928
f 807/1173/1538 952/617/1196 802/1019/1540
f 1071/1067/1355 694/683/786 1072/684/1375
f 952/617/1196 953/1175/1541 802/1019/1540
f 796/798/1172 943/615/1258 941/1050/1312
f 953/1175/1541 801/1176/1542 802/1019/1540
f 966/990/1209 960/900/1198 961/898/1199
f 796/798/1172 795/879/1055 794/881/1057
f 659/619/1419 655/620/1272 658/614/706
f 771/562/903 777/552/679 772/593/678
f 795/879/1055 936/923/1516 937/780/1543
f 895/783/926 896/918/1106 894/782/925
f 1336/899/1075 1332/854/1530 1333/851/1017
f 937/780/1543 935/1111/1544 792/880/1056
f 792/880/1056 925/707/1455 929/807/959
f 788/785/1545 791/1174/1546 787/784/1547
f 1802/1177/1548 2113/1178/1549 1803/1179/1550
f 944/823/1259 946/974/1182 911/906/1086
f 1384/822/982 1386/907/1403 1385/1021/1261
f 785/751/1551 782/551/632 783/550/631
f 784/752/1552 779/824/1553 782/551/632
f 934/1180/1554 777/552/679 779/824/1553
f 1567/788/1555 1568/1181/1556 1566/1167/1522
f 1309/1164/1518 1306/1160/1513 1311/1182/1557
f 936/923/1516 922/954/1458 935/1111/1544
f 810/817/1464 814/816/1425 812/805/953
f 1171/666/764 1162/1049/1417 1170/1053/1427
f 1194/772/899 1070/1066/1332 1071/1067/1355
f 684/669/772 683/668/778 685/670/773
f 920/938/1558 915/941/1132 919/945/1136
f 1386/907/1403 1387/1058/1323 1385/1021/1261
f 1385/1021/1261 1351/638/732 1357/616/708
f 1385/1021/1261 1387/1058/1323 1351/638/732
f 967/991/1210 951/659/756 954/983/1193
f 1386/907/1403 1388/987/1204 1387/1058/1323
f 1389/1057/1322 1349/1121/1435 1387/1058/1323
f 1388/987/1204 1391/976/1185 1390/1183/1559
f 1349/1121/1435 1390/1183/1559 1391/976/1185
f 1342/977/1186 1349/1121/1435 1391/976/1185
f 1340/900/1076 1388/987/1204 1392/898/1074
f 787/784/1547 783/550/631 788/785/1545
f 1537/767/1270 1279/980/1203 1277/978/1560
f 909/710/1561 853/711/1037 965/988/1562
f 964/712/1200 910/853/1088 912/907/1087
f 965/988/1562 907/925/1114 909/710/1561
f 965/988/1562 852/864/1033 854/724/840
f 988/722/1243 987/1006/1238 990/911/1236
f 909/710/1561 908/852/1120 910/853/1088
f 895/783/926 739/741/857 923/693/808
f 955/984/1194 959/766/893 957/977/1192
f 1219/933/1123 1382/583/666 1216/585/668
f 1458/626/720 1451/1042/1299 1453/627/721
f 1715/1184/1563 2032/1185/1564 1444/555/638
f 880/902/1079 878/894/1070 877/895/1071
f 1423/1137/1459 1317/802/1129 1429/800/1535
f 1353/602/966 1409/732/848 1408/805/965
f 805/793/939 807/1173/1538 804/791/937
f 914/583/1141 940/584/1313 941/1050/1312
f 1603/1029/1491 1489/1030/1565 1536/1038/1295
f 1632/743/1566 1006/572/655 1003/762/886
f 811/1100/1567 808/604/693 803/792/938
f 812/805/953 815/734/976 813/732/952
f 804/791/937 802/1019/1540 801/1176/1542
f 1324/863/1526 1320/1166/1520 1323/1046/1305
f 1412/733/849 1413/819/1507 1411/734/850
f 1604/1186/1568 1518/1187/1569 1501/1188/1570
f 1011/755/877 1008/975/1289 1009/571/654
f 1602/1170/1533 1590/1104/1571 1544/633/727
f 652/606/1002 651/591/676 650/590/675
f 1412/733/849 1415/1189/1572 1413/819/1507
f 1420/828/1536 1417/1190/1573 1418/1171/1534
f 1419/829/1266 1414/830/1440 1417/1190/1573
f 1420/828/1536 1419/829/1266 1417/1190/1573
f 1418/1171/1534 1415/1189/1572 1421/1138/1460
f 1165/621/714 1167/981/1349 1166/1113/1424
f 1346/765/1574 1421/1138/1460 1415/1189/1572
f 1210/1136/1457 1207/693/1174 1208/1093/1391
f 1425/844/1012 1421/1138/1460 1346/765/1574
f 840/848/1392 836/841/1004 841/849/1166
f 1329/841/1181 1328/1134/1453 1424/950/1144
f 996/1014/1248 994/1010/1242 992/1009/1241
f 1328/1134/1453 1427/1096/1396 1424/950/1144
f 1427/1096/1396 1319/1135/1454 1428/1191/1575
f 1319/1135/1454 1426/948/1142 1428/1191/1575
f 1317/802/1129 1426/948/1142 1319/1135/1454
f 968/764/891 969/994/1213 813/732/952
f 846/857/1025 858/871/1043 850/866/1035
f 1601/939/1576 1592/802/948 1591/801/947
f 1275/1027/1494 1274/812/1493 1276/810/1577
f 662/968/1416 1056/1044/1303 1057/1112/1421
f 799/544/623 800/1192/1578 798/719/835
f 1304/1159/1512 1303/1162/1515 1305/1161/1514
f 1419/829/1266 1434/1016/1309 1414/830/1440
f 1552/1017/1254 1555/1073/1351 1553/1193/1579
f 1046/595/681 1049/641/735 1047/640/734
f 1206/955/1149 1203/808/1154 1204/957/1152
f 1165/621/714 1163/1112/1418 1164/619/712
f 1559/917/1105 1557/1074/1352 820/1028/1277
f 910/853/1088 913/934/1124 911/906/1086
f 1045/1035/1290 1048/981/1190 1046/595/681
f 1549/952/1146 1552/1017/1254 1550/1194/1580
f 1052/1040/1297 1055/1056/1321 1053/1043/1301
f 1013/756/879 1017/758/881 1016/748/878
f 824/828/988 1590/1104/1571 834/800/946
f 1347/1052/1316 1344/766/1013 1345/1051/1314
f 1295/1156/1505 1298/876/1506 1297/1081/1504
f 1532/1195/1581 1536/1038/1295 1534/768/1269
f 1518/1187/1569 1521/796/942 1519/1042/1582
f 1519/1042/1582 1522/795/941 1523/627/1583
f 1525/750/1584 1519/1042/1582 1523/627/1583
f 1017/758/881 1020/730/846 1018/729/845
f 915/941/1132 914/583/1141 913/934/1124
f 926/996/1218 928/745/1452 927/808/960
f 1604/1186/1568 1533/678/1214 1529/576/1216
f 1446/1196/1585 2053/1197/1586 2052/1198/1587
f 1511/1091/1588 1491/1199/1589 1510/1033/1285
f 1527/574/1260 1530/575/1215 1528/609/1495
f 1414/830/1440 1416/1028/1371 1413/819/1507
f 1621/547/627 1619/1200/1590 1618/778/917
f 1522/795/941 1524/608/1496 1523/627/1583
f 1553/1193/1579 1550/1194/1580 1552/1017/1254
f 1524/608/1496 1525/750/1584 1523/627/1583
f 1638/747/867 1637/728/1265 755/715/831
f 1464/576/659 1458/626/720 1466/574/657
f 1353/602/966 1350/636/730 1348/994/1315
f 1475/769/896 1472/651/747 1474/846/1591
f 1475/769/896 1474/846/1591 1311/1182/1557
f 1098/640/920 1095/596/1344 1092/771/1360
f 698/689/796 980/687/1231 1187/689/1282
f 1457/1186/1592 1460/678/781 1459/1201/1593
f 744/975/1184 747/820/980 745/789/933
f 1535/769/1271 1277/978/1560 1538/811/1010
f 654/610/1274 651/591/676 653/611/1001
f 1394/711/827 1392/898/1074 1393/712/828
f 1482/811/968 1306/1160/1513 1307/812/969
f 1538/811/1010 1276/810/1577 1274/812/1493
f 1475/769/896 1311/1182/1557 1482/811/968
f 1482/811/968 1311/1182/1557 1306/1160/1513
f 1481/1039/1594 1483/980/1189 1486/986/1345
f 1484/1030/1279 1481/1039/1594 1485/1077/1595
f 1481/1039/1594 1486/986/1345 1485/1077/1595
f 1510/1033/1285 1493/1199/1596 1495/1033/1284
f 1333/851/1017 1330/859/1529 1331/849/1015
f 1280/1039/1296 1487/1077/1357 1281/986/1201
f 1489/1030/1565 1488/1110/1597 1487/1077/1357
f 1489/1030/1565 1487/1077/1357 1280/1039/1296
f 1487/1077/1357 1490/1110/1411 1485/1077/1595
f 1548/1202/1598 1547/846/1009 1545/965/1169
f 1488/1110/1597 1494/1031/1492 1493/1199/1596
f 1484/1030/1279 1485/1077/1595 1490/1110/1411
f 1100/861/1029 1090/1076/1356 1094/861/1030
f 672/652/1302 671/657/754 670/649/743
f 1638/747/867 1639/1117/1430 672/652/1302
f 1493/1199/1596 1490/1110/1411 1488/1110/1597
f 1463/1151/1486 1492/1031/1280 1511/1091/1588
f 1511/1091/1588 1508/598/684 1509/1092/1532
f 1461/1169/1531 1511/1091/1588 1509/1092/1532
f 1463/1151/1486 1459/1201/1593 1460/678/781
f 1459/1201/1593 1462/1203/1599 1452/1187/1600
f 1083/1072/1350 1075/878/1053 1081/878/1348
f 751/757/1601 748/754/934 749/756/1252
f 1039/1034/1438 1036/607/699 648/607/1602
f 1796/1204/1603 2185/1205/1604 1795/1206/1605
f 1615/601/689 2045/1207/1606 1513/601/1607
f 1506/598/685 1502/916/1497 1505/597/683
f 1498/1151/1608 1501/1188/1570 1499/1169/1609
f 1496/1091/1386 1493/1199/1596 1494/1031/1492
f 1515/567/687 1504/1208/1610 1514/1114/1611
f 1502/916/1497 1499/1169/1609 1500/1203/1612
f 1581/534/610 1579/546/1613 1580/531/607
f 1512/1208/1614 1612/567/650 1614/1114/1423
f 925/707/1455 922/954/1458 924/955/1426
f 1295/1156/1505 1302/1158/1511 1299/1157/1509
f 1346/765/1574 1345/1051/1314 1344/766/1013
f 1569/1209/1615 775/568/912 1517/569/1616
f 1452/1187/1600 1457/1186/1592 1459/1201/1593
f 1456/794/1617 1458/626/720 1457/1186/1592
f 735/737/853 731/726/842 725/717/833
f 1433/582/665 1432/1017/1310 1431/1024/1267
f 1413/819/1507 1417/1190/1573 1414/830/1440
f 1501/1188/1570 1500/1203/1612 1499/1169/1609
f 1073/1069/1342 695/685/791 699/688/795
f 1471/580/663 1474/846/1591 1472/651/747
f 1528/609/1495 1530/575/1215 1531/1210/1618
f 1534/768/1269 1531/1210/1618 1530/575/1215
f 814/816/1425 817/819/977 815/734/976
f 1534/768/1269 1530/575/1215 1532/1195/1581
f 1535/769/1271 1531/1210/1618 1534/768/1269
f 1722/1211/1619 2143/1212/1620 1723/1213/1621
f 1267/1153/1488 1261/1081/1482 1262/876/1483
f 966/990/1209 964/712/1200 912/907/1087
f 1481/1039/1594 1478/1038/1622 1479/767/894
f 1196/960/1159 1010/753/874 1197/959/1158
f 1538/811/1010 1540/647/741 1539/847/1011
f 1538/811/1010 1274/812/1493 1540/647/741
f 1274/812/1493 1272/645/739 1540/647/741
f 1633/1025/1273 986/867/1038 985/1005/1235
f 1541/646/740 1539/847/1011 1540/647/741
f 1544/633/727 1543/966/1170 1541/646/740
f 1343/848/1014 1329/841/1181 1425/844/1012
f 741/744/1414 738/742/858 740/743/860
f 1535/769/1271 1547/846/1009 1531/1210/1618
f 1546/635/729 1549/952/1146 1548/1202/1598
f 1549/952/1146 1528/609/1495 1548/1202/1598
f 1309/1164/1518 1474/846/1591 1473/965/1623
f 1546/635/729 1548/1202/1598 1545/965/1169
f 1528/609/1495 1531/1210/1618 1548/1202/1598
f 1556/1002/1228 1553/1193/1579 1555/1073/1351
f 1549/952/1146 1550/1194/1580 1528/609/1495
f 1564/676/779 1559/917/1105 1561/1141/1465
f 1667/1128/1444 1655/1087/1624 1664/1085/1625
f 1478/1038/1622 1477/1020/1257 1476/768/895
f 1151/1108/1409 1156/652/748 1152/649/750
f 687/674/776 701/687/794 692/682/785
f 1439/650/1626 1435/1124/1439 1436/1002/1627
f 1437/1214/1628 1436/1002/1627 1435/1124/1439
f 1072/684/1375 693/679/782 695/685/791
f 1410/816/973 1440/917/1370 1442/1141/1629
f 1443/557/640 1440/917/1370 1439/650/1626
f 1173/1107/1408 1172/1117/1630 1151/1108/1409
f 621/549/634 620/550/927 619/545/625
f 1444/555/638 1439/650/1626 1436/1002/1627
f 1436/1002/1627 1447/1001/1300 1444/555/638
f 1450/1181/1631 1449/788/932 1448/1167/1632
f 1617/787/931 1448/1167/1632 1449/788/932
f 1437/1214/1628 1469/581/664 1468/608/700
f 1609/568/651 1613/1209/1633 1610/569/652
f 1616/786/930 1613/1209/1633 1608/1215/1634
f 775/568/912 1570/1215/1635 1572/1216/1636
f 1570/1215/1635 1571/786/1637 1572/1216/1636
f 1454/796/1638 1452/1187/1600 1451/1042/1299
f 1572/1216/1636 1573/777/1639 775/568/912
f 789/1217/1640 790/540/618 788/785/1545
f 658/614/706 661/632/1415 659/619/1419
f 775/568/912 1515/567/687 1517/569/1616
f 1252/1148/1478 1337/813/970 1338/815/972
f 613/776/913 609/535/614 610/544/633
f 1573/777/1639 1578/532/608 1579/546/1613
f 1583/1218/1641 1580/531/607 1577/533/609
f 776/1216/1642 771/562/903 627/563/646
f 1623/531/914 1620/1218/1643 1621/547/627
f 1429/800/1535 1315/940/1131 1314/1104/1405
f 1095/596/1344 1099/860/1028 1094/861/1030
f 1571/786/1637 1574/787/1521 1572/1216/1636
f 783/550/631 789/1217/1640 788/785/1545
f 1584/536/612 1585/535/611 1586/537/622
f 1572/1216/1636 1575/778/1644 1573/777/1639
f 1586/537/622 1588/538/616 1579/546/1613
f 1588/538/616 789/1217/1640 774/545/911
f 1573/777/1639 1579/546/1613 1588/538/616
f 1588/538/616 774/545/911 775/568/912
f 775/568/912 1573/777/1639 1588/538/616
f 1579/546/1613 1584/536/612 1586/537/622
f 1406/817/974 1445/1219/1645 1407/1100/1400
f 823/829/989 819/830/990 1554/1016/1253
f 1053/1043/1301 1067/1059/1324 1068/1064/1330
f 1314/1104/1405 1420/828/1536 1429/800/1535
f 1362/798/944 1359/615/707 1360/799/945
f 1205/741/1150 1208/1093/1391 1207/693/1174
f 851/814/1036 848/856/1024 849/865/1034
f 834/800/946 1592/802/948 833/840/1003
f 1592/802/948 1594/1118/1432 833/840/1003
f 1592/802/948 1593/1165/1646 1594/1118/1432
f 1593/1165/1646 1595/835/995 1594/1118/1432
f 1597/1220/1647 837/843/1006 838/845/1008
f 1175/706/822 1146/654/1394 1145/704/820
f 1594/1118/1432 1597/1220/1647 833/840/1003
f 833/840/1003 1597/1220/1647 838/845/1008
f 1142/1101/1401 1136/1095/1395 1141/1097/1397
f 1599/973/1528 837/843/1006 1596/837/997
f 1599/973/1528 1596/837/997 1598/836/996
f 836/841/1004 837/843/1006 1599/973/1528
f 1599/973/1528 1598/836/996 847/858/1026
f 1599/973/1528 847/858/1026 842/859/1027
f 847/858/1026 1598/836/996 863/863/1032
f 668/642/736 665/969/1268 667/643/737
f 1270/1154/1489 864/876/1050 1600/862/1031
f 1593/1165/1646 1600/862/1031 1595/835/995
f 1593/1165/1646 1270/1154/1489 1600/862/1031
f 1593/1165/1646 1601/939/1576 1270/1154/1489
f 1445/1219/1645 1440/917/1370 1441/556/639
f 1269/1152/1487 1270/1154/1489 1601/939/1576
f 1602/1170/1533 1541/646/740 1542/1221/1648
f 1544/633/727 1541/646/740 1602/1170/1533
f 1602/1170/1533 1542/1221/1648 1269/1152/1487
f 1269/1152/1487 1542/1221/1648 1268/1036/1293
f 766/558/671 762/774/1649 649/605/1367
f 1749/1222/1650 2196/1223/1651 1748/1224/1652
f 819/830/990 1555/1073/1351 1554/1016/1253
f 780/553/921 777/552/679 773/554/910
f 769/561/906 759/577/660 764/770/1232
f 768/559/905 644/560/643 646/559/642
f 1606/599/686 1609/568/651 1607/599/690
f 1606/599/686 1605/600/688 775/568/912
f 775/568/912 1608/1215/1634 1606/599/686
f 1608/1215/1634 1609/568/651 1606/599/686
f 766/558/671 768/559/905 767/775/907
f 776/1216/1642 1618/778/917 1617/787/931
f 1609/568/651 1611/600/904 1607/599/690
f 1713/1225/1653 2092/1226/1654 2159/1227/1655
f 1575/778/1644 1578/532/608 1573/777/1639
f 623/553/636 622/551/872 621/549/634
f 1514/1114/1611 1517/569/1616 1515/567/687
f 1496/1091/1386 1499/1169/1609 1497/1092/1387
f 660/613/705 663/631/864 661/632/1415
f 776/1216/1642 1616/786/930 1608/1215/1634
f 776/1216/1642 1608/1215/1634 775/568/912
f 1571/786/1637 1569/1209/1615 1567/788/1555
f 792/880/1056 2160/1228/1656 2091/1229/1657
f 932/960/1445 930/761/1412 931/760/1476
f 1576/1200/1658 1577/533/609 1575/778/1644
f 780/553/921 782/551/632 779/824/1553
f 620/550/927 618/548/629 619/545/625
f 1313/635/1162 1431/1024/1267 1430/634/1160
f 1815/1230/1659 2140/1231/1660 1814/1232/1661
f 709/691/806 707/622/715 706/624/717
f 612/536/615 1625/546/626 776/1216/1642
f 1625/546/626 1622/532/628 1626/777/916
f 776/1216/1642 1625/546/626 1626/777/916
f 1047/640/734 1044/596/682 1046/595/681
f 1603/1029/1491 1533/678/1214 1498/1151/1608
f 1278/979/1202 1277/978/1560 1279/980/1203
f 1291/1026/1500 1276/810/1577 1278/979/1202
f 1631/1233/1662 1632/743/1566 1003/762/886
f 1313/635/1162 1309/1164/1518 1473/965/1623
f 681/664/979 680/663/760 682/665/1020
f 1346/765/1574 1415/1189/1572 1412/733/849
f 1252/1148/1478 1335/814/971 1253/864/1249
f 1258/858/1479 1257/863/1481 1324/863/1526
f 1300/1152/1510 1316/939/1130 1301/1154/1508
f 1310/1105/1406 1300/1152/1510 1304/1159/1512
f 1296/1155/1503 1303/1162/1515 1295/1156/1505
f 1270/1154/1489 1629/876/792 864/876/1050
f 1270/1154/1489 1262/876/1483 1629/876/792
f 864/876/1050 1629/876/792 1262/876/1483
f 1266/1149/1484 1265/1081/1374 1264/1081/792
f 1248/725/1475 1230/1143/1467 1246/887/1063
f 1229/723/1205 1230/1143/1467 1248/725/1475
f 1236/1147/1472 981/886/1229 1245/896/1072
f 981/886/1229 978/875/1153 1245/896/1072
f 1230/1143/1467 1231/928/1117 1630/1007/1239
f 1221/852/1018 1222/1142/1466 1232/925/1471
f 1358/1019/1256 1402/791/956 1400/806/958
f 998/908/1091 997/874/1046 1005/716/1163
f 976/1003/1230 987/1006/1238 1633/1025/1273
f 984/905/1233 1634/690/792 975/690/1225
f 984/905/1233 979/690/1226 1634/690/792
f 975/690/1225 1634/690/792 979/690/1226
f 981/886/1229 977/875/792 978/875/1153
f 847/858/1026 863/863/1032 862/863/1049
f 847/858/1026 862/863/1049 1635/863/1663
f 856/871/792 1635/863/1663 862/863/1049
f 856/871/792 858/871/1043 1635/863/1663
f 976/1003/1230 975/690/1225 866/875/1224
f 847/858/1026 1635/863/1663 846/857/1025
f 829/765/892 816/818/975 818/821/981
f 774/545/911 781/549/630 773/554/910
f 612/536/615 776/1216/1642 627/563/646
f 1432/1017/1310 1435/1124/1439 1434/1016/1309
f 731/726/842 734/739/855 732/731/847
f 1172/1117/1630 1018/729/845 1156/652/748
f 670/649/743 673/655/752 669/644/738
f 1148/909/1092 1147/1103/1404 1146/654/1394
f 675/656/753 671/657/754 1640/1107/1431
f 714/701/816 707/622/715 710/702/817
f 680/663/760 711/695/810 708/671/805
f 708/671/805 688/675/777 683/668/778
f 646/559/642 1641/775/1664 627/563/646
f 611/537/613 612/536/615 627/563/646
f 1099/860/1028 1040/790/936 1042/860/1365
f 1678/1131/1665 1649/1132/1666 1648/1130/1667
f 1680/1129/1668 1648/1130/1667 1647/1234/1669
f 1677/1133/1670 1661/1235/1671 1649/1132/1666
f 1670/1236/1672 1645/1237/1673 1663/1126/1442
f 1684/1133/1451 1659/1235/1674 1696/1238/1675
f 1698/1128/1676 1642/1087/1381 1658/1239/1677
f 1700/1126/1678 1658/1239/1677 1651/1237/1679
f 1669/1240/1680 1647/1234/1669 1653/1241/1681
f 1694/1240/1682 1650/1234/1683 1683/1129/1447
f 1693/1236/1684 1651/1237/1679 1656/1242/1685
f 1664/1085/1625 1657/1086/1686 1673/1243/1687
f 751/757/1601 1672/1244/1688 932/960/1445
f 1665/1245/1689 1673/1243/1687 1672/1244/1688
f 758/579/662 1681/1246/1690 1668/1247/1691
f 1668/1247/1691 1680/1129/1668 1669/1240/1680
f 757/763/1524 1662/1248/1692 754/714/830
f 1671/1249/1693 1663/1126/1442 1662/1248/1692
f 934/1180/1554 1675/1250/1694 1676/1251/1695
f 1676/1251/1695 1674/1238/1696 1677/1133/1670
f 756/578/661 1679/1252/1697 1681/1246/1690
f 1681/1246/1690 1678/1131/1665 1680/1129/1668
f 778/592/677 1676/1251/1695 1679/1252/1697
f 1679/1252/1697 1677/1133/1670 1678/1131/1665
f 749/756/1252 1665/1245/1689 751/757/1601
f 1666/1253/1698 1664/1085/1625 1665/1245/1689
f 754/714/830 1666/1253/1698 749/756/1252
f 1662/1248/1692 1667/1128/1444 1666/1253/1698
f 1023/763/890 1701/1248/1699 1692/1254/1700
f 1692/1254/1700 1700/1126/1678 1693/1236/1684
f 632/579/800 1682/1246/1701 634/578/798
f 1695/1247/1702 1683/1129/1447 1682/1246/1701
f 1019/714/889 1699/1255/1703 1701/1248/1699
f 1701/1248/1699 1698/1128/1676 1700/1126/1678
f 1013/756/879 1691/1245/1704 1699/1255/1703
f 1699/1255/1703 1690/1085/1379 1698/1128/1676
f 1195/1041/1298 1697/1250/1705 1377/752/873
f 1685/1251/1706 1696/1238/1675 1697/1250/1705
f 1379/592/915 1685/1251/1706 1195/1041/1298
f 1686/1252/1707 1684/1133/1451 1685/1251/1706
f 634/578/798 1686/1252/1707 1379/592/915
f 1682/1246/1701 1687/1131/1449 1686/1252/1707
f 1015/757/880 1688/1244/1708 1691/1245/1704
f 1691/1245/1704 1689/1256/1709 1690/1085/1379
f 1852/1257/1710 1958/1258/1711 1926/1259/1712
f 1780/1260/1713 1989/1261/1714 1988/1262/1715
f 1900/1263/1716 2011/1264/1717 1891/1265/1718
f 1925/1266/1719 2016/1267/1720 1898/1268/1721
f 1895/1269/1722 2022/1264/1723 1870/1265/1724
f 1853/1270/1725 1959/1271/1726 1965/1272/1727
f 1912/1273/1728 1986/1274/1729 1978/1275/1730
f 1924/1276/1731 2017/1277/1732 1968/1278/1733
f 1894/1279/1734 2023/1280/1735 2002/1281/1736
f 1853/1270/1725 1964/1282/1737 1852/1257/1710
f 1913/1283/1738 1987/1284/1739 1779/1285/1740
f 1896/1286/1741 2009/1287/1742 1879/1288/1743
f 1872/1289/1744 2007/1290/1745 2024/1291/1746
f 1850/1292/1747 1954/1293/1748 1928/1294/1749
f 1778/1295/1750 1987/1284/1739 1986/1274/1729
f 1873/1296/1751 2006/1297/1752 1896/1286/1741
f 1851/1298/1753 1955/1299/1754 1963/1300/1755
f 1915/1301/1756 1982/1302/1757 1985/1303/1758
f 1897/1304/1759 2008/1305/1760 2007/1290/1745
f 1909/1306/1761 2025/1307/1762 1873/1296/1751
f 1851/1298/1753 1962/1308/1763 1850/1292/1747
f 1926/1259/1712 1961/1278/1764 1931/1276/1765
f 1939/1309/1766 2026/1310/1767 1904/1311/1768
f 1914/1312/1769 1983/1313/1770 1911/1314/1771
f 1894/1279/1734 2005/1315/1772 1881/1316/1773
f 1908/1317/1774 2024/1291/1746 1992/1318/1775
f 1905/1319/1776 1948/1320/1777 1938/1321/1778
f 1907/1322/1779 2023/1280/1735 1871/1323/1780
f 1927/1324/1781 1960/1325/1782 1959/1271/1726
f 1941/1312/1783 2028/1326/1784 1902/1327/1785
f 1917/1328/1786 1978/1275/1730 1981/1320/1787
f 1895/1269/1722 2004/1329/1788 2003/1330/1789
f 1903/1331/1790 1944/1303/1791 1940/1301/1792
f 1906/1332/1793 2022/1264/1723 1990/1333/1794
f 1761/1334/1795 1757/1335/1796 1760/1336/1797
f 1759/1337/1798 1755/1338/1799 1758/1339/1800
f 1809/1340/1801 1760/1336/1797 1808/1341/1802
f 1807/1342/1803 1758/1339/1800 1806/1343/1804
f 1805/1344/1805 1799/1345/1806 1804/1346/1807
f 1803/1179/1550 1801/1347/1808 1802/1177/1548
f 1400/806/958 2181/1348/1809 1797/1349/1810
f 1777/1350/1811 2194/1351/1812 1776/1352/1813
f 1770/1353/1814 1824/1354/1815 1825/1355/1816
f 1772/1356/1817 1822/1357/1818 1823/1358/1819
f 1714/1359/1820 1771/1360/1821 1770/1353/1814
f 1716/1361/1822 1773/1362/1823 1772/1356/1817
f 1036/607/699 2093/1363/1824 648/607/1602
f 1804/1346/1807 2111/1364/1825 1805/1344/1805
f 1798/1365/1826 1859/1211/1827 1799/1345/1806
f 1800/1366/1828 1861/1367/1829 1801/1347/1808
f 1826/1368/1830 1730/1232/1831 1731/1230/1832
f 1828/1369/1833 1732/1370/1834 1733/1371/1835
f 800/1192/1578 2081/1372/1836 2101/1373/1837
f 616/720/951 2172/1374/1838 1854/1375/1839
f 1762/1365/1840 1722/1211/1619 1723/1213/1621
f 1764/1366/1841 1724/1367/1842 1725/1376/1843
f 1587/539/617 2076/1377/1844 790/540/618
f 1574/787/1521 2034/1378/1845 1575/778/1644
f 791/1174/1546 2157/1379/1846 1819/1380/1847
f 1370/1174/1539 2187/1379/1848 2084/1381/1849
f 1745/1382/1850 1812/1336/1851 1813/1334/1852
f 1743/1342/1853 1810/1339/1854 1811/1337/1855
f 1582/1383/1856 2080/1384/1857 1580/531/607
f 1747/1385/1858 2192/1386/1859 1746/1387/1860
f 1785/1388/1861 1710/1389/1862 1784/1390/1863
f 1783/1391/1864 1712/1392/1865 1782/1393/1866
f 1834/1394/1867 1784/1390/1863 1835/1395/1868
f 1836/1349/1869 1782/1393/1866 1837/1204/1870
f 1751/1396/1871 1707/1397/1872 1750/1398/1873
f 1753/1399/1874 1709/1400/1875 1752/1401/1876
f 1865/1402/1877 1792/1403/1878 1864/1404/1879
f 1863/1405/1880 1790/1406/1881 1862/1407/1882
f 1765/1347/1883 1720/1179/1884 1721/1177/1885
f 1763/1408/1886 1718/1344/1887 1719/1409/1888
f 1769/1410/1889 1703/1411/1890 1768/1412/1891
f 1767/1350/1892 1705/1413/1893 1766/1352/1894
f 1788/1396/1895 1846/1414/1896 1847/1415/1897
f 1786/1399/1898 1848/1416/1899 1849/1417/1900
f 1445/1219/1645 2032/1185/1564 2033/1418/1901
f 1711/1419/1902 2158/1420/1903 2155/1421/1904
f 1752/1401/1876 1820/1422/1905 1753/1399/1874
f 1750/1398/1873 1818/1423/1906 1751/1396/1871
f 1840/1424/1907 1708/1425/1908 1841/1292/1909
f 1838/1270/1910 1706/1426/1911 1839/1257/1912
f 1856/1427/1913 1738/1391/1914 1739/1393/1915
f 1854/1375/1839 1740/1388/1916 1741/1390/1917
f 1928/1294/1749 1957/1428/1918 1933/1429/1919
f 1916/1309/1920 1979/1430/1921 1913/1283/1738
f 1728/1357/1922 1864/1404/1879 1729/1358/1923
f 1726/1354/1924 1862/1407/1882 1727/1355/1925
f 1833/1222/1926 1778/1295/1750 1832/1224/1927
f 1831/1385/1928 1780/1260/1713 1830/1387/1929
f 1877/1288/1930 1998/1431/1931 2001/1287/1932
f 1889/1286/1933 2014/1307/1934 1892/1296/1935
f 1854/1375/1839 2173/1432/1936 1855/1433/1937
f 1399/803/949 2071/1372/1938 613/776/913
f 1739/1393/1915 1797/1349/1810 1796/1204/1603
f 1741/1390/1917 1795/1206/1605 1794/1395/1939
f 1736/1423/1940 1789/1398/1941 1788/1396/1895
f 1734/1434/1942 1787/1435/1943 1786/1399/1898
f 1817/1371/1944 2138/1436/1945 1816/1370/1946
f 1580/531/607 2081/1372/1836 1581/534/610
f 1851/1298/1753 1849/1417/1900 1848/1416/1899
f 1853/1270/1725 1847/1415/1897 1846/1414/1896
f 1807/1342/1803 2108/1437/1947 2109/1438/1948
f 1821/1439/1949 2156/1440/1950 2161/1441/1951
f 1623/531/914 2071/1372/1938 2055/1442/1952
f 1855/1433/1937 2170/1420/1953 1856/1427/1913
f 1749/1222/1650 1845/1295/1954 1844/1285/1955
f 1747/1385/1858 1843/1260/1956 1842/1443/1957
f 1888/1304/1958 2015/1291/1959 2018/1290/1960
f 1929/1444/1961 1956/1445/1962 1955/1299/1754
f 1867/1338/1963 1811/1337/1855 1810/1339/1854
f 1869/1446/1964 1813/1334/1852 1812/1336/1851
f 1829/1413/1965 1777/1350/1811 1776/1352/1813
f 1827/1411/1966 1775/1447/1967 1774/1412/1968
f 1775/1447/1967 2190/1448/1969 1774/1412/1968
f 1866/1449/1970 2086/1450/1971 1401/792/957
f 1702/1368/1972 1814/1232/1661 1703/1411/1890
f 1704/1369/1973 1816/1370/1946 1705/1413/1893
f 649/605/1367 1814/1232/1661 647/587/1368
f 762/774/1649 1703/1411/1890 649/605/1367
f 1815/1230/1659 1705/1413/1893 1816/1370/1946
f 1702/1368/1972 1766/1352/1894 1705/1413/1893
f 1704/1369/1973 652/606/1002 650/590/675
f 1817/1371/1944 650/590/675 648/607/1602
f 787/784/1547 1707/1397/1872 785/751/1551
f 1709/1400/1875 1839/1257/1912 1706/1426/1911
f 1752/1401/1876 1706/1426/1911 1751/1396/1871
f 1838/1270/1910 785/751/1551 1707/1397/1872
f 786/809/961 1841/1292/1909 1708/1425/1908
f 929/807/959 1708/1425/1908 1753/1399/1874
f 1784/1390/1863 793/720/836 798/719/835
f 793/720/836 2154/1451/1974 2036/1452/1975
f 1617/787/931 2070/1378/1976 2053/1197/1586
f 1782/1393/1866 1711/1419/1902 1785/1388/1861
f 1868/1453/1977 2179/1454/1978 1867/1338/1963
f 797/797/1171 1713/1225/1653 1783/1391/1864
f 1447/1001/1300 1715/1184/1563 1444/555/638
f 1369/708/824 2062/1455/1979 2063/1456/1980
f 1770/1353/1814 1717/1457/1981 1714/1359/1820
f 1735/1439/1982 2186/1440/1983 1736/1423/1940
f 1624/1458/1984 2183/1459/1985 1869/1446/1964
f 1772/1356/1817 1446/1196/1585 1716/1361/1822
f 1719/1409/1888 1462/1203/1599 1763/1408/1886
f 1568/1181/1556 2047/1460/1986 2046/1461/1987
f 1721/1177/1885 1762/1365/1840 1765/1347/1883
f 1809/1340/1801 2106/1462/1988 2107/1463/1989
f 1856/1427/1913 2171/1464/1990 1857/1465/1991
f 1455/541/619 1764/1366/1841 1614/1114/1423
f 1503/916/1103 1763/1408/1886 1462/1203/1599
f 1565/1168/1523 2152/1466/1992 2088/1467/1993
f 1733/1371/1835 2136/1436/1994 2137/1468/1994
f 1723/1213/1621 1765/1347/1883 1762/1365/1840
f 1369/708/824 2188/1228/1995 1734/1434/1942
f 1725/1376/1843 1614/1114/1423 1764/1366/1841
f 1793/1457/1996 2150/1469/1997 2153/1470/1998
f 1865/1402/1877 1727/1355/1925 1862/1407/1882
f 1863/1405/1880 1519/1042/1582 1526/1001/1227
f 1755/1338/1799 2104/1471/1999 2105/1472/2000
f 1566/1167/1522 1729/1358/1923 1864/1404/1879
f 1857/1465/1991 2062/1455/1979 1363/779/922
f 1730/1232/1831 640/605/694 642/587/670
f 1791/1184/2001 2068/1185/2002 2151/1473/2003
f 1036/607/699 2137/1468/1994 2094/1363/2004
f 1731/1230/1832 1829/1413/1965 1826/1368/1830
f 791/1174/1546 2076/1377/1844 2077/1381/2005
f 1733/1371/1835 641/590/697 1828/1369/1833
f 1450/1181/1631 2083/1460/2006 1613/1209/1633
f 1788/1396/1895 1735/1439/1982 1736/1423/1940
f 1786/1399/1898 1369/708/824 1734/1434/1942
f 1731/1230/1832 2134/1231/2007 2135/1474/1994
f 1373/784/928 1737/1380/2008 1370/1174/1539
f 1757/1335/1796 2102/1475/2009 2103/1476/2010
f 1400/806/958 1738/1391/1914 1361/797/943
f 1739/1393/1915 1855/1433/1937 1856/1427/1913
f 1361/797/943 1857/1465/1991 1363/779/922
f 1796/1204/1603 1740/1388/1916 1739/1393/1915
f 1741/1390/1917 616/720/951 1854/1375/1839
f 1794/1395/1939 1398/804/950 1741/1390/1917
f 1813/1334/1852 1742/1477/2011 1745/1382/1850
f 1811/1337/1855 1445/1219/1645 1743/1342/1853
f 1620/1218/1643 1744/1341/2012 1619/1200/1590
f 1732/1370/1834 2135/1474/1994 2136/1436/1994
f 1844/1285/1955 1746/1387/1860 1749/1222/1650
f 1518/1187/1569 2100/1478/2013 2099/1479/2014
f 1747/1385/1858 632/579/800 635/1125/2015
f 1023/763/890 1748/1224/1652 636/625/719
f 1860/1376/2016 2133/1480/2017 1861/1367/1829
f 1821/1439/1949 1751/1396/1871 1818/1423/1906
f 1819/1380/1847 787/784/1547 791/1174/1546
f 792/880/1056 1753/1399/1874 1820/1422/1905
f 811/1100/1567 1754/1449/2018 1759/1337/1798
f 763/588/673 2041/1481/2019 762/774/1649
f 1730/1232/1831 2038/586/669 2134/1231/2007
f 1758/1339/1800 1756/1482/2020 1761/1334/1795
f 643/606/696 2060/1483/2021 2061/1484/2022
f 1760/1336/1797 1582/1383/1856 1583/1218/1641
f 1761/1334/1795 1806/1343/1804 1758/1339/1800
f 1759/1337/1798 1564/676/779 811/1100/1567
f 1583/1218/1641 1808/1341/1802 1760/1336/1797
f 1516/541/2023 2079/542/2024 1517/569/1616
f 1502/916/1497 2098/1485/2025 1503/916/1103
f 648/607/1602 2139/1468/1945 1817/1371/1944
f 1451/1042/1299 1771/1360/1821 1447/1001/1300
f 1825/1355/1816 1773/1362/1823 1770/1353/1814
f 1823/1358/1819 1448/1167/1632 1772/1356/1817
f 1776/1352/1813 1826/1368/1830 1829/1413/1965
f 637/774/901 1827/1411/1966 1774/1412/1968
f 643/606/696 1828/1369/1833 641/590/697
f 1832/1224/1927 757/763/1524 761/625/1525
f 1780/1260/1713 1913/1283/1738 1779/1285/1740
f 1778/1295/1750 1671/1249/1693 757/763/1524
f 1830/1387/1929 1779/1285/1740 1833/1222/1926
f 758/579/662 1911/1314/1771 1781/1443/2026
f 1831/1385/1928 758/579/662 1781/1443/2026
f 1785/1388/1861 1837/1204/1870 1782/1393/1866
f 1783/1391/1864 801/1176/1542 797/797/1171
f 798/719/835 1835/1395/1868 1784/1390/1863
f 1849/1417/1900 1372/709/825 1786/1399/1898
f 1847/1415/1897 1787/1435/1943 1788/1396/1895
f 1373/784/928 1846/1414/1896 1789/1398/1941
f 1516/541/2023 2113/1178/1549 2078/543/2027
f 1862/1407/1882 1793/1457/1996 1865/1402/1877
f 652/606/1002 2169/1486/2028 2058/1487/2029
f 1526/1001/1227 1791/1184/2001 1863/1405/1880
f 1864/1404/1879 1565/1168/1523 1566/1167/1522
f 801/1176/1542 2031/1450/2030 803/792/938
f 1859/1211/1827 2130/1212/2017 2131/1488/2017
f 1568/1181/1556 2149/1489/2031 1729/1358/1923
f 1820/1422/1905 2161/1441/1951 2160/1228/1656
f 1799/1345/1806 1502/916/1497 1500/1203/1612
f 1804/1346/1807 1500/1203/1612 1518/1187/1569
f 1801/1347/1808 1858/1213/2032 1798/1365/1826
f 1802/1177/1548 1798/1365/1826 1805/1344/1805
f 1516/541/2023 1800/1366/1828 1803/1179/1550
f 1514/1114/1611 1860/1376/2016 1800/1366/1828
f 1407/1100/1400 1866/1449/1970 1401/792/957
f 1810/1339/1854 1868/1453/1977 1867/1338/1963
f 1812/1336/1851 1624/1458/1984 1869/1446/1964
f 1838/1270/1910 1675/1250/1694 784/752/1552
f 1839/1257/1912 1918/1444/2033 1921/1259/2034
f 1841/1292/1909 1672/1244/1688 1919/1490/2035
f 632/579/800 1936/1314/2036 1695/1247/1702
f 1843/1260/1956 1934/1491/2037 1937/1492/2038
f 1845/1295/1954 1692/1254/1700 1935/1273/2039
f 1848/1416/1899 1852/1257/1710 1851/1298/1753
f 1375/751/871 1853/1270/1725 1846/1414/1896
f 1376/759/882 1850/1292/1747 1196/960/1159
f 1852/1257/1710 1929/1444/1961 1851/1298/1753
f 1850/1292/1747 1688/1244/1708 1196/960/1159
f 1853/1270/1725 1697/1250/1705 1927/1324/1781
f 1907/1322/1779 1642/1087/1381 1644/1086/1380
f 1873/1296/1751 1895/1269/1722 1870/1265/1724
f 1909/1306/1761 1870/1265/1724 1906/1332/1793
f 1894/1279/1734 1642/1087/1381 1871/1323/1780
f 1643/1132/1450 1897/1304/1759 1872/1289/1744
f 1659/1235/1674 1872/1289/1744 1908/1317/1774
f 1645/1237/1673 1882/1319/2040 1875/1316/2041
f 1889/1286/1933 1874/1493/2042 1877/1288/1930
f 1874/1493/2042 1884/1494/2043 1877/1288/1930
f 1887/1279/2044 1645/1237/1673 1875/1316/2041
f 1648/1130/1667 1876/1495/2045 1647/1234/1669
f 1876/1495/2045 1653/1241/1681 1647/1234/1669
f 1652/1130/1448 1878/1495/2046 1897/1304/1759
f 1880/1493/2047 1903/1331/1790 1904/1311/1768
f 1878/1495/2046 1660/1241/2048 1902/1327/1785
f 1896/1286/1741 1880/1493/2047 1895/1269/1722
f 1651/1237/1679 1905/1319/1776 1656/1242/1685
f 1894/1279/1734 1651/1237/1679 1658/1239/1677
f 1917/1328/1786 1646/1242/2049 1670/1236/1672
f 1915/1301/1756 1883/1311/2050 1916/1309/1920
f 1669/1240/1680 1885/1496/2051 1914/1312/1769
f 1887/1279/2044 1655/1087/1624 1654/1127/1443
f 1886/1269/2052 1892/1296/1935 1891/1265/1718
f 1888/1304/1958 1649/1132/1666 1893/1289/2053
f 1891/1265/1718 1899/1306/2054 1900/1263/1716
f 1655/1087/1624 1901/1322/2055 1657/1086/1686
f 1893/1289/2053 1661/1235/1671 1898/1268/1721
f 1674/1238/1696 1898/1268/1721 1661/1235/1671
f 1924/1276/1731 1900/1263/1716 1899/1306/2054
f 1922/1497/2056 1657/1086/1686 1901/1322/2055
f 1694/1240/1682 1902/1327/1785 1660/1241/2048
f 1940/1301/1792 1904/1311/1768 1903/1331/1790
f 1938/1321/1778 1656/1242/1685 1905/1319/1776
f 1933/1429/1919 1644/1086/1380 1689/1256/1709
f 1931/1276/1765 1906/1332/1793 1932/1498/2057
f 1696/1238/1675 1908/1317/1774 1930/1499/2058
f 1668/1247/1691 1914/1312/1769 1911/1314/1771
f 1910/1492/2059 1916/1309/1920 1913/1283/1738
f 1912/1273/1728 1670/1236/1672 1671/1249/1693
f 1919/1490/2035 1673/1243/1687 1922/1497/2056
f 1921/1259/2034 1923/1498/2060 1924/1276/1731
f 1920/1500/2061 1674/1238/1696 1675/1250/1694
f 1927/1324/1781 1696/1238/1675 1930/1499/2058
f 1926/1259/1712 1932/1498/2057 1929/1444/1961
f 1928/1294/1749 1689/1256/1709 1688/1244/1708
f 1935/1273/2039 1693/1236/1684 1938/1321/1778
f 1937/1492/2038 1939/1309/1766 1940/1301/1792
f 1695/1247/1702 1941/1312/1783 1694/1240/1682
f 1944/1303/1791 1942/1501/2062 1943/1302/2063
f 1948/1320/1777 1946/1430/2064 1947/1275/2065
f 1943/1302/2063 1950/1261/2066 1951/1262/2067
f 1947/1275/2065 1952/1502/2068 1953/1274/2069
f 1955/1299/1754 1957/1428/1918 1954/1293/1748
f 1959/1271/1726 1961/1278/1764 1958/1258/1711
f 1963/1300/1755 1954/1293/1748 1962/1308/1763
f 1965/1272/1727 1958/1258/1711 1964/1282/1737
f 1968/1278/1733 1966/1503/2070 1967/1258/2071
f 1972/1428/2072 1970/1299/2073 1971/1293/2074
f 1967/1258/2071 1974/1272/2075 1975/1504/2076
f 1971/1293/2074 1976/1300/2077 1977/1308/2078
f 1979/1430/1921 1981/1320/1787 1978/1275/1730
f 1983/1313/1770 1985/1303/1758 1982/1302/1757
f 1987/1284/1739 1978/1275/1730 1986/1274/1729
f 1989/1261/1714 1982/1302/1757 1988/1262/1715
f 1956/1445/1962 1991/1505/2079 1957/1428/1918
f 1960/1325/1782 1993/1277/2080 1961/1278/1764
f 1995/1310/2081 1997/1315/2082 1994/1506/2083
f 1999/1507/2084 2001/1287/1932 1998/1431/1931
f 2003/1330/1789 2005/1315/1772 2002/1281/1736
f 2007/1290/1745 2009/1287/1742 2006/1297/1752
f 2012/1333/2085 2010/1508/2086 2011/1264/1717
f 2016/1267/1720 2014/1307/1934 2015/1291/1959
f 2001/1287/1932 2018/1290/1960 2019/1297/2087
f 1997/1315/2082 2020/1330/2088 2021/1281/2089
f 2011/1264/1717 2021/1281/2089 2020/1330/2088
f 2015/1291/1959 2019/1297/2087 2018/1290/1960
f 1990/1333/1794 2023/1280/1735 1991/1505/2079
f 1992/1318/1775 2025/1307/1762 1993/1277/2080
f 2006/1297/1752 2024/1291/1746 2007/1290/1745
f 2002/1281/1736 2022/1264/1723 2003/1330/1789
f 2026/1310/1767 2005/1315/1772 2004/1329/1788
f 2028/1326/1784 2009/1287/1742 2008/1305/1760
f 2029/1431/2090 1945/1509/2091 1944/1303/1791
f 2027/1506/2092 1949/1510/2093 1948/1320/1777
f 1980/1511/2094 1994/1506/2083 1981/1320/1787
f 1984/1509/2095 1998/1431/1931 1985/1303/1758
f 2017/1277/1732 1969/1325/2096 1968/1278/1733
f 2013/1505/2097 1973/1445/2098 1972/1428/2072
f 1940/1301/1792 1943/1302/2063 1937/1492/2038
f 1904/1311/1768 2004/1329/1788 1880/1493/2047
f 1922/1497/2056 2013/1505/2097 1972/1428/2072
f 1911/1314/1771 1989/1261/1714 1781/1443/2026
f 1923/1498/2060 2012/1333/2085 1900/1263/1716
f 1901/1322/2055 2010/1508/2086 2013/1505/2097
f 1910/1492/2059 1988/1262/1715 1982/1302/1757
f 1921/1259/2034 1968/1278/1733 1967/1258/2071
f 1941/1312/1783 1942/1501/2062 1945/1509/2091
f 1881/1316/1773 2027/1506/2092 1905/1319/1776
f 1932/1498/2057 1990/1333/1794 1956/1445/1962
f 1902/1327/1785 2008/1305/1760 1878/1495/2046
f 1898/1268/1721 2015/1291/1959 1893/1289/2053
f 1920/1500/2061 1969/1325/2096 1925/1266/1719
f 1938/1321/1778 1947/1275/2065 1935/1273/2039
f 1933/1429/1919 1991/1505/2079 1907/1322/1779
f 1916/1309/1920 1995/1310/2081 1980/1511/2094
f 1879/1288/1743 2029/1431/2090 1903/1331/1790
f 1899/1306/2054 2014/1307/1934 2017/1277/1732
f 1930/1499/2058 1992/1318/1775 1960/1325/1782
f 1882/1319/2040 1981/1320/1787 1994/1506/2083
f 1919/1490/2035 1972/1428/2072 1971/1293/2074
f 1939/1309/1766 1946/1430/2064 1949/1510/2093
f 1885/1496/2051 1984/1509/2095 1914/1312/1769
f 1843/1260/1956 1950/1261/2066 1842/1443/1957
f 1889/1286/1933 2001/1287/1932 2019/1297/2087
f 1931/1276/1765 1993/1277/2080 1909/1306/1761
f 1884/1494/2043 1985/1303/1758 1998/1431/1931
f 1918/1444/2033 1973/1445/2098 1923/1498/2060
f 1937/1492/2038 1951/1262/2067 1843/1260/1956
f 1888/1304/1958 2000/1305/2099 1876/1495/2045
f 1838/1270/1910 1975/1504/2076 1974/1272/2075
f 1936/1314/2036 1950/1261/2066 1942/1501/2062
f 1883/1311/2050 1996/1329/2100 1995/1310/2081
f 1839/1257/1912 1967/1258/2071 1975/1504/2076
f 1845/1295/1954 1952/1502/2068 1844/1285/1955
f 1887/1279/2044 1997/1315/2082 2021/1281/2089
f 1838/1270/1910 1966/1503/2070 1920/1500/2061
f 1935/1273/2039 1953/1274/2069 1845/1295/1954
f 1886/1269/2052 1996/1329/2100 1874/1493/2042
f 1875/1316/2041 1994/1506/2083 1997/1315/2082
f 1840/1424/1907 1977/1308/2078 1976/1300/2077
f 1934/1491/2037 1952/1502/2068 1946/1430/2064
f 1886/1269/2052 2011/1264/1717 2020/1330/2088
f 1841/1292/1909 1971/1293/2074 1977/1308/2078
f 1887/1279/2044 2010/1508/2086 1890/1323/2101
f 1885/1496/2051 2000/1305/2099 1999/1507/2084
f 1840/1424/1907 1970/1299/2073 1918/1444/2033
f 2076/1377/1844 2036/1452/1975 2077/1381/2005
f 2042/1512/2102 2090/1513/2103 2041/1481/2019
f 2052/1198/1587 2070/1378/1976 2054/1514/2104
f 2071/1372/1938 2056/1515/2105 2055/1442/1952
f 2074/1377/2106 2075/1452/2107 2073/1516/2108
f 2048/1207/2109 2043/1517/2110 2045/1207/1606
f 2038/586/669 2057/1518/2111 2040/586/2112
f 2064/543/621 2083/1460/2006 2087/1461/2113
f 2049/1513/2114 2067/1512/2115 2050/1481/2116
f 2047/1460/1986 2078/543/2027 2046/1461/1987
f 2088/1467/1993 2034/1378/1845 2089/1197/2117
f 2082/1519/2118 2081/1372/1836 2080/1384/1857
f 2102/1475/2009 2115/1520/2119 2103/1476/2010
f 2104/1471/1999 2117/1521/2120 2105/1472/2000
f 2125/1470/2121 2126/1462/2122 2127/1463/2123
f 2123/1522/2124 2128/1437/2125 2129/1523/2126
f 2136/1436/1994 2139/1468/1945 2137/1468/1994
f 2134/1231/2007 2141/1474/1945 2135/1474/1994
f 2147/1524/2127 2110/1525/2128 2146/1526/2129
f 2149/1489/2031 2112/1527/2130 2148/1528/2131
f 2108/1437/1947 2151/1473/2003 2109/1438/1948
f 2106/1462/1988 2153/1470/1998 2107/1463/1989
f 2155/1421/1904 2157/1379/1846 2154/1451/1974
f 2159/1227/1655 2161/1441/1951 2158/1420/1903
f 2163/1529/2132 2121/1489/2133 2120/1528/2134
f 2165/1525/2135 2119/1524/2136 2118/1526/2137
f 2180/1521/2138 2178/1471/2139 2179/1454/1978
f 2184/1520/2140 2182/1475/2141 2183/1459/1985
f 2189/1441/2142 2171/1464/1990 2170/1420/1953
f 2187/1379/1848 2173/1432/1936 2172/1374/1838
f 2176/1530/2143 2166/1448/2144 2177/1531/2145
f 2174/1223/2146 2168/1351/2147 2175/1532/2148
f 2192/1386/1859 2190/1448/1969 2191/1533/2149
f 2196/1223/1651 2194/1351/1812 2195/1534/2150
f 2144/1480/1620 2132/1535/2151 2145/1535/2152
f 2142/1488/1620 2130/1212/2017 2143/1212/1620
f 2156/1440/1950 2158/1420/1903 2161/1441/1951
f 2077/1381/2005 2154/1451/1974 2157/1379/1846
f 2160/1228/1656 2092/1226/1654 2091/1229/1657
f 2127/1463/2123 2122/1469/2153 2125/1470/2121
f 2129/1523/2126 2032/1185/1564 2123/1522/2124
f 2054/1514/2104 2124/1536/2154 2052/1198/1587
f 2120/1528/2134 2164/1364/2155 2163/1529/2132
f 2118/1526/2137 2096/1479/2156 2165/1525/2135
f 2087/1461/2113 2162/1178/2157 2064/543/621
f 2133/1480/2017 2143/1212/1620 2130/1212/2017
f 2131/1488/2017 2098/1485/2025 2097/1485/2158
f 2043/1517/2110 2145/1535/2152 2132/1535/2151
f 2146/1526/2129 2099/1479/2014 2100/1478/2013
f 2148/1528/2131 2111/1364/1825 2147/1524/2127
f 2046/1461/1987 2113/1178/1549 2149/1489/2031
f 2138/1436/1945 2135/1474/1994 2141/1474/1945
f 2140/1231/1660 2038/586/669 2040/586/2112
f 2093/1363/1824 2137/1468/1994 2139/1468/1945
f 2062/1455/1979 2188/1228/1995 2063/1456/1980
f 2170/1420/1953 2186/1440/1983 2189/1441/2142
f 2172/1374/1838 2084/1381/1849 2187/1379/1848
f 2190/1448/1969 2049/1513/2114 2050/1481/2116
f 2191/1533/2149 2197/1532/2159 2192/1386/1859
f 2195/1534/2150 2060/1483/2021 2196/1223/1651
f 2114/1205/2160 2105/1472/2000 2117/1521/2120
f 2116/1348/2161 2031/1450/2030 2030/1537/2162
f 2101/1373/1837 2103/1476/2010 2115/1520/2119
f 2167/1533/2163 2175/1532/2148 2168/1351/2147
f 2169/1486/2028 2059/1538/2164 2058/1487/2029
f 2090/1513/2103 2166/1448/2144 2041/1481/2019
f 2109/1438/1948 2068/1185/2002 2069/1539/2165
f 2107/1463/1989 2150/1469/1997 2108/1437/1947
f 2035/1540/2166 2152/1466/1992 2106/1462/1988
f 2183/1459/1985 2072/1541/2167 2184/1520/2140
f 2179/1454/1978 2185/1205/1604 2180/1521/2138
f 2086/1450/1971 2181/1348/1809 2085/1537/2168
f 1399/803/949 2184/1520/2140 2072/1541/2167
f 1624/1458/1984 2055/1442/1952 2056/1515/2105
f 1717/1457/1981 2122/1469/2153 1714/1359/1820
f 1517/569/1616 2047/1460/1986 1569/1209/1615
f 1725/1376/1843 2144/1480/1620 2145/1535/2152
f 1742/1477/2011 2127/1463/2123 1745/1382/1850
f 614/539/803 2074/1377/2106 2073/1516/2108
f 1833/1222/1926 2174/1223/2146 2175/1532/2148
f 616/720/951 2073/1516/2108 2075/1452/2107
f 1445/1219/1645 2129/1523/2126 1743/1342/1853
f 1834/1394/1867 2115/1520/2119 2114/1205/2160
f 1721/1177/1885 2162/1178/2157 2163/1529/2132
f 1774/1412/1968 2050/1481/2116 637/774/901
f 1446/1196/1585 2124/1536/2154 1716/1361/1822
f 1747/1385/1858 2049/1513/2114 2193/1531/2169
f 1727/1355/1925 2146/1526/2129 1726/1354/1924
f 1831/1385/1928 2176/1530/2143 2177/1531/2145
f 1370/1174/1539 2074/1377/2106 615/540/804
f 1619/1200/1590 2126/1462/2122 2054/1514/2104
f 1610/569/652 2083/1460/2006 2065/542/620
f 1746/1387/1860 2197/1532/2159 1749/1222/1650
f 1836/1349/1869 2117/1521/2120 2116/1348/2161
f 652/606/1002 2059/1538/2164 761/625/1525
f 1719/1409/1888 2164/1364/2155 2165/1525/2135
f 1512/1208/1614 2048/1207/2109 1615/601/689
f 1776/1352/1813 2191/1533/2149 1775/1447/1967
f 1729/1358/1923 2148/1528/2131 1728/1357/1922
f 1452/1187/1600 2165/1525/2135 2096/1479/2156
f 1825/1355/1816 2118/1526/2137 2119/1524/2136
f 764/770/1232 2042/1512/2102 763/588/673
f 1718/1344/1887 2163/1529/2132 2164/1364/2155
f 1769/1410/1889 2166/1448/2144 2167/1533/2163
f 1619/1200/1590 2070/1378/1976 1618/778/917
f 1748/1224/1652 2060/1483/2021 636/625/719
f 1822/1357/1818 2119/1524/2136 2120/1528/2134
f 643/606/696 2195/1534/2150 1777/1350/1811
f 1790/1406/1881 2151/1473/2003 2150/1469/1997
f 1867/1338/1963 2178/1471/2139 1866/1449/1970
f 1824/1354/1815 2095/1478/2170 2118/1526/2137
f 1823/1358/1819 2120/1528/2134 2121/1489/2133
f 1455/541/619 2162/1178/2157 1720/1179/1884
f 1767/1350/1892 2168/1351/2147 2169/1486/2028
f 1754/1449/2018 2031/1450/2030 2104/1471/1999
f 1797/1349/1810 2180/1521/2138 1796/1204/1603
f 1450/1181/1631 2121/1489/2133 2087/1461/2113
f 1452/1187/1600 2095/1478/2170 1451/1042/1299
f 1837/1204/1870 2114/1205/2160 2117/1521/2120
f 1792/1403/1878 2153/1470/1998 2152/1466/1992
f 1565/1168/1523 2089/1197/2117 1574/787/1521
f 1756/1482/2020 2105/1472/2000 2102/1475/2009
f 1869/1446/1964 2182/1475/2141 1868/1453/1977
f 1722/1211/1619 2098/1485/2025 2142/1488/1620
f 801/1176/1542 2116/1348/2161 2030/1537/2162
f 1861/1367/1829 2130/1212/2017 1858/1213/2032
f 1714/1359/1820 2123/1522/2124 1715/1184/1563
f 1795/1206/1605 2184/1520/2140 1794/1395/1939
f 1400/806/958 2086/1450/1971 2085/1537/2168
f 1724/1367/1842 2143/1212/1620 2144/1480/1620
f 800/1192/1578 2115/1520/2119 1835/1395/1868
f 1859/1211/1827 2097/1485/2158 1502/916/1497
f 629/770/897 2049/1513/2114 635/1125/2015
f 1576/1200/1658 2034/1378/1845 2035/1540/2166
f 1582/1383/1856 2103/1476/2010 2082/1519/2118
f 645/560/1366 2039/1518/2171 644/560/643
f 1504/1208/1610 2132/1535/2151 1860/1376/2016
f 1716/1361/1822 2125/1470/2121 1717/1457/1981
f 638/588/902 2050/1481/2116 2067/1512/2115
f 1512/1208/1614 2145/1535/2152 2044/1517/2172
f 629/770/897 2067/1512/2115 2066/1542/2173
f 793/720/836 2037/1516/2174 1587/539/617
f 1809/1340/1801 2108/1437/1947 1806/1343/1804
f 1726/1354/1924 2100/1478/2013 1519/1042/1582
f 1745/1382/1850 2126/1462/2122 1744/1341/2012
f 1814/1232/1661 2040/586/2112 647/587/1368
f 1564/676/779 2109/1438/1948 2069/1539/2165
f 1710/1389/1862 2155/1421/1904 2154/1451/1974
f 1518/1187/1569 2110/1525/2128 1804/1346/1807
f 645/560/1366 2040/586/2112 2057/1518/2111
f 1504/1208/1610 2045/1207/1606 2043/1517/2110
f 1576/1200/1658 2106/1462/1988 1808/1341/1802
f 764/770/1232 2090/1513/2103 2051/1542/2175
f 1768/1412/1891 2041/1481/2019 2166/1448/2144
f 1830/1387/1929 2175/1532/2148 2176/1530/2143
f 1818/1423/1906 2157/1379/1846 2156/1440/1950
f 1736/1423/1940 2187/1379/1848 1737/1380/2008
f 1728/1357/1922 2147/1524/2127 1727/1355/1925
f 1743/1342/1853 2128/1437/2125 1742/1477/2011
f 1816/1370/1946 2141/1474/1945 1815/1230/1659
f 1832/1224/1927 2059/1538/2164 2174/1223/2146
f 1564/676/779 2068/1185/2002 1563/555/744
f 1831/1385/1928 2090/1513/2103 760/1125/1441
f 1712/1392/1865 2159/1227/1655 2158/1420/1903
f 1805/1344/1805 2112/1527/2130 1802/1177/1548
f 792/880/1056 2092/1226/1654 794/881/1057
f 1766/1352/1894 2167/1533/2163 2168/1351/2147
f 1734/1434/1942 2189/1441/2142 1735/1439/1982
f 1580/531/607 1579/546/1613 1578/532/608
f 1581/534/610 799/544/623 1585/535/611
f 1588/538/616 1586/537/622 1587/539/617
f 1455/541/619 1610/569/652 2065/542/620
f 1586/537/622 1585/535/611 799/544/623
f 1625/546/626 1623/531/914 1621/547/627
f 781/549/630 774/545/911 783/550/631
f 611/537/613 614/539/803 610/544/633
f 625/552/635 1378/824/984 623/553/636
f 1444/555/638 1445/1219/1645 1441/556/639
f 639/558/641 1641/775/1664 646/559/642
f 1191/564/647 1117/964/1168 1119/565/648
f 1612/567/650 1611/600/904 1609/568/651
f 1009/571/654 1008/975/1289 1006/572/655
f 1466/574/657 1467/609/701 1465/575/658
f 759/577/660 772/593/678 756/578/661
f 1471/580/663 1467/609/701 1469/581/664
f 1382/583/666 1364/953/1147 1381/584/667
f 644/560/643 2039/1518/2171 2038/586/669
f 766/558/671 767/775/907 765/563/672
f 1041/589/674 648/607/1602 650/590/675
f 778/592/677 756/578/661 772/593/678
f 1043/594/680 1045/1035/1290 1046/595/681
f 1505/597/683 1507/597/1104 1508/598/684
f 1606/599/686 1513/601/1607 1515/567/687
f 1615/601/689 1513/601/1607 1606/599/686
f 809/602/691 970/1172/1537 806/603/692
f 644/560/643 642/587/670 640/605/694
f 1033/591/695 1031/611/703 643/606/696
f 1035/589/698 1033/591/695 641/590/697
f 1468/608/700 1469/581/664 1467/609/701
f 1033/591/695 1034/1035/1291 1032/610/702
f 657/612/704 761/625/1525 660/613/705
f 1359/615/707 1383/823/983 1357/616/708
f 1028/612/710 636/625/719 643/606/696
f 1164/619/712 1026/614/801 1030/620/713
f 707/622/715 705/690/802 704/623/716
f 1028/612/710 1026/614/801 1024/613/718
f 1468/608/700 1466/574/657 1458/626/720
f 719/628/722 678/662/759 677/629/723
f 1027/631/725 1022/713/888 1024/613/718
f 1544/633/727 1590/1104/1571 1589/634/728
f 1350/636/730 1352/971/1178 1354/637/731
f 1050/639/733 1194/772/899 1047/640/734
f 1272/645/739 1542/1221/1648 1541/646/740
f 1563/555/744 1556/1002/1228 1558/650/745
f 1472/651/747 1465/575/658 1467/609/701
f 1156/652/748 1021/728/844 1157/653/749
f 669/644/738 673/655/752 674/630/724
f 948/658/755 949/636/1195 951/659/756
f 1133/663/761 1134/661/765 1132/664/762
f 1171/666/764 1132/664/762 1134/661/765
f 1114/667/767 1112/669/769 1131/665/763
f 1127/668/768 1131/665/763 1112/669/769
f 1129/671/771 1133/663/761 1131/665/763
f 1564/676/779 1563/555/744 1562/557/746
f 1465/575/658 1477/1020/1257 1460/678/781
f 1116/679/787 1118/683/1333 1189/684/788
f 634/578/798 633/593/909 631/577/799
f 1026/614/801 1164/619/712 1025/632/726
f 614/539/803 611/537/613 617/538/624
f 898/692/807 895/783/926 923/693/808
f 712/697/812 711/695/810 717/700/815
f 713/698/813 718/703/818 678/662/759
f 1145/704/820 1177/696/1089 1176/705/821
f 1380/707/823 1371/1111/1413 1369/708/824
f 1395/710/826 1396/988/1207 1394/711/827
f 1636/713/829 757/763/1524 754/714/830
f 1587/539/617 799/544/623 798/719/835
f 905/723/839 965/988/1562 854/724/840
f 728/718/834 725/717/833 731/726/842
f 1021/728/844 1156/652/748 1018/729/845
f 1409/732/848 1345/1051/1314 1412/733/849
f 736/736/852 737/740/856 733/738/854
f 1032/610/702 1165/621/714 1030/620/713
f 1198/744/861 1632/743/1566 1202/742/862
f 663/631/864 1637/728/1265 666/648/742
f 1638/747/867 753/758/1264 752/748/868
f 1470/750/870 1437/1214/1628 1468/608/700
f 1375/751/871 620/550/927 622/551/872
f 1007/573/656 1197/959/1158 1010/753/874
f 1012/754/875 1011/755/877 1009/571/654
f 1014/749/876 1172/1117/1630 1011/755/877
f 1016/748/878 1014/749/876 1012/754/875
f 1012/754/875 1010/753/874 1015/757/880
f 1018/729/845 1014/749/876 1016/748/878
f 1376/759/882 1196/960/1159 1199/760/883
f 1000/738/885 1631/1233/1662 1003/762/886
f 1022/713/888 1020/730/846 1019/714/889
f 968/764/891 816/818/975 829/765/892
f 1479/767/894 1478/1038/1622 1476/768/895
f 629/770/897 635/1125/2015 632/579/800
f 1023/763/890 636/625/719 1024/613/718
f 1192/771/898 1047/640/734 1194/772/899
f 639/558/641 640/605/694 637/774/901
f 627/563/646 638/588/902 629/770/897
f 759/577/660 770/570/908 771/562/903
f 1612/567/650 1615/601/689 1607/599/690
f 627/563/646 1641/775/1664 639/558/641
f 626/562/645 633/593/909 625/552/635
f 626/562/645 630/570/653 631/577/799
f 1625/546/626 612/536/615 613/776/913
f 1379/592/915 625/552/635 633/593/909
f 1626/777/916 1622/532/628 1621/547/627
f 1101/641/918 1167/981/1349 1097/595/919
f 630/570/653 628/561/644 629/770/897
f 1363/779/922 1369/708/824 1367/780/923
f 691/680/783 686/672/774 689/673/775
f 894/782/925 732/731/847 734/739/855
f 620/550/927 1375/751/871 1373/784/928
f 1374/785/929 615/540/804 617/538/624
f 1616/786/930 776/1216/1642 1617/787/931
f 745/789/933 747/820/980 748/754/934
f 1043/594/680 1042/860/1365 1040/790/936
f 804/791/937 801/1176/1542 803/792/938
f 1520/794/940 1604/1186/1568 1522/795/941
f 1361/797/943 1363/779/922 1362/798/944
f 834/800/946 1590/1104/1571 1591/801/947
f 1399/803/949 613/776/913 610/544/633
f 1398/804/950 610/544/633 614/539/803
f 813/732/952 969/994/1213 809/602/691
f 888/705/954 716/696/811 720/704/819
f 1402/791/956 1403/793/963 1401/792/957
f 929/807/959 925/707/1455 927/808/960
f 1405/604/962 1401/792/957 1403/793/963
f 1408/805/965 1406/817/974 1405/604/962
f 1404/603/964 1352/971/1178 1353/602/966
f 1198/744/861 1201/745/863 1200/761/884
f 1628/810/967 1480/978/1187 1482/811/968
f 1337/813/970 1334/855/1474 1335/814/971
f 1410/816/973 1442/1141/1629 1406/817/974
f 1062/666/978 668/642/736 679/661/758
f 747/820/980 1639/1117/1430 750/749/869
f 1382/583/666 1219/933/1123 1384/822/982
f 1378/824/984 1195/1041/1298 1377/752/873
f 818/821/981 821/825/985 825/827/987
f 1595/835/995 1600/862/1031 1598/836/996
f 656/618/1000 655/620/1272 653/611/1001
f 828/833/993 830/834/994 831/839/999
f 1547/846/1009 1535/769/1271 1538/811/1010
f 1425/844/1012 1346/765/1574 1344/766/1013
f 1331/849/1015 1343/848/1014 1341/850/1016
f 1221/852/1018 1232/925/1471 1395/710/826
f 708/671/805 683/668/778 682/665/1020
f 1099/860/1028 1042/860/1365 1100/861/1029
f 1600/862/1031 864/876/1050 863/863/1032
f 986/867/1038 988/722/1243 989/868/1039
f 999/873/1045 1000/738/885 1002/737/887
f 1080/877/1052 1081/878/1348 1075/878/1053
f 795/879/1055 937/780/1543 792/880/1056
f 1246/887/1063 1230/1143/1467 1235/888/1064
f 1246/887/1063 1237/889/1065 1245/896/1072
f 1392/898/1074 1339/1054/1318 1336/899/1075
f 983/869/1040 989/868/1039 1176/705/821
f 911/906/1086 946/974/1182 912/907/1087
f 1184/904/1082 1176/705/821 1177/696/1089
f 998/908/1091 1005/716/1163 1148/909/1092
f 993/913/1097 991/892/1237 1239/890/1098
f 873/890/1066 876/892/1068 892/913/1096
f 1224/915/1101 1211/918/1456 1243/782/1102
f 1503/916/1103 1509/1092/1532 1508/598/684
f 1559/917/1105 1560/677/780 1562/557/746
f 900/919/1107 902/926/1115 903/922/1111
f 1368/923/1112 1365/967/1173 1366/781/924
f 1231/928/1117 1228/1146/1470 1225/929/1118
f 716/696/811 888/705/954 884/904/1084
f 989/868/1039 998/908/1091 1175/706/822
f 1149/931/1121 1151/1108/1409 1152/649/750
f 1219/933/1123 1221/852/1018 1397/853/1019
f 1215/936/1126 1217/954/1148 1209/937/1127
f 1317/802/1129 1318/1165/1519 1316/939/1130
f 845/855/1023 851/814/1036 963/942/1133
f 1256/947/1138 1252/1148/1478 1254/871/1139
f 914/583/1141 944/823/1259 911/906/1086
f 1426/948/1142 1423/1137/1459 1422/949/1143
f 1546/635/729 1589/634/728 1551/951/1145
f 1383/823/983 1359/615/707 1364/953/1147
f 1030/620/713 1026/614/801 1028/612/710
f 1217/954/1148 1371/1111/1413 1380/707/823
f 1205/741/1150 1631/1233/1662 1000/738/885
f 1204/957/1152 1203/808/1154 1201/745/863
f 978/875/1153 865/871/1051 1247/897/1073
f 1203/808/1154 1380/707/823 1372/709/825
f 1155/629/1155 1136/1095/1395 1143/958/1156
f 652/606/1002 761/625/1525 657/612/704
f 1197/959/1158 1198/744/861 1199/760/883
f 1430/634/1160 1314/1104/1405 1312/961/1161
f 1005/716/1163 1004/1018/1255 1174/962/1164
f 958/850/1165 840/848/1392 841/849/1166
f 1191/564/647 1113/992/1211 1115/963/1167
f 1545/965/1169 1547/846/1009 1539/847/1011
f 797/797/1171 953/1175/1541 796/798/1172
f 1368/923/1112 1215/936/1126 1381/584/667
f 1365/967/1173 1381/584/667 1364/953/1147
f 1209/937/1127 1217/954/1148 1206/955/1149
f 1161/968/1175 1162/1049/1417 1159/969/1176
f 1352/971/1178 1404/603/964 1355/972/1179
f 1331/849/1015 1330/859/1529 1325/973/1180
f 1216/585/668 1381/584/667 1215/936/1126
f 727/735/851 723/1022/1262 744/975/1184
f 805/793/939 803/792/938 808/604/693
f 1391/976/1185 1340/900/1076 1341/850/1016
f 1480/978/1187 1628/810/967 1288/979/1188
f 1048/981/1190 1059/1113/1422 1051/982/1191
f 948/658/755 945/616/1183 952/617/1196
f 1343/848/1014 1344/766/1013 1342/977/1186
f 960/900/1198 962/943/1134 963/942/1133
f 881/903/1080 875/893/1069 878/894/1070
f 891/911/1094 729/722/838 728/718/834
f 1281/986/1201 1282/1071/1346 1278/979/1202
f 1388/987/1204 1386/907/1403 1393/712/828
f 1229/723/1205 1248/725/1475 1251/724/1206
f 956/989/1208 967/991/1210 947/660/757
f 917/944/1135 918/946/1137 919/945/1136
f 1113/992/1211 1111/1089/1383 1108/993/1212
f 1533/678/1214 1532/1195/1581 1530/575/1215
f 1159/969/1176 1171/666/764 1135/642/766
f 906/924/1113 869/883/1059 972/998/1220
f 1239/890/1098 1241/891/1473 1240/882/1221
f 889/910/1093 890/912/1095 875/893/1069
f 1526/1001/1227 1525/750/1584 1556/1002/1228
f 765/563/672 769/561/906 764/770/1232
f 993/913/1097 992/1009/1241 990/911/1236
f 1203/808/1154 1376/759/882 1200/761/884
f 987/1006/1238 1241/891/1473 991/892/1237
f 1630/1007/1239 1231/928/1117 1233/930/1119
f 888/705/954 883/868/1081 882/869/1077
f 994/1010/1242 995/1013/1247 988/722/1243
f 1223/919/1244 1222/1142/1466 1220/1011/1245
f 1253/864/1249 1394/711/827 1396/988/1207
f 1214/938/1128 1212/1139/1461 1218/1015/1250
f 997/874/1046 996/1014/1248 992/1009/1241
f 748/754/934 750/749/869 752/748/868
f 1551/951/1145 823/829/989 1554/1016/1253
f 1360/799/945 1359/615/707 1356/617/709
f 743/572/859 744/975/1184 745/789/933
f 1477/1020/1257 1465/575/658 1472/651/747
f 943/615/1258 952/617/1196 945/616/1183
f 740/743/860 738/742/858 737/740/856
f 1522/795/941 1604/1186/1568 1529/576/1216
f 1385/1021/1261 1357/616/708 1383/823/983
f 723/1022/1262 727/735/851 724/716/832
f 749/756/1252 752/748/868 753/758/1264
f 753/758/1264 1638/747/867 755/715/831
f 1475/769/896 1482/811/968 1480/978/1187
f 1636/713/829 755/715/831 1637/728/1265
f 877/895/1071 867/875/1047 887/690/1085
f 1419/829/1266 1420/828/1536 1430/634/1160
f 664/746/865 666/648/742 667/643/737
f 1411/734/850 1410/816/973 1408/805/965
f 1534/768/1269 1536/1038/1295 1537/767/1270
f 1545/965/1169 1543/966/1170 1544/633/727
f 657/612/704 658/614/706 655/620/1272
f 1633/1025/1273 985/1005/1235 982/1004/1234
f 832/838/998 833/840/1003 835/842/1005
f 655/620/1272 1060/621/1420 654/610/1274
f 1286/1026/1275 1288/979/1188 1628/810/967
f 820/1028/1277 1557/1074/1352 819/830/990
f 1627/1029/1278 1478/1038/1622 1484/1030/1279
f 1313/635/1162 1473/965/1623 1471/580/663
f 1029/618/711 643/606/696 1031/611/703
f 1078/1032/1281 698/689/796 1187/689/1282
f 1495/1033/1284 1506/598/685 1508/598/684
f 1037/1034/1286 1038/790/1288 1035/589/698
f 1096/594/1287 1035/589/698 1038/790/1288
f 860/871/1042 865/871/1051 866/875/1224
f 1008/975/1289 1174/962/1164 1004/1018/1255
f 1041/589/674 651/591/676 1045/1035/1290
f 1035/589/698 1096/594/1287 1034/1035/1291
f 1121/687/1292 1123/623/1389 1120/566/649
f 1268/1036/1293 1542/1221/1648 1272/645/739
f 1536/1038/1295 1489/1030/1565 1280/1039/1296
f 625/552/635 1379/592/915 1195/1041/1298
f 1470/750/870 1453/627/721 1451/1042/1299
f 666/648/742 1637/728/1265 672/652/1302
f 1052/1040/1297 1051/982/1191 1056/1044/1303
f 1323/1046/1305 1320/1166/1520 1321/1047/1306
f 1434/1016/1309 1419/829/1266 1431/1024/1267
f 939/967/1311 796/798/1172 941/1050/1312
f 1345/1051/1314 1409/732/848 1348/994/1315
f 941/1050/1312 943/615/1258 944/823/1259
f 1253/864/1249 1335/814/971 1339/1054/1318
f 1388/987/1204 1390/1183/1559 1389/1057/1322
f 1065/1061/1326 1068/1064/1330 1067/1059/1324
f 1125/623/1327 979/690/1226 1183/1062/1328
f 1069/1065/1331 1066/1060/1325 686/672/774
f 1118/683/1333 1103/1066/1336 1086/1067/1334
f 1087/772/1335 1086/1067/1334 1103/1066/1336
f 1189/684/788 1086/1067/1334 1084/1068/1338
f 1185/685/789 1189/684/788 1082/1069/1339
f 1034/1035/1291 1096/594/1287 1095/596/1344
f 1486/986/1345 1283/1071/1499 1282/1071/1346
f 1079/877/1054 1076/1070/1343 1077/1070/1347
f 1034/1035/1291 1097/595/919 1167/981/1349
f 1558/650/745 1556/1002/1228 1555/1073/1351
f 1071/1067/1355 1074/1068/1341 1193/773/900
f 1487/1077/1357 1485/1077/1595 1486/986/1345
f 1089/1075/1358 1091/1072/1359 1083/1072/1350
f 1044/596/682 1192/771/898 1093/1076/1361
f 1285/1078/1362 1287/1079/1498 1289/1079/1363
f 1044/596/682 1100/861/1029 1042/860/1365
f 1355/972/1179 1358/1019/1256 1356/617/709
f 645/560/1366 766/558/671 649/605/1367
f 954/983/1193 957/977/1192 958/850/1165
f 1090/1076/1356 1093/1076/1361 1089/1075/1358
f 1438/1074/1369 1439/650/1626 1440/917/1370
f 1290/1080/1372 1292/1080/1502 1260/1081/1373
f 1074/1068/1341 1071/1067/1355 1072/684/1375
f 1022/713/888 1027/631/725 1021/728/844
f 1058/1049/1308 665/969/1268 1062/666/978
f 722/1023/1263 676/654/751 675/656/753
f 1690/1085/1379 1689/1256/1709 1644/1086/1380
f 1109/1088/1382 1108/993/1212 1111/1089/1383
f 1025/632/726 1161/968/1175 1160/970/1177
f 1506/598/685 1495/1033/1284 1496/1091/1386
f 687/674/776 692/682/785 690/681/784
f 1244/956/1151 1001/731/1251 1243/782/1102
f 1109/1088/1382 1110/1090/1384 1107/1056/1385
f 816/818/975 968/764/891 813/732/952
f 840/848/1392 958/850/1165 957/977/1192
f 1143/958/1156 1145/704/820 1146/654/1394
f 959/766/893 829/765/892 839/844/1007
f 1427/1096/1396 1428/1191/1575 1426/948/1142
f 1405/604/962 1406/817/974 1407/1100/1400
f 1137/1094/1393 1138/1102/1402 1142/1101/1401
f 1403/793/963 1402/791/956 1355/972/1179
f 1397/853/1019 1395/710/826 1393/712/828
f 721/706/955 720/704/819 676/654/751
f 1314/1104/1405 1315/940/1131 1310/1105/1406
f 1174/962/1164 1008/975/1289 1173/1107/1408
f 1149/931/1121 1150/932/1122 1154/1109/1410
f 998/908/1091 989/868/1039 988/722/1243
f 1490/1110/1411 1491/1199/1589 1492/1031/1280
f 1107/1056/1385 1169/1116/1429 1104/1084/1378
f 808/604/693 810/817/1464 812/805/953
f 927/808/960 928/745/1452 930/761/1412
f 1371/1111/1413 1368/923/1112 1367/780/923
f 742/573/866 933/959/1446 741/744/1414
f 661/632/1415 663/631/864 664/746/865
f 662/968/1416 1057/1112/1421 659/619/1419
f 1060/621/1420 659/619/1419 1057/1112/1421
f 1610/569/652 1455/541/619 1614/1114/1423
f 1048/981/1190 654/610/1274 1060/621/1420
f 814/816/1425 1561/1141/1465 1559/917/1105
f 923/693/808 739/741/857 926/996/1218
f 1061/1053/1317 1062/666/978 681/664/979
f 1207/693/1174 1206/955/1149 1204/957/1152
f 1169/1116/1429 1168/1115/1428 1105/1083/1377
f 1059/1113/1422 1057/1112/1421 1056/1044/1303
f 1639/1117/1430 747/820/980 1640/1107/1431
f 1132/664/762 1171/666/764 1170/1053/1427
f 1164/619/712 1163/1112/1418 1161/968/1175
f 726/721/837 721/706/955 722/1023/1263
f 1595/835/995 1596/837/997 837/843/1006
f 883/868/1081 888/705/954 721/706/955
f 1001/731/1251 993/913/1097 1242/914/1099
f 1351/638/732 1387/1058/1323 1349/1121/1435
f 1181/1122/1436 1140/1099/1399 1139/1098/1398
f 850/866/1035 849/865/1034 848/856/1024
f 1095/596/1344 1094/861/1030 1090/1076/1356
f 918/946/1137 917/944/1135 916/935/1125
f 1217/954/1148 1215/936/1126 1368/923/1112
f 1039/1034/1438 1040/790/936 1038/790/1288
f 746/753/935 933/959/1446 742/573/866
f 1202/742/862 1631/1233/1662 1205/741/1150
f 1435/1124/1439 1438/1074/1369 1414/830/1440
f 764/770/1232 759/577/660 758/579/662
f 1092/771/1360 1085/773/1353 1087/772/1335
f 1663/1126/1442 1645/1237/1673 1654/1127/1443
f 746/753/935 751/757/1601 932/960/1445
f 1640/1107/1431 744/975/1184 723/1022/1262
f 1683/1129/1447 1650/1234/1683 1652/1130/1448
f 1157/653/749 1021/728/844 1027/631/725
f 1687/1131/1449 1652/1130/1448 1643/1132/1450
f 871/885/1061 973/1000/1223 857/872/1044
f 741/744/1414 931/760/1476 930/761/1412
f 1366/781/924 1365/967/1173 1362/798/944
f 1102/639/1337 1101/641/918 1098/640/920
f 1160/970/1177 1159/969/1176 1158/995/1217
f 1328/1134/1453 1322/1048/1307 1321/1047/1306
f 1166/1113/1424 1105/1083/1377 1168/1115/1428
f 924/955/1426 926/996/1218 927/808/960
f 861/875/1048 868/884/1060 857/872/1044
f 1208/1093/1391 1243/782/1102 1211/918/1456
f 921/694/809 923/693/808 924/955/1426
f 1423/1137/1459 1418/1171/1534 1421/1138/1460
f 938/936/1462 920/938/1558 921/694/809
f 942/1140/1463 920/938/1558 938/936/1462
f 810/817/1464 811/1100/1567 1564/676/779
f 1218/1015/1250 1212/1139/1461 1213/1012/1246
f 1630/1007/1239 1234/1008/1240 1235/888/1064
f 1225/929/1118 1228/1146/1470 1227/1145/1469
f 897/915/1108 893/914/1100 894/782/925
f 876/892/1068 873/890/1066 872/882/1058
f 1066/1060/1325 1069/1065/1331 1065/1061/1326
f 1181/1122/1436 1138/1102/1402 1137/1094/1393
f 822/826/986 831/839/999 830/834/994
f 1154/1109/1410 1155/629/1155 1144/630/1157
f 1232/925/1471 1229/723/1205 1396/988/1207
f 893/914/1100 892/913/1096 732/731/847
f 1339/1054/1318 1335/814/971 1334/855/1474
f 1589/634/728 824/828/988 823/829/989
f 1180/1120/1434 1182/1123/1437 1128/1063/1329
f 931/760/1476 741/744/1414 933/959/1446
f 1006/572/655 1004/1018/1255 1002/737/887
f 1007/573/656 1632/743/1566 1198/744/861
f 1460/678/781 1477/1020/1257 1627/1029/1278
f 1603/1029/1491 1498/1151/1608 1496/1091/1386
f 1307/812/969 1296/1155/1503 1294/1027/1276
f 1528/609/1495 1550/1194/1580 1524/608/1496
f 1340/900/1076 1336/899/1075 1333/851/1017
f 1271/1037/1294 1263/1150/1485 1267/1153/1488
f 1288/979/1188 1283/1071/1499 1486/986/1345
f 1483/980/1189 1481/1039/1594 1479/767/894
f 1507/597/1104 1505/597/683 1502/916/1497
f 1282/1071/1346 1283/1071/1499 1285/1078/1362
f 1287/1079/1498 1292/1080/1502 1290/1080/1372
f 1078/1032/1281 1190/1032/1283 1077/1070/1347
f 1413/819/1507 1416/1028/1371 1410/816/973
f 1086/1067/1334 1087/772/1335 1085/773/1353
f 1306/1160/1513 1308/1163/1517 1304/1159/1512
f 936/923/1516 939/967/1311 940/584/1313
f 1063/667/1319 681/664/979 682/665/1020
f 1242/914/1099 1239/890/1098 1238/999/1222
f 1136/1095/1395 1155/629/1155 1135/642/766
f 711/695/810 712/697/812 710/702/817
f 1574/787/1521 1567/788/1555 1566/1167/1522
f 757/763/1524 1636/713/829 660/613/705
f 921/694/809 920/938/1558 919/945/1136
f 1599/973/1528 842/859/1027 841/849/1166
f 843/851/1021 841/849/1166 842/859/1027
f 817/819/977 819/830/990 821/825/985
f 893/914/1100 897/915/1108 972/998/1220
f 665/969/1268 1058/1049/1308 662/968/1416
f 727/735/851 735/737/853 725/717/833
f 1503/916/1103 1462/1203/1599 1461/1169/1531
f 1300/1152/1510 1310/1105/1406 1315/940/1131
f 899/920/1109 916/935/1125 902/926/1115
f 1356/617/709 1357/616/708 1351/638/732
f 1400/806/958 1361/797/943 1360/799/945
f 1180/1120/1434 1179/1119/1433 1139/1098/1398
f 1269/1152/1487 1601/939/1576 1591/801/947
f 1329/841/1181 1424/950/1144 1422/949/1143
f 1418/1171/1534 1423/1137/1459 1429/800/1535
f 970/1172/1537 809/602/691 969/994/1213
f 1039/1034/1438 648/607/1602 1041/589/674
f 950/985/1197 970/1172/1537 949/636/1195
f 807/1173/1538 806/603/692 970/1172/1537
f 1370/1174/1539 615/540/804 1374/785/929
f 807/1173/1538 950/985/1197 952/617/1196
f 1071/1067/1355 1070/1066/1332 694/683/786
f 952/617/1196 943/615/1258 953/1175/1541
f 796/798/1172 953/1175/1541 943/615/1258
f 953/1175/1541 797/797/1171 801/1176/1542
f 966/990/1209 954/983/1193 960/900/1198
f 796/798/1172 939/967/1311 795/879/1055
f 659/619/1419 1060/621/1420 655/620/1272
f 771/562/903 773/554/910 777/552/679
f 795/879/1055 939/967/1311 936/923/1516
f 895/783/926 898/692/807 896/918/1106
f 1336/899/1075 1334/855/1474 1332/854/1530
f 937/780/1543 936/923/1516 935/1111/1544
f 792/880/1056 935/1111/1544 925/707/1455
f 788/785/1545 790/540/618 791/1174/1546
f 1802/1177/1548 2112/1527/2130 2113/1178/1549
f 944/823/1259 945/616/1183 946/974/1182
f 1384/822/982 1397/853/1019 1386/907/1403
f 785/751/1551 784/752/1552 782/551/632
f 784/752/1552 934/1180/1554 779/824/1553
f 934/1180/1554 778/592/677 777/552/679
f 1567/788/1555 1569/1209/1615 1568/1181/1556
f 1309/1164/1518 1308/1163/1517 1306/1160/1513
f 936/923/1516 938/936/1462 922/954/1458
f 810/817/1464 1561/1141/1465 814/816/1425
f 1171/666/764 1159/969/1176 1162/1049/1417
f 1194/772/899 1050/639/733 1070/1066/1332
f 684/669/772 682/665/1020 683/668/778
f 920/938/1558 942/1140/1463 915/941/1132
f 967/991/1210 956/989/1208 951/659/756
f 1389/1057/1322 1390/1183/1559 1349/1121/1435
f 1340/900/1076 1391/976/1185 1388/987/1204
f 787/784/1547 785/751/1551 783/550/631
f 1537/767/1270 1280/1039/1296 1279/980/1203
f 909/710/1561 964/712/1200 853/711/1037
f 964/712/1200 909/710/1561 910/853/1088
f 965/988/1562 905/723/839 907/925/1114
f 965/988/1562 853/711/1037 852/864/1033
f 988/722/1243 986/867/1038 987/1006/1238
f 909/710/1561 907/925/1114 908/852/1120
f 895/783/926 734/739/855 739/741/857
f 955/984/1194 968/764/891 959/766/893
f 1458/626/720 1454/796/1638 1451/1042/1299
f 1715/1184/1563 2123/1522/2124 2032/1185/1564
f 880/902/1079 879/901/1078 878/894/1070
f 1423/1137/1459 1426/948/1142 1317/802/1129
f 1353/602/966 1348/994/1315 1409/732/848
f 805/793/939 806/603/692 807/1173/1538
f 914/583/1141 942/1140/1463 940/584/1313
f 1603/1029/1491 1494/1031/1492 1489/1030/1565
f 1632/743/1566 1007/573/656 1006/572/655
f 811/1100/1567 810/817/1464 808/604/693
f 812/805/953 814/816/1425 815/734/976
f 804/791/937 807/1173/1538 802/1019/1540
f 1324/863/1526 1326/876/1527 1320/1166/1520
f 1604/1186/1568 1520/794/940 1518/1187/1569
f 1011/755/877 1173/1107/1408 1008/975/1289
f 1602/1170/1533 1591/801/947 1590/1104/1571
f 652/606/1002 653/611/1001 651/591/676
f 1418/1171/1534 1417/1190/1573 1415/1189/1572
f 1165/621/714 1032/610/702 1167/981/1349
f 1210/1136/1457 1209/937/1127 1207/693/1174
f 1425/844/1012 1422/949/1143 1421/1138/1460
f 840/848/1392 839/844/1007 836/841/1004
f 996/1014/1248 995/1013/1247 994/1010/1242
f 1427/1096/1396 1328/1134/1453 1319/1135/1454
f 968/764/891 955/984/1194 969/994/1213
f 846/857/1025 1635/863/1663 858/871/1043
f 1601/939/1576 1593/1165/1646 1592/802/948
f 1275/1027/1494 1273/1155/1490 1274/812/1493
f 662/968/1416 1058/1049/1308 1056/1044/1303
f 799/544/623 1581/534/610 800/1192/1578
f 1304/1159/1512 1302/1158/1511 1303/1162/1515
f 1552/1017/1254 1554/1016/1253 1555/1073/1351
f 1046/595/681 1048/981/1190 1049/641/735
f 1206/955/1149 1380/707/823 1203/808/1154
f 1165/621/714 1166/1113/1424 1163/1112/1418
f 1559/917/1105 1558/650/745 1557/1074/1352
f 910/853/1088 908/852/1120 913/934/1124
f 1045/1035/1290 654/610/1274 1048/981/1190
f 1549/952/1146 1551/951/1145 1552/1017/1254
f 1052/1040/1297 1054/1045/1304 1055/1056/1321
f 1013/756/879 1019/714/889 1017/758/881
f 824/828/988 1589/634/728 1590/1104/1571
f 1347/1052/1316 1342/977/1186 1344/766/1013
f 1295/1156/1505 1299/1157/1509 1298/876/1506
f 1532/1195/1581 1603/1029/1491 1536/1038/1295
f 1518/1187/1569 1520/794/940 1521/796/942
f 1519/1042/1582 1521/796/942 1522/795/941
f 1525/750/1584 1526/1001/1227 1519/1042/1582
f 1017/758/881 1019/714/889 1020/730/846
f 915/941/1132 942/1140/1463 914/583/1141
f 926/996/1218 738/742/858 928/745/1452
f 1604/1186/1568 1501/1188/1570 1533/678/1214
f 1446/1196/1585 1617/787/931 2053/1197/1586
f 1511/1091/1588 1492/1031/1280 1491/1199/1589
f 1527/574/1260 1529/576/1216 1530/575/1215
f 1414/830/1440 1438/1074/1369 1416/1028/1371
f 1621/547/627 1620/1218/1643 1619/1200/1590
f 1522/795/941 1527/574/1260 1524/608/1496
f 1553/1193/1579 1524/608/1496 1550/1194/1580
f 1524/608/1496 1553/1193/1579 1525/750/1584
f 1638/747/867 672/652/1302 1637/728/1265
f 1464/576/659 1457/1186/1592 1458/626/720
f 1353/602/966 1352/971/1178 1350/636/730
f 1475/769/896 1476/768/895 1472/651/747
f 1098/640/920 1097/595/919 1095/596/1344
f 698/689/796 700/687/793 980/687/1231
f 1457/1186/1592 1464/576/659 1460/678/781
f 744/975/1184 1640/1107/1431 747/820/980
f 1535/769/1271 1537/767/1270 1277/978/1560
f 654/610/1274 1045/1035/1290 651/591/676
f 1394/711/827 1339/1054/1318 1392/898/1074
f 1538/811/1010 1277/978/1560 1276/810/1577
f 1510/1033/1285 1491/1199/1589 1493/1199/1596
f 1333/851/1017 1332/854/1530 1330/859/1529
f 1487/1077/1357 1488/1110/1597 1490/1110/1411
f 1548/1202/1598 1531/1210/1618 1547/846/1009
f 1488/1110/1597 1489/1030/1565 1494/1031/1492
f 1100/861/1029 1093/1076/1361 1090/1076/1356
f 672/652/1302 1639/1117/1430 671/657/754
f 1638/747/867 750/749/869 1639/1117/1430
f 1493/1199/1596 1491/1199/1589 1490/1110/1411
f 1463/1151/1486 1627/1029/1278 1492/1031/1280
f 1511/1091/1588 1510/1033/1285 1508/598/684
f 1461/1169/1531 1463/1151/1486 1511/1091/1588
f 1463/1151/1486 1461/1169/1531 1459/1201/1593
f 1459/1201/1593 1461/1169/1531 1462/1203/1599
f 1083/1072/1350 1091/1072/1359 1075/878/1053
f 751/757/1601 746/753/935 748/754/934
f 1039/1034/1438 1037/1034/1286 1036/607/699
f 1796/1204/1603 2180/1521/2138 2185/1205/1604
f 1615/601/689 2048/1207/2109 2045/1207/1606
f 1506/598/685 1497/1092/1387 1502/916/1497
f 1498/1151/1608 1533/678/1214 1501/1188/1570
f 1496/1091/1386 1495/1033/1284 1493/1199/1596
f 1515/567/687 1513/601/1607 1504/1208/1610
f 1502/916/1497 1497/1092/1387 1499/1169/1609
f 1581/534/610 1584/536/612 1579/546/1613
f 1512/1208/1614 1615/601/689 1612/567/650
f 925/707/1455 935/1111/1544 922/954/1458
f 1295/1156/1505 1303/1162/1515 1302/1158/1511
f 1346/765/1574 1412/733/849 1345/1051/1314
f 1569/1209/1615 1570/1215/1635 775/568/912
f 1452/1187/1600 1456/794/1617 1457/1186/1592
f 1456/794/1617 1454/796/1638 1458/626/720
f 735/737/853 733/738/854 731/726/842
f 1433/582/665 1469/581/664 1432/1017/1310
f 1413/819/1507 1415/1189/1572 1417/1190/1573
f 1501/1188/1570 1518/1187/1569 1500/1203/1612
f 1073/1069/1342 1072/684/1375 695/685/791
f 1471/580/663 1473/965/1623 1474/846/1591
f 814/816/1425 820/1028/1277 817/819/977
f 1722/1211/1619 2142/1488/1620 2143/1212/1620
f 1267/1153/1488 1263/1150/1485 1261/1081/1482
f 966/990/1209 961/898/1199 964/712/1200
f 1481/1039/1594 1484/1030/1279 1478/1038/1622
f 1196/960/1159 1015/757/880 1010/753/874
f 1633/1025/1273 987/1006/1238 986/867/1038
f 1541/646/740 1543/966/1170 1539/847/1011
f 1343/848/1014 1331/849/1015 1329/841/1181
f 741/744/1414 928/745/1452 738/742/858
f 1309/1164/1518 1311/1182/1557 1474/846/1591
f 1556/1002/1228 1525/750/1584 1553/1193/1579
f 1564/676/779 1560/677/780 1559/917/1105
f 1667/1128/1444 1654/1127/1443 1655/1087/1624
f 1478/1038/1622 1627/1029/1278 1477/1020/1257
f 1151/1108/1409 1172/1117/1630 1156/652/748
f 687/674/776 702/623/797 701/687/794
f 1439/650/1626 1438/1074/1369 1435/1124/1439
f 1437/1214/1628 1470/750/870 1436/1002/1627
f 1072/684/1375 694/683/786 693/679/782
f 1410/816/973 1416/1028/1371 1440/917/1370
f 1443/557/640 1441/556/639 1440/917/1370
f 1173/1107/1408 1011/755/877 1172/1117/1630
f 621/549/634 622/551/872 620/550/927
f 1444/555/638 1443/557/640 1439/650/1626
f 1436/1002/1627 1470/750/870 1447/1001/1300
f 1450/1181/1631 1613/1209/1633 1449/788/932
f 1617/787/931 1446/1196/1585 1448/1167/1632
f 1437/1214/1628 1432/1017/1310 1469/581/664
f 1609/568/651 1608/1215/1634 1613/1209/1633
f 1616/786/930 1449/788/932 1613/1209/1633
f 1454/796/1638 1456/794/1617 1452/1187/1600
f 789/1217/1640 1588/538/616 790/540/618
f 658/614/706 660/613/705 661/632/1415
f 775/568/912 1605/600/688 1515/567/687
f 1252/1148/1478 1256/947/1138 1337/813/970
f 613/776/913 612/536/615 609/535/614
f 1583/1218/1641 1582/1383/1856 1580/531/607
f 776/1216/1642 775/568/912 771/562/903
f 1623/531/914 1624/1458/1984 1620/1218/1643
f 1429/800/1535 1317/802/1129 1315/940/1131
f 1095/596/1344 1096/594/1287 1099/860/1028
f 1571/786/1637 1567/788/1555 1574/787/1521
f 783/550/631 774/545/911 789/1217/1640
f 1572/1216/1636 1574/787/1521 1575/778/1644
f 1406/817/974 1442/1141/1629 1445/1219/1645
f 1053/1043/1301 1055/1056/1321 1067/1059/1324
f 1314/1104/1405 1430/634/1160 1420/828/1536
f 1362/798/944 1364/953/1147 1359/615/707
f 1205/741/1150 1244/956/1151 1208/1093/1391
f 851/814/1036 845/855/1023 848/856/1024
f 1597/1220/1647 1594/1118/1432 837/843/1006
f 1175/706/822 1148/909/1092 1146/654/1394
f 1142/1101/1401 1143/958/1156 1136/1095/1395
f 668/642/736 1062/666/978 665/969/1268
f 1445/1219/1645 1442/1141/1629 1440/917/1370
f 766/558/671 763/588/673 762/774/1649
f 1749/1222/1650 2197/1532/2159 2196/1223/1651
f 819/830/990 1557/1074/1352 1555/1073/1351
f 780/553/921 779/824/1553 777/552/679
f 769/561/906 770/570/908 759/577/660
f 768/559/905 645/560/1366 644/560/643
f 766/558/671 645/560/1366 768/559/905
f 776/1216/1642 1626/777/916 1618/778/917
f 1713/1225/1653 794/881/1057 2092/1226/1654
f 1575/778/1644 1577/533/609 1578/532/608
f 623/553/636 1378/824/984 622/551/872
f 1514/1114/1611 1516/541/2023 1517/569/1616
f 1496/1091/1386 1498/1151/1608 1499/1169/1609
f 660/613/705 1636/713/829 663/631/864
f 1571/786/1637 1570/1215/1635 1569/1209/1615
f 792/880/1056 1820/1422/1905 2160/1228/1656
f 932/960/1445 786/809/961 930/761/1412
f 1576/1200/1658 1583/1218/1641 1577/533/609
f 780/553/921 781/549/630 782/551/632
f 620/550/927 1374/785/929 618/548/629
f 1313/635/1162 1433/582/665 1431/1024/1267
f 1815/1230/1659 2141/1474/1945 2140/1231/1660
f 709/691/806 710/702/817 707/622/715
f 1047/640/734 1192/771/898 1044/596/682
f 1603/1029/1491 1532/1195/1581 1533/678/1214
f 1278/979/1202 1276/810/1577 1277/978/1560
f 1291/1026/1500 1275/1027/1494 1276/810/1577
f 1631/1233/1662 1202/742/862 1632/743/1566
f 681/664/979 679/661/758 680/663/760
f 1358/1019/1256 1355/972/1179 1402/791/956
f 976/1003/1230 982/1004/1234 975/690/1225
f 1432/1017/1310 1437/1214/1628 1435/1124/1439
f 731/726/842 733/738/854 734/739/855
f 1172/1117/1630 1014/749/876 1018/729/845
f 670/649/743 671/657/754 673/655/752
f 1148/909/1092 1174/962/1164 1147/1103/1404
f 1099/860/1028 1038/790/1288 1040/790/936
f 1678/1131/1665 1677/1133/1670 1649/1132/1666
f 1680/1129/1668 1678/1131/1665 1648/1130/1667
f 1677/1133/1670 1674/1238/1696 1661/1235/1671
f 1670/1236/1672 1646/1242/2049 1645/1237/1673
f 1684/1133/1451 1643/1132/1450 1659/1235/1674
f 1698/1128/1676 1690/1085/1379 1642/1087/1381
f 1700/1126/1678 1698/1128/1676 1658/1239/1677
f 1669/1240/1680 1680/1129/1668 1647/1234/1669
f 1694/1240/1682 1660/1241/2048 1650/1234/1683
f 1693/1236/1684 1700/1126/1678 1651/1237/1679
f 1664/1085/1625 1655/1087/1624 1657/1086/1686
f 751/757/1601 1665/1245/1689 1672/1244/1688
f 1665/1245/1689 1664/1085/1625 1673/1243/1687
f 758/579/662 756/578/661 1681/1246/1690
f 1668/1247/1691 1681/1246/1690 1680/1129/1668
f 757/763/1524 1671/1249/1693 1662/1248/1692
f 1671/1249/1693 1670/1236/1672 1663/1126/1442
f 934/1180/1554 784/752/1552 1675/1250/1694
f 1676/1251/1695 1675/1250/1694 1674/1238/1696
f 756/578/661 778/592/677 1679/1252/1697
f 1681/1246/1690 1679/1252/1697 1678/1131/1665
f 778/592/677 934/1180/1554 1676/1251/1695
f 1679/1252/1697 1676/1251/1695 1677/1133/1670
f 749/756/1252 1666/1253/1698 1665/1245/1689
f 1666/1253/1698 1667/1128/1444 1664/1085/1625
f 754/714/830 1662/1248/1692 1666/1253/1698
f 1662/1248/1692 1663/1126/1442 1667/1128/1444
f 1023/763/890 1019/714/889 1701/1248/1699
f 1692/1254/1700 1701/1248/1699 1700/1126/1678
f 632/579/800 1695/1247/1702 1682/1246/1701
f 1695/1247/1702 1694/1240/1682 1683/1129/1447
f 1019/714/889 1013/756/879 1699/1255/1703
f 1701/1248/1699 1699/1255/1703 1698/1128/1676
f 1013/756/879 1015/757/880 1691/1245/1704
f 1699/1255/1703 1691/1245/1704 1690/1085/1379
f 1195/1041/1298 1685/1251/1706 1697/1250/1705
f 1685/1251/1706 1684/1133/1451 1696/1238/1675
f 1379/592/915 1686/1252/1707 1685/1251/1706
f 1686/1252/1707 1687/1131/1449 1684/1133/1451
f 634/578/798 1682/1246/1701 1686/1252/1707
f 1682/1246/1701 1683/1129/1447 1687/1131/1449
f 1015/757/880 1196/960/1159 1688/1244/1708
f 1691/1245/1704 1688/1244/1708 1689/1256/1709
f 1852/1257/1710 1964/1282/1737 1958/1258/1711
f 1780/1260/1713 1781/1443/2026 1989/1261/1714
f 1900/1263/1716 2012/1333/2085 2011/1264/1717
f 1925/1266/1719 1969/1325/2096 2016/1267/1720
f 1895/1269/1722 2003/1330/1789 2022/1264/1723
f 1853/1270/1725 1927/1324/1781 1959/1271/1726
f 1912/1273/1728 1778/1295/1750 1986/1274/1729
f 1924/1276/1731 1899/1306/2054 2017/1277/1732
f 1894/1279/1734 1871/1323/1780 2023/1280/1735
f 1853/1270/1725 1965/1272/1727 1964/1282/1737
f 1913/1283/1738 1979/1430/1921 1987/1284/1739
f 1896/1286/1741 2006/1297/1752 2009/1287/1742
f 1872/1289/1744 1897/1304/1759 2007/1290/1745
f 1850/1292/1747 1962/1308/1763 1954/1293/1748
f 1778/1295/1750 1779/1285/1740 1987/1284/1739
f 1873/1296/1751 2025/1307/1762 2006/1297/1752
f 1851/1298/1753 1929/1444/1961 1955/1299/1754
f 1915/1301/1756 1910/1492/2059 1982/1302/1757
f 1897/1304/1759 1878/1495/2046 2008/1305/1760
f 1909/1306/1761 1993/1277/2080 2025/1307/1762
f 1851/1298/1753 1963/1300/1755 1962/1308/1763
f 1926/1259/1712 1958/1258/1711 1961/1278/1764
f 1939/1309/1766 1949/1510/2093 2026/1310/1767
f 1914/1312/1769 1984/1509/2095 1983/1313/1770
f 1894/1279/1734 2002/1281/1736 2005/1315/1772
f 1908/1317/1774 1872/1289/1744 2024/1291/1746
f 1905/1319/1776 2027/1506/2092 1948/1320/1777
f 1907/1322/1779 1991/1505/2079 2023/1280/1735
f 1927/1324/1781 1930/1499/2058 1960/1325/1782
f 1941/1312/1783 1945/1509/2091 2028/1326/1784
f 1917/1328/1786 1912/1273/1728 1978/1275/1730
f 1895/1269/1722 1880/1493/2047 2004/1329/1788
f 1903/1331/1790 2029/1431/2090 1944/1303/1791
f 1906/1332/1793 1870/1265/1724 2022/1264/1723
f 1761/1334/1795 1756/1482/2020 1757/1335/1796
f 1759/1337/1798 1754/1449/2018 1755/1338/1799
f 1809/1340/1801 1761/1334/1795 1760/1336/1797
f 1807/1342/1803 1759/1337/1798 1758/1339/1800
f 1805/1344/1805 1798/1365/1826 1799/1345/1806
f 1803/1179/1550 1800/1366/1828 1801/1347/1808
f 1400/806/958 2085/1537/2168 2181/1348/1809
f 1777/1350/1811 2195/1534/2150 2194/1351/1812
f 1770/1353/1814 1771/1360/1821 1824/1354/1815
f 1772/1356/1817 1773/1362/1823 1822/1357/1818
f 1714/1359/1820 1715/1184/1563 1771/1360/1821
f 1716/1361/1822 1717/1457/1981 1773/1362/1823
f 1036/607/699 2094/1363/2004 2093/1363/1824
f 1804/1346/1807 2110/1525/2128 2111/1364/1825
f 1798/1365/1826 1858/1213/2032 1859/1211/1827
f 1800/1366/1828 1860/1376/2016 1861/1367/1829
f 1826/1368/1830 1827/1411/1966 1730/1232/1831
f 1828/1369/1833 1829/1413/1965 1732/1370/1834
f 800/1192/1578 1581/534/610 2081/1372/1836
f 616/720/951 2075/1452/2107 2172/1374/1838
f 1762/1365/1840 1763/1408/1886 1722/1211/1619
f 1764/1366/1841 1765/1347/1883 1724/1367/1842
f 1587/539/617 2037/1516/2174 2076/1377/1844
f 1574/787/1521 2089/1197/2117 2034/1378/1845
f 791/1174/1546 2077/1381/2005 2157/1379/1846
f 1370/1174/1539 1737/1380/2008 2187/1379/1848
f 1745/1382/1850 1744/1341/2012 1812/1336/1851
f 1743/1342/1853 1742/1477/2011 1810/1339/1854
f 1582/1383/1856 2082/1519/2118 2080/1384/1857
f 1747/1385/1858 2193/1531/2169 2192/1386/1859
f 1785/1388/1861 1711/1419/1902 1710/1389/1862
f 1783/1391/1864 1713/1225/1653 1712/1392/1865
f 1834/1394/1867 1785/1388/1861 1784/1390/1863
f 1836/1349/1869 1783/1391/1864 1782/1393/1866
f 1751/1396/1871 1706/1426/1911 1707/1397/1872
f 1753/1399/1874 1708/1425/1908 1709/1400/1875
f 1865/1402/1877 1793/1457/1996 1792/1403/1878
f 1863/1405/1880 1791/1184/2001 1790/1406/1881
f 1765/1347/1883 1764/1366/1841 1720/1179/1884
f 1763/1408/1886 1762/1365/1840 1718/1344/1887
f 1769/1410/1889 1702/1368/1972 1703/1411/1890
f 1767/1350/1892 1704/1369/1973 1705/1413/1893
f 1788/1396/1895 1789/1398/1941 1846/1414/1896
f 1786/1399/1898 1787/1435/1943 1848/1416/1899
f 1445/1219/1645 1444/555/638 2032/1185/1564
f 1711/1419/1902 1712/1392/1865 2158/1420/1903
f 1752/1401/1876 1821/1439/1949 1820/1422/1905
f 1750/1398/1873 1819/1380/1847 1818/1423/1906
f 1840/1424/1907 1709/1400/1875 1708/1425/1908
f 1838/1270/1910 1707/1397/1872 1706/1426/1911
f 1856/1427/1913 1857/1465/1991 1738/1391/1914
f 1854/1375/1839 1855/1433/1937 1740/1388/1916
f 1928/1294/1749 1954/1293/1748 1957/1428/1918
f 1916/1309/1920 1980/1511/2094 1979/1430/1921
f 1728/1357/1922 1865/1402/1877 1864/1404/1879
f 1726/1354/1924 1863/1405/1880 1862/1407/1882
f 1833/1222/1926 1779/1285/1740 1778/1295/1750
f 1831/1385/1928 1781/1443/2026 1780/1260/1713
f 1877/1288/1930 1884/1494/2043 1998/1431/1931
f 1889/1286/1933 2019/1297/2087 2014/1307/1934
f 1854/1375/1839 2172/1374/1838 2173/1432/1936
f 1399/803/949 2072/1541/2167 2071/1372/1938
f 1739/1393/1915 1738/1391/1914 1797/1349/1810
f 1741/1390/1917 1740/1388/1916 1795/1206/1605
f 1736/1423/1940 1737/1380/2008 1789/1398/1941
f 1734/1434/1942 1735/1439/1982 1787/1435/1943
f 1817/1371/1944 2139/1468/1945 2138/1436/1945
f 1580/531/607 2080/1384/1857 2081/1372/1836
f 1851/1298/1753 1850/1292/1747 1849/1417/1900
f 1853/1270/1725 1852/1257/1710 1847/1415/1897
f 1807/1342/1803 1806/1343/1804 2108/1437/1947
f 1821/1439/1949 1818/1423/1906 2156/1440/1950
f 1623/531/914 613/776/913 2071/1372/1938
f 1855/1433/1937 2173/1432/1936 2170/1420/1953
f 1749/1222/1650 1748/1224/1652 1845/1295/1954
f 1747/1385/1858 1746/1387/1860 1843/1260/1956
f 1888/1304/1958 1893/1289/2053 2015/1291/1959
f 1929/1444/1961 1932/1498/2057 1956/1445/1962
f 1867/1338/1963 1866/1449/1970 1811/1337/1855
f 1869/1446/1964 1868/1453/1977 1813/1334/1852
f 1829/1413/1965 1828/1369/1833 1777/1350/1811
f 1827/1411/1966 1826/1368/1830 1775/1447/1967
f 1775/1447/1967 2191/1533/2149 2190/1448/1969
f 1866/1449/1970 2178/1471/2139 2086/1450/1971
f 1702/1368/1972 1815/1230/1659 1814/1232/1661
f 1704/1369/1973 1817/1371/1944 1816/1370/1946
f 649/605/1367 1703/1411/1890 1814/1232/1661
f 762/774/1649 1768/1412/1891 1703/1411/1890
f 1815/1230/1659 1702/1368/1972 1705/1413/1893
f 1702/1368/1972 1769/1410/1889 1766/1352/1894
f 1704/1369/1973 1767/1350/1892 652/606/1002
f 1817/1371/1944 1704/1369/1973 650/590/675
f 787/784/1547 1750/1398/1873 1707/1397/1872
f 1709/1400/1875 1840/1424/1907 1839/1257/1912
f 1752/1401/1876 1709/1400/1875 1706/1426/1911
f 1838/1270/1910 784/752/1552 785/751/1551
f 786/809/961 932/960/1445 1841/1292/1909
f 929/807/959 786/809/961 1708/1425/1908
f 1784/1390/1863 1710/1389/1862 793/720/836
f 793/720/836 1710/1389/1862 2154/1451/1974
f 1617/787/931 1618/778/917 2070/1378/1976
f 1782/1393/1866 1712/1392/1865 1711/1419/1902
f 1868/1453/1977 2182/1475/2141 2179/1454/1978
f 797/797/1171 794/881/1057 1713/1225/1653
f 1447/1001/1300 1771/1360/1821 1715/1184/1563
f 1369/708/824 1363/779/922 2062/1455/1979
f 1770/1353/1814 1773/1362/1823 1717/1457/1981
f 1735/1439/1982 2189/1441/2142 2186/1440/1983
f 1624/1458/1984 2056/1515/2105 2183/1459/1985
f 1772/1356/1817 1448/1167/1632 1446/1196/1585
f 1719/1409/1888 1452/1187/1600 1462/1203/1599
f 1568/1181/1556 1569/1209/1615 2047/1460/1986
f 1721/1177/1885 1718/1344/1887 1762/1365/1840
f 1809/1340/1801 1808/1341/1802 2106/1462/1988
f 1856/1427/1913 2170/1420/1953 2171/1464/1990
f 1455/541/619 1720/1179/1884 1764/1366/1841
f 1503/916/1103 1722/1211/1619 1763/1408/1886
f 1565/1168/1523 1792/1403/1878 2152/1466/1992
f 1733/1371/1835 1732/1370/1834 2136/1436/1994
f 1723/1213/1621 1724/1367/1842 1765/1347/1883
f 1369/708/824 2063/1456/1980 2188/1228/1995
f 1725/1376/1843 1512/1208/1614 1614/1114/1423
f 1793/1457/1996 1790/1406/1881 2150/1469/1997
f 1865/1402/1877 1728/1357/1922 1727/1355/1925
f 1863/1405/1880 1726/1354/1924 1519/1042/1582
f 1755/1338/1799 1754/1449/2018 2104/1471/1999
f 1566/1167/1522 1568/1181/1556 1729/1358/1923
f 1857/1465/1991 2171/1464/1990 2062/1455/1979
f 1730/1232/1831 1827/1411/1966 640/605/694
f 1791/1184/2001 1563/555/744 2068/1185/2002
f 1036/607/699 1733/1371/1835 2137/1468/1994
f 1731/1230/1832 1732/1370/1834 1829/1413/1965
f 791/1174/1546 790/540/618 2076/1377/1844
f 1733/1371/1835 1036/607/699 641/590/697
f 1450/1181/1631 2087/1461/2113 2083/1460/2006
f 1788/1396/1895 1787/1435/1943 1735/1439/1982
f 1786/1399/1898 1372/709/825 1369/708/824
f 1731/1230/1832 1730/1232/1831 2134/1231/2007
f 1373/784/928 1789/1398/1941 1737/1380/2008
f 1757/1335/1796 1756/1482/2020 2102/1475/2009
f 1400/806/958 1797/1349/1810 1738/1391/1914
f 1739/1393/1915 1740/1388/1916 1855/1433/1937
f 1361/797/943 1738/1391/1914 1857/1465/1991
f 1796/1204/1603 1795/1206/1605 1740/1388/1916
f 1741/1390/1917 1398/804/950 616/720/951
f 1794/1395/1939 1399/803/949 1398/804/950
f 1813/1334/1852 1810/1339/1854 1742/1477/2011
f 1811/1337/1855 1407/1100/1400 1445/1219/1645
f 1620/1218/1643 1812/1336/1851 1744/1341/2012
f 1732/1370/1834 1731/1230/1832 2135/1474/1994
f 1844/1285/1955 1843/1260/1956 1746/1387/1860
f 1518/1187/1569 1519/1042/1582 2100/1478/2013
f 1747/1385/1858 1842/1443/1957 632/579/800
f 1023/763/890 1845/1295/1954 1748/1224/1652
f 1860/1376/2016 2132/1535/2151 2133/1480/2017
f 1821/1439/1949 1752/1401/1876 1751/1396/1871
f 1819/1380/1847 1750/1398/1873 787/784/1547
f 792/880/1056 929/807/959 1753/1399/1874
f 811/1100/1567 803/792/938 1754/1449/2018
f 763/588/673 2042/1512/2102 2041/1481/2019
f 1730/1232/1831 642/587/670 2038/586/669
f 1758/1339/1800 1755/1338/1799 1756/1482/2020
f 643/606/696 636/625/719 2060/1483/2021
f 1760/1336/1797 1757/1335/1796 1582/1383/1856
f 1761/1334/1795 1809/1340/1801 1806/1343/1804
f 1759/1337/1798 1807/1342/1803 1564/676/779
f 1583/1218/1641 1576/1200/1658 1808/1341/1802
f 1516/541/2023 2078/543/2027 2079/542/2024
f 1502/916/1497 2097/1485/2158 2098/1485/2025
f 648/607/1602 2093/1363/1824 2139/1468/1945
f 1451/1042/1299 1824/1354/1815 1771/1360/1821
f 1825/1355/1816 1822/1357/1818 1773/1362/1823
f 1823/1358/1819 1450/1181/1631 1448/1167/1632
f 1776/1352/1813 1775/1447/1967 1826/1368/1830
f 637/774/901 640/605/694 1827/1411/1966
f 643/606/696 1777/1350/1811 1828/1369/1833
f 1832/1224/1927 1778/1295/1750 757/763/1524
f 1780/1260/1713 1910/1492/2059 1913/1283/1738
f 1778/1295/1750 1912/1273/1728 1671/1249/1693
f 1830/1387/1929 1780/1260/1713 1779/1285/1740
f 758/579/662 1668/1247/1691 1911/1314/1771
f 1831/1385/1928 760/1125/1441 758/579/662
f 1785/1388/1861 1834/1394/1867 1837/1204/1870
f 1783/1391/1864 1836/1349/1869 801/1176/1542
f 798/719/835 800/1192/1578 1835/1395/1868
f 1849/1417/1900 1376/759/882 1372/709/825
f 1847/1415/1897 1848/1416/1899 1787/1435/1943
f 1373/784/928 1375/751/871 1846/1414/1896
f 1516/541/2023 1803/1179/1550 2113/1178/1549
f 1862/1407/1882 1790/1406/1881 1793/1457/1996
f 652/606/1002 1767/1350/1892 2169/1486/2028
f 1526/1001/1227 1563/555/744 1791/1184/2001
f 1864/1404/1879 1792/1403/1878 1565/1168/1523
f 801/1176/1542 2030/1537/2162 2031/1450/2030
f 1859/1211/1827 1858/1213/2032 2130/1212/2017
f 1568/1181/1556 2046/1461/1987 2149/1489/2031
f 1820/1422/1905 1821/1439/1949 2161/1441/1951
f 1799/1345/1806 1859/1211/1827 1502/916/1497
f 1804/1346/1807 1799/1345/1806 1500/1203/1612
f 1801/1347/1808 1861/1367/1829 1858/1213/2032
f 1802/1177/1548 1801/1347/1808 1798/1365/1826
f 1516/541/2023 1514/1114/1611 1800/1366/1828
f 1514/1114/1611 1504/1208/1610 1860/1376/2016
f 1407/1100/1400 1811/1337/1855 1866/1449/1970
f 1810/1339/1854 1813/1334/1852 1868/1453/1977
f 1812/1336/1851 1620/1218/1643 1624/1458/1984
f 1838/1270/1910 1920/1500/2061 1675/1250/1694
f 1839/1257/1912 1840/1424/1907 1918/1444/2033
f 1841/1292/1909 932/960/1445 1672/1244/1688
f 632/579/800 1842/1443/1957 1936/1314/2036
f 1843/1260/1956 1844/1285/1955 1934/1491/2037
f 1845/1295/1954 1023/763/890 1692/1254/1700
f 1848/1416/1899 1847/1415/1897 1852/1257/1710
f 1375/751/871 1377/752/873 1853/1270/1725
f 1376/759/882 1849/1417/1900 1850/1292/1747
f 1852/1257/1710 1926/1259/1712 1929/1444/1961
f 1850/1292/1747 1928/1294/1749 1688/1244/1708
f 1853/1270/1725 1377/752/873 1697/1250/1705
f 1907/1322/1779 1871/1323/1780 1642/1087/1381
f 1873/1296/1751 1896/1286/1741 1895/1269/1722
f 1909/1306/1761 1873/1296/1751 1870/1265/1724
f 1894/1279/1734 1658/1239/1677 1642/1087/1381
f 1643/1132/1450 1652/1130/1448 1897/1304/1759
f 1659/1235/1674 1643/1132/1450 1872/1289/1744
f 1645/1237/1673 1646/1242/2049 1882/1319/2040
f 1889/1286/1933 1886/1269/2052 1874/1493/2042
f 1874/1493/2042 1883/1311/2050 1884/1494/2043
f 1887/1279/2044 1654/1127/1443 1645/1237/1673
f 1648/1130/1667 1888/1304/1958 1876/1495/2045
f 1876/1495/2045 1885/1496/2051 1653/1241/1681
f 1652/1130/1448 1650/1234/1683 1878/1495/2046
f 1880/1493/2047 1879/1288/1743 1903/1331/1790
f 1878/1495/2046 1650/1234/1683 1660/1241/2048
f 1896/1286/1741 1879/1288/1743 1880/1493/2047
f 1651/1237/1679 1881/1316/1773 1905/1319/1776
f 1894/1279/1734 1881/1316/1773 1651/1237/1679
f 1917/1328/1786 1882/1319/2040 1646/1242/2049
f 1915/1301/1756 1884/1494/2043 1883/1311/2050
f 1669/1240/1680 1653/1241/1681 1885/1496/2051
f 1887/1279/2044 1890/1323/2101 1655/1087/1624
f 1886/1269/2052 1889/1286/1933 1892/1296/1935
f 1888/1304/1958 1648/1130/1667 1649/1132/1666
f 1891/1265/1718 1892/1296/1935 1899/1306/2054
f 1655/1087/1624 1890/1323/2101 1901/1322/2055
f 1893/1289/2053 1649/1132/1666 1661/1235/1671
f 1674/1238/1696 1925/1266/1719 1898/1268/1721
f 1924/1276/1731 1923/1498/2060 1900/1263/1716
f 1922/1497/2056 1673/1243/1687 1657/1086/1686
f 1694/1240/1682 1941/1312/1783 1902/1327/1785
f 1940/1301/1792 1939/1309/1766 1904/1311/1768
f 1938/1321/1778 1693/1236/1684 1656/1242/1685
f 1933/1429/1919 1907/1322/1779 1644/1086/1380
f 1931/1276/1765 1909/1306/1761 1906/1332/1793
f 1696/1238/1675 1659/1235/1674 1908/1317/1774
f 1668/1247/1691 1669/1240/1680 1914/1312/1769
f 1910/1492/2059 1915/1301/1756 1916/1309/1920
f 1912/1273/1728 1917/1328/1786 1670/1236/1672
f 1919/1490/2035 1672/1244/1688 1673/1243/1687
f 1921/1259/2034 1918/1444/2033 1923/1498/2060
f 1920/1500/2061 1925/1266/1719 1674/1238/1696
f 1927/1324/1781 1697/1250/1705 1696/1238/1675
f 1926/1259/1712 1931/1276/1765 1932/1498/2057
f 1928/1294/1749 1933/1429/1919 1689/1256/1709
f 1935/1273/2039 1692/1254/1700 1693/1236/1684
f 1937/1492/2038 1934/1491/2037 1939/1309/1766
f 1695/1247/1702 1936/1314/2036 1941/1312/1783
f 1944/1303/1791 1945/1509/2091 1942/1501/2062
f 1948/1320/1777 1949/1510/2093 1946/1430/2064
f 1943/1302/2063 1942/1501/2062 1950/1261/2066
f 1947/1275/2065 1946/1430/2064 1952/1502/2068
f 1955/1299/1754 1956/1445/1962 1957/1428/1918
f 1959/1271/1726 1960/1325/1782 1961/1278/1764
f 1963/1300/1755 1955/1299/1754 1954/1293/1748
f 1965/1272/1727 1959/1271/1726 1958/1258/1711
f 1968/1278/1733 1969/1325/2096 1966/1503/2070
f 1972/1428/2072 1973/1445/2098 1970/1299/2073
f 1967/1258/2071 1966/1503/2070 1974/1272/2075
f 1971/1293/2074 1970/1299/2073 1976/1300/2077
f 1979/1430/1921 1980/1511/2094 1981/1320/1787
f 1983/1313/1770 1984/1509/2095 1985/1303/1758
f 1987/1284/1739 1979/1430/1921 1978/1275/1730
f 1989/1261/1714 1983/1313/1770 1982/1302/1757
f 1956/1445/1962 1990/1333/1794 1991/1505/2079
f 1960/1325/1782 1992/1318/1775 1993/1277/2080
f 1995/1310/2081 1996/1329/2100 1997/1315/2082
f 1999/1507/2084 2000/1305/2099 2001/1287/1932
f 2003/1330/1789 2004/1329/1788 2005/1315/1772
f 2007/1290/1745 2008/1305/1760 2009/1287/1742
f 2012/1333/2085 2013/1505/2097 2010/1508/2086
f 2016/1267/1720 2017/1277/1732 2014/1307/1934
f 2001/1287/1932 2000/1305/2099 2018/1290/1960
f 1997/1315/2082 1996/1329/2100 2020/1330/2088
f 2011/1264/1717 2010/1508/2086 2021/1281/2089
f 2015/1291/1959 2014/1307/1934 2019/1297/2087
f 1990/1333/1794 2022/1264/1723 2023/1280/1735
f 1992/1318/1775 2024/1291/1746 2025/1307/1762
f 2006/1297/1752 2025/1307/1762 2024/1291/1746
f 2002/1281/1736 2023/1280/1735 2022/1264/1723
f 2026/1310/1767 2027/1506/2092 2005/1315/1772
f 2028/1326/1784 2029/1431/2090 2009/1287/1742
f 2029/1431/2090 2028/1326/1784 1945/1509/2091
f 2027/1506/2092 2026/1310/1767 1949/1510/2093
f 1980/1511/2094 1995/1310/2081 1994/1506/2083
f 1984/1509/2095 1999/1507/2084 1998/1431/1931
f 2017/1277/1732 2016/1267/1720 1969/1325/2096
f 2013/1505/2097 2012/1333/2085 1973/1445/2098
f 1940/1301/1792 1944/1303/1791 1943/1302/2063
f 1904/1311/1768 2026/1310/1767 2004/1329/1788
f 1922/1497/2056 1901/1322/2055 2013/1505/2097
f 1911/1314/1771 1983/1313/1770 1989/1261/1714
f 1923/1498/2060 1973/1445/2098 2012/1333/2085
f 1901/1322/2055 1890/1323/2101 2010/1508/2086
f 1910/1492/2059 1780/1260/1713 1988/1262/1715
f 1921/1259/2034 1924/1276/1731 1968/1278/1733
f 1941/1312/1783 1936/1314/2036 1942/1501/2062
f 1881/1316/1773 2005/1315/1772 2027/1506/2092
f 1932/1498/2057 1906/1332/1793 1990/1333/1794
f 1902/1327/1785 2028/1326/1784 2008/1305/1760
f 1898/1268/1721 2016/1267/1720 2015/1291/1959
f 1920/1500/2061 1966/1503/2070 1969/1325/2096
f 1938/1321/1778 1948/1320/1777 1947/1275/2065
f 1933/1429/1919 1957/1428/1918 1991/1505/2079
f 1916/1309/1920 1883/1311/2050 1995/1310/2081
f 1879/1288/1743 2009/1287/1742 2029/1431/2090
f 1899/1306/2054 1892/1296/1935 2014/1307/1934
f 1930/1499/2058 1908/1317/1774 1992/1318/1775
f 1882/1319/2040 1917/1328/1786 1981/1320/1787
f 1919/1490/2035 1922/1497/2056 1972/1428/2072
f 1939/1309/1766 1934/1491/2037 1946/1430/2064
f 1885/1496/2051 1999/1507/2084 1984/1509/2095
f 1843/1260/1956 1951/1262/2067 1950/1261/2066
f 1889/1286/1933 1877/1288/1930 2001/1287/1932
f 1931/1276/1765 1961/1278/1764 1993/1277/2080
f 1884/1494/2043 1915/1301/1756 1985/1303/1758
f 1918/1444/2033 1970/1299/2073 1973/1445/2098
f 1937/1492/2038 1943/1302/2063 1951/1262/2067
f 1888/1304/1958 2018/1290/1960 2000/1305/2099
f 1838/1270/1910 1839/1257/1912 1975/1504/2076
f 1936/1314/2036 1842/1443/1957 1950/1261/2066
f 1883/1311/2050 1874/1493/2042 1996/1329/2100
f 1839/1257/1912 1921/1259/2034 1967/1258/2071
f 1845/1295/1954 1953/1274/2069 1952/1502/2068
f 1887/1279/2044 1875/1316/2041 1997/1315/2082
f 1838/1270/1910 1974/1272/2075 1966/1503/2070
f 1935/1273/2039 1947/1275/2065 1953/1274/2069
f 1886/1269/2052 2020/1330/2088 1996/1329/2100
f 1875/1316/2041 1882/1319/2040 1994/1506/2083
f 1840/1424/1907 1841/1292/1909 1977/1308/2078
f 1934/1491/2037 1844/1285/1955 1952/1502/2068
f 1886/1269/2052 1891/1265/1718 2011/1264/1717
f 1841/1292/1909 1919/1490/2035 1971/1293/2074
f 1887/1279/2044 2021/1281/2089 2010/1508/2086
f 1885/1496/2051 1876/1495/2045 2000/1305/2099
f 1840/1424/1907 1976/1300/2077 1970/1299/2073
f 2076/1377/1844 2037/1516/2174 2036/1452/1975
f 2042/1512/2102 2051/1542/2175 2090/1513/2103
f 2052/1198/1587 2053/1197/1586 2070/1378/1976
f 2071/1372/1938 2072/1541/2167 2056/1515/2105
f 2074/1377/2106 2084/1381/1849 2075/1452/2107
f 2048/1207/2109 2044/1517/2172 2043/1517/2110
f 2038/586/669 2039/1518/2171 2057/1518/2111
f 2064/543/621 2065/542/620 2083/1460/2006
f 2049/1513/2114 2066/1542/2173 2067/1512/2115
f 2047/1460/1986 2079/542/2024 2078/543/2027
f 2088/1467/1993 2035/1540/2166 2034/1378/1845
f 2082/1519/2118 2101/1373/1837 2081/1372/1836
f 2102/1475/2009 2114/1205/2160 2115/1520/2119
f 2104/1471/1999 2116/1348/2161 2117/1521/2120
f 2125/1470/2121 2124/1536/2154 2126/1462/2122
f 2123/1522/2124 2122/1469/2153 2128/1437/2125
f 2136/1436/1994 2138/1436/1945 2139/1468/1945
f 2134/1231/2007 2140/1231/1660 2141/1474/1945
f 2147/1524/2127 2111/1364/1825 2110/1525/2128
f 2149/1489/2031 2113/1178/1549 2112/1527/2130
f 2108/1437/1947 2150/1469/1997 2151/1473/2003
f 2106/1462/1988 2152/1466/1992 2153/1470/1998
f 2155/1421/1904 2156/1440/1950 2157/1379/1846
f 2159/1227/1655 2160/1228/1656 2161/1441/1951
f 2163/1529/2132 2162/1178/2157 2121/1489/2133
f 2165/1525/2135 2164/1364/2155 2119/1524/2136
f 2180/1521/2138 2181/1348/1809 2178/1471/2139
f 2184/1520/2140 2185/1205/1604 2182/1475/2141
f 2189/1441/2142 2188/1228/1995 2171/1464/1990
f 2187/1379/1848 2186/1440/1983 2173/1432/1936
f 2176/1530/2143 2167/1533/2163 2166/1448/2144
f 2174/1223/2146 2169/1486/2028 2168/1351/2147
f 2192/1386/1859 2193/1531/2169 2190/1448/1969
f 2196/1223/1651 2197/1532/2159 2194/1351/1812
f 2144/1480/1620 2133/1480/2017 2132/1535/2151
f 2142/1488/1620 2131/1488/2017 2130/1212/2017
f 2156/1440/1950 2155/1421/1904 2158/1420/1903
f 2077/1381/2005 2036/1452/1975 2154/1451/1974
f 2160/1228/1656 2159/1227/1655 2092/1226/1654
f 2127/1463/2123 2128/1437/2125 2122/1469/2153
f 2129/1523/2126 2033/1418/1901 2032/1185/1564
f 2054/1514/2104 2126/1462/2122 2124/1536/2154
f 2120/1528/2134 2119/1524/2136 2164/1364/2155
f 2118/1526/2137 2095/1478/2170 2096/1479/2156
f 2087/1461/2113 2121/1489/2133 2162/1178/2157
f 2133/1480/2017 2144/1480/1620 2143/1212/1620
f 2131/1488/2017 2142/1488/1620 2098/1485/2025
f 2043/1517/2110 2044/1517/2172 2145/1535/2152
f 2146/1526/2129 2110/1525/2128 2099/1479/2014
f 2148/1528/2131 2112/1527/2130 2111/1364/1825
f 2046/1461/1987 2078/543/2027 2113/1178/1549
f 2138/1436/1945 2136/1436/1994 2135/1474/1994
f 2140/1231/1660 2134/1231/2007 2038/586/669
f 2093/1363/1824 2094/1363/2004 2137/1468/1994
f 2062/1455/1979 2171/1464/1990 2188/1228/1995
f 2170/1420/1953 2173/1432/1936 2186/1440/1983
f 2172/1374/1838 2075/1452/2107 2084/1381/1849
f 2190/1448/1969 2193/1531/2169 2049/1513/2114
f 2191/1533/2149 2194/1351/1812 2197/1532/2159
f 2195/1534/2150 2061/1484/2022 2060/1483/2021
f 2114/1205/2160 2102/1475/2009 2105/1472/2000
f 2116/1348/2161 2104/1471/1999 2031/1450/2030
f 2101/1373/1837 2082/1519/2118 2103/1476/2010
f 2167/1533/2163 2176/1530/2143 2175/1532/2148
f 2169/1486/2028 2174/1223/2146 2059/1538/2164
f 2090/1513/2103 2177/1531/2145 2166/1448/2144
f 2109/1438/1948 2151/1473/2003 2068/1185/2002
f 2107/1463/1989 2153/1470/1998 2150/1469/1997
f 2035/1540/2166 2088/1467/1993 2152/1466/1992
f 2183/1459/1985 2056/1515/2105 2072/1541/2167
f 2179/1454/1978 2182/1475/2141 2185/1205/1604
f 2086/1450/1971 2178/1471/2139 2181/1348/1809
f 1399/803/949 1794/1395/1939 2184/1520/2140
f 1624/1458/1984 1623/531/914 2055/1442/1952
f 1717/1457/1981 2125/1470/2121 2122/1469/2153
f 1517/569/1616 2079/542/2024 2047/1460/1986
f 1725/1376/1843 1724/1367/1842 2144/1480/1620
f 1742/1477/2011 2128/1437/2125 2127/1463/2123
f 614/539/803 615/540/804 2074/1377/2106
f 1833/1222/1926 1832/1224/1927 2174/1223/2146
f 616/720/951 614/539/803 2073/1516/2108
f 1445/1219/1645 2033/1418/1901 2129/1523/2126
f 1834/1394/1867 1835/1395/1868 2115/1520/2119
f 1721/1177/1885 1720/1179/1884 2162/1178/2157
f 1774/1412/1968 2190/1448/1969 2050/1481/2116
f 1446/1196/1585 2052/1198/1587 2124/1536/2154
f 1747/1385/1858 635/1125/2015 2049/1513/2114
f 1727/1355/1925 2147/1524/2127 2146/1526/2129
f 1831/1385/1928 1830/1387/1929 2176/1530/2143
f 1370/1174/1539 2084/1381/1849 2074/1377/2106
f 1619/1200/1590 1744/1341/2012 2126/1462/2122
f 1610/569/652 1613/1209/1633 2083/1460/2006
f 1746/1387/1860 2192/1386/1859 2197/1532/2159
f 1836/1349/1869 1837/1204/1870 2117/1521/2120
f 652/606/1002 2058/1487/2029 2059/1538/2164
f 1719/1409/1888 1718/1344/1887 2164/1364/2155
f 1512/1208/1614 2044/1517/2172 2048/1207/2109
f 1776/1352/1813 2194/1351/1812 2191/1533/2149
f 1729/1358/1923 2149/1489/2031 2148/1528/2131
f 1452/1187/1600 1719/1409/1888 2165/1525/2135
f 1825/1355/1816 1824/1354/1815 2118/1526/2137
f 764/770/1232 2051/1542/2175 2042/1512/2102
f 1718/1344/1887 1721/1177/1885 2163/1529/2132
f 1769/1410/1889 1768/1412/1891 2166/1448/2144
f 1619/1200/1590 2054/1514/2104 2070/1378/1976
f 1748/1224/1652 2196/1223/1651 2060/1483/2021
f 1822/1357/1818 1825/1355/1816 2119/1524/2136
f 643/606/696 2061/1484/2022 2195/1534/2150
f 1790/1406/1881 1791/1184/2001 2151/1473/2003
f 1867/1338/1963 2179/1454/1978 2178/1471/2139
f 1824/1354/1815 1451/1042/1299 2095/1478/2170
f 1823/1358/1819 1822/1357/1818 2120/1528/2134
f 1455/541/619 2064/543/621 2162/1178/2157
f 1767/1350/1892 1766/1352/1894 2168/1351/2147
f 1754/1449/2018 803/792/938 2031/1450/2030
f 1797/1349/1810 2181/1348/1809 2180/1521/2138
f 1450/1181/1631 1823/1358/1819 2121/1489/2133
f 1452/1187/1600 2096/1479/2156 2095/1478/2170
f 1837/1204/1870 1834/1394/1867 2114/1205/2160
f 1792/1403/1878 1793/1457/1996 2153/1470/1998
f 1565/1168/1523 2088/1467/1993 2089/1197/2117
f 1756/1482/2020 1755/1338/1799 2105/1472/2000
f 1869/1446/1964 2183/1459/1985 2182/1475/2141
f 1722/1211/1619 1503/916/1103 2098/1485/2025
f 801/1176/1542 1836/1349/1869 2116/1348/2161
f 1861/1367/1829 2133/1480/2017 2130/1212/2017
f 1714/1359/1820 2122/1469/2153 2123/1522/2124
f 1795/1206/1605 2185/1205/1604 2184/1520/2140
f 1400/806/958 1401/792/957 2086/1450/1971
f 1724/1367/1842 1723/1213/1621 2143/1212/1620
f 800/1192/1578 2101/1373/1837 2115/1520/2119
f 1859/1211/1827 2131/1488/2017 2097/1485/2158
f 629/770/897 2066/1542/2173 2049/1513/2114
f 1576/1200/1658 1575/778/1644 2034/1378/1845
f 1582/1383/1856 1757/1335/1796 2103/1476/2010
f 645/560/1366 2057/1518/2111 2039/1518/2171
f 1504/1208/1610 2043/1517/2110 2132/1535/2151
f 1716/1361/1822 2124/1536/2154 2125/1470/2121
f 638/588/902 637/774/901 2050/1481/2116
f 1512/1208/1614 1725/1376/1843 2145/1535/2152
f 629/770/897 638/588/902 2067/1512/2115
f 793/720/836 2036/1452/1975 2037/1516/2174
f 1809/1340/1801 2107/1463/1989 2108/1437/1947
f 1726/1354/1924 2146/1526/2129 2100/1478/2013
f 1745/1382/1850 2127/1463/2123 2126/1462/2122
f 1814/1232/1661 2140/1231/1660 2040/586/2112
f 1564/676/779 1807/1342/1803 2109/1438/1948
f 1710/1389/1862 1711/1419/1902 2155/1421/1904
f 1518/1187/1569 2099/1479/2014 2110/1525/2128
f 645/560/1366 647/587/1368 2040/586/2112
f 1504/1208/1610 1513/601/1607 2045/1207/1606
f 1576/1200/1658 2035/1540/2166 2106/1462/1988
f 764/770/1232 760/1125/1441 2090/1513/2103
f 1768/1412/1891 762/774/1649 2041/1481/2019
f 1830/1387/1929 1833/1222/1926 2175/1532/2148
f 1818/1423/1906 1819/1380/1847 2157/1379/1846
f 1736/1423/1940 2186/1440/1983 2187/1379/1848
f 1728/1357/1922 2148/1528/2131 2147/1524/2127
f 1743/1342/1853 2129/1523/2126 2128/1437/2125
f 1816/1370/1946 2138/1436/1945 2141/1474/1945
f 1832/1224/1927 761/625/1525 2059/1538/2164
f 1564/676/779 2069/1539/2165 2068/1185/2002
f 1831/1385/1928 2177/1531/2145 2090/1513/2103
f 1712/1392/1865 1713/1225/1653 2159/1227/1655
f 1805/1344/1805 2111/1364/1825 2112/1527/2130
f 792/880/1056 2091/1229/1657 2092/1226/1654
f 1766/1352/1894 1769/1410/1889 2167/1533/2163
f 1734/1434/1942 2188/1228/1995 2189/1441/2142
usemtl マテリアル.004
f 2202/1543/2176 2198/1544/2177 2199/1545/2178
f 2199/1545/2178 2198/1544/2177 2200/1546/2179
f 2201/1547/2180 2200/1546/2179 2198/1544/2177
f 2202/1543/2176 2201/1547/2180 2198/1544/2177
f 2202/1543/2176 2204/1547/2181 2201/1547/2180
f 2203/1548/2182 2205/1549/2183 2202/1543/2176
f 2203/1548/2182 2202/1543/2176 2199/1545/2178
f 2202/1543/2176 2205/1549/2183 2204/1547/2181
f 2206/1550/2184 2204/1547/2181 2205/1549/2183
f 2203/1548/2182 2208/1551/2185 2205/1549/2183
f 2207/1552/2186 2206/1550/2184 2205/1549/2183
f 2207/1552/2186 2205/1549/2183 2208/1551/2185
f 2209/1553/2187 2207/1552/2186 2208/1551/2185
f 2211/1554/2188 2208/1551/2185 2203/1548/2182
f 2209/1553/2187 2208/1551/2185 2210/1555/2189
f 2211/1554/2188 2210/1555/2189 2208/1551/2185
f 2212/1556/2190 2211/1554/2188 2215/1557/2191
f 2211/1554/2188 2212/1556/2190 2213/1558/2192
f 2211/1554/2188 2213/1558/2192 2210/1555/2189
f 2211/1554/2188 2203/1548/2182 2214/1559/2193
f 2211/1554/2188 2214/1559/2193 2215/1557/2191
f 2216/1557/2194 2215/1557/2191 2199/1545/2178
f 2216/1557/2194 2217/1560/2195 2215/1557/2191
f 2212/1556/2190 2215/1557/2191 2217/1560/2195
f 2215/1557/2191 2214/1559/2193 2199/1545/2178
f 2216/1557/2194 2212/1556/2190 2217/1560/2195
f 2199/1545/2178 2218/1561/2196 2216/1557/2194
f 2218/1561/2196 2222/1546/2197 2216/1557/2194
f 2219/1545/2198 2220/1559/2199 2216/1557/2194
f 2222/1546/2197 2219/1545/2198 2216/1557/2194
f 2220/1559/2199 2221/1554/2200 2216/1557/2194
f 2216/1557/2194 2221/1554/2200 2212/1556/2190
f 2222/1546/2197 2224/1544/2201 2219/1545/2198
f 2222/1546/2197 2227/1562/2202 2223/1547/2203
f 2222/1546/2197 2223/1547/2203 2224/1544/2201
f 2228/1563/2204 2225/1561/2205 2222/1546/2197
f 2225/1561/2205 2226/1564/2206 2222/1546/2197
f 2226/1564/2206 2227/1562/2202 2222/1546/2197
f 2218/1561/2196 2228/1563/2204 2222/1546/2197
f 2230/1565/2207 2228/1563/2204 2218/1561/2196
f 2229/1566/2208 2225/1561/2205 2228/1563/2204
f 2230/1565/2207 2229/1566/2208 2228/1563/2204
f 2232/1567/2209 2231/1568/2210 2230/1565/2207
f 2229/1566/2208 2230/1565/2207 2231/1568/2210
f 2232/1567/2209 2230/1565/2207 2218/1561/2196
f 2232/1567/2209 2218/1561/2196 2235/1564/2211
f 2232/1567/2209 2233/1569/2212 2231/1568/2210
f 2234/1562/2213 2233/1569/2212 2232/1567/2209
f 2234/1562/2213 2232/1567/2209 2235/1564/2211
f 2235/1564/2211 2218/1561/2196 2199/1545/2178
f 2234/1562/2213 2235/1564/2211 2200/1546/2179
f 2200/1546/2179 2235/1564/2211 2199/1545/2178
f 2201/1547/2180 2234/1562/2213 2200/1546/2179
f 2234/1562/2213 2201/1547/2180 2204/1547/2181
f 2234/1562/2213 2204/1547/2181 2236/1570/2214
f 2234/1562/2213 2236/1570/2214 2233/1569/2212
f 2237/1571/2215 2236/1570/2214 2204/1547/2181
f 2237/1571/2215 2238/1572/2216 2236/1570/2214
f 2238/1572/2216 2233/1569/2212 2236/1570/2214
f 2239/1573/2211 2238/1572/2216 2240/1574/2179
f 2239/1573/2211 2241/1575/2217 2238/1572/2216
f 2240/1574/2179 2238/1572/2216 2237/1571/2215
f 2238/1572/2216 2241/1575/2217 2233/1569/2212
f 2241/1575/2217 2231/1568/2210 2233/1569/2212
f 2241/1575/2217 2242/1576/2218 2231/1568/2210
f 2243/1577/2196 2242/1576/2218 2241/1575/2217
f 2243/1577/2196 2241/1575/2217 2239/1573/2211
f 2244/1578/2209 2243/1577/2196 2239/1573/2211
f 2244/1578/2209 2245/1579/2207 2243/1577/2196
f 2243/1577/2196 2245/1579/2207 2246/1580/2208
f 2243/1577/2196 2246/1580/2208 2247/1581/2204
f 2247/1581/2204 2242/1576/2218 2243/1577/2196
f 2247/1581/2204 2250/1582/2219 2242/1576/2218
f 2246/1580/2208 2249/1577/2205 2247/1581/2204
f 2247/1581/2204 2248/1576/2220 2250/1582/2219
f 2247/1581/2204 2249/1577/2205 2248/1576/2220
f 2250/1582/2219 2252/1568/2221 2251/1583/2222
f 2242/1576/2218 2250/1582/2219 2251/1583/2222
f 2250/1582/2219 2248/1576/2220 2252/1568/2221
f 2229/1566/2208 2251/1583/2222 2252/1568/2221
f 2255/1565/2223 2252/1568/2221 2253/1569/2224
f 2252/1568/2221 2254/1575/2225 2253/1569/2224
f 2252/1568/2221 2248/1576/2220 2254/1575/2225
f 2229/1566/2208 2252/1568/2221 2255/1565/2223
f 2225/1561/2205 2255/1565/2223 2256/1567/2226
f 2229/1566/2208 2255/1565/2223 2225/1561/2205
f 2255/1565/2223 2253/1569/2224 2256/1567/2226
f 2225/1561/2205 2256/1567/2226 2226/1564/2206
f 2226/1564/2206 2256/1567/2226 2227/1562/2202
f 2256/1567/2226 2257/1570/2227 2227/1562/2202
f 2256/1567/2226 2253/1569/2224 2257/1570/2227
f 2257/1570/2227 2259/1584/2228 2258/1585/2229
f 2257/1570/2227 2258/1585/2229 2260/1547/2230
f 2253/1569/2224 2259/1584/2228 2257/1570/2227
f 2227/1562/2202 2257/1570/2227 2260/1547/2230
f 2260/1547/2230 2258/1585/2229 2261/1586/2231
f 2260/1547/2230 2261/1586/2231 2262/1549/2232
f 2263/1543/2233 2260/1547/2230 2262/1549/2232
f 2263/1543/2233 2223/1547/2203 2260/1547/2230
f 2227/1562/2202 2260/1547/2230 2223/1547/2203
f 2224/1544/2201 2263/1543/2233 2219/1545/2198
f 2219/1545/2198 2263/1543/2233 2264/1548/2234
f 2263/1543/2233 2265/1551/2235 2264/1548/2234
f 2224/1544/2201 2223/1547/2203 2263/1543/2233
f 2263/1543/2233 2262/1549/2232 2265/1551/2235
f 2265/1551/2235 2266/1553/2236 2268/1555/2237
f 2265/1551/2235 2267/1552/2238 2266/1553/2236
f 2262/1549/2232 2267/1552/2238 2265/1551/2235
f 2264/1548/2234 2265/1551/2235 2268/1555/2237
f 2266/1553/2236 2213/1558/2192 2268/1555/2237
f 2221/1554/2200 2268/1555/2237 2213/1558/2192
f 2264/1548/2234 2268/1555/2237 2221/1554/2200
f 2270/1587/2194 2266/1553/2236 2267/1552/2238
f 2269/1588/2199 2267/1552/2238 2261/1586/2231
f 2270/1587/2194 2267/1552/2238 2269/1588/2199
f 2262/1549/2232 2261/1586/2231 2267/1552/2238
f 2270/1587/2194 2271/1589/2195 2275/1590/2239
f 2270/1587/2194 2272/1591/2190 2271/1589/2195
f 2270/1587/2194 2273/1592/2200 2272/1591/2190
f 2274/1593/2234 2273/1592/2200 2270/1587/2194
f 2274/1593/2234 2270/1587/2194 2269/1588/2199
f 2270/1587/2194 2275/1590/2239 2266/1553/2236
f 2276/1587/2191 2209/1553/2187 2275/1590/2239
f 2275/1590/2239 2209/1553/2187 2210/1555/2189
f 2275/1590/2239 2210/1555/2189 2213/1558/2192
f 2276/1587/2191 2275/1590/2239 2271/1589/2195
f 2266/1553/2236 2275/1590/2239 2213/1558/2192
f 2272/1591/2190 2276/1587/2191 2271/1589/2195
f 2272/1591/2190 2277/1592/2188 2276/1587/2191
f 2276/1587/2191 2277/1592/2188 2278/1593/2182
f 2276/1587/2191 2278/1593/2182 2279/1588/2193
f 2279/1588/2193 2209/1553/2187 2276/1587/2191
f 2278/1593/2182 2280/1594/2178 2279/1588/2193
f 2280/1594/2178 2207/1552/2186 2279/1588/2193
f 2279/1588/2193 2207/1552/2186 2209/1553/2187
f 2280/1594/2178 2237/1571/2215 2206/1550/2184
f 2280/1594/2178 2206/1550/2184 2207/1552/2186
f 2278/1593/2182 2281/1595/2176 2280/1594/2178
f 2281/1595/2176 2282/1571/2177 2280/1594/2178
f 2280/1594/2178 2282/1571/2177 2237/1571/2215
f 2283/1596/2180 2240/1574/2179 2282/1571/2177
f 2281/1595/2176 2283/1596/2180 2282/1571/2177
f 2240/1574/2179 2237/1571/2215 2282/1571/2177
f 2283/1596/2180 2284/1597/2213 2240/1574/2179
f 2284/1597/2213 2283/1596/2180 2285/1596/2181
f 2281/1595/2176 2285/1596/2181 2283/1596/2180
f 2286/1598/2184 2285/1596/2181 2289/1599/2183
f 2286/1598/2184 2287/1600/2215 2285/1596/2181
f 2284/1597/2213 2285/1596/2181 2288/1601/2214
f 2287/1600/2215 2288/1601/2214 2285/1596/2181
f 2281/1595/2176 2289/1599/2183 2285/1596/2181
f 2278/1593/2182 2289/1599/2183 2281/1595/2176
f 2291/1602/2186 2286/1598/2184 2289/1599/2183
f 2291/1602/2186 2289/1599/2183 2290/1603/2185
f 2278/1593/2182 2290/1603/2185 2289/1599/2183
f 2292/1604/2178 2291/1602/2186 2294/1605/2193
f 2292/1604/2178 2286/1598/2184 2291/1602/2186
f 2293/1606/2187 2291/1602/2186 2290/1603/2185
f 2294/1605/2193 2291/1602/2186 2293/1606/2187
f 2295/1607/2182 2292/1604/2178 2294/1605/2193
f 2296/1608/2188 2295/1607/2182 2294/1605/2193
f 2296/1608/2188 2294/1605/2193 2297/1609/2191
f 2294/1605/2193 2293/1606/2187 2297/1609/2191
f 2297/1609/2191 2293/1606/2187 2298/1610/2239
f 2297/1609/2191 2298/1610/2239 2300/1611/2195
f 2299/1612/2190 2297/1609/2191 2300/1611/2195
f 2299/1612/2190 2296/1608/2188 2297/1609/2191
f 2301/1609/2194 2300/1611/2195 2298/1610/2239
f 2301/1609/2194 2299/1612/2190 2300/1611/2195
f 2301/1609/2194 2298/1610/2239 2304/1606/2236
f 2301/1609/2194 2302/1608/2200 2299/1612/2190
f 2305/1607/2234 2302/1608/2200 2301/1609/2194
f 2301/1609/2194 2303/1602/2238 2306/1605/2199
f 2301/1609/2194 2304/1606/2236 2303/1602/2238
f 2305/1607/2234 2301/1609/2194 2306/1605/2199
f 2306/1605/2199 2303/1602/2238 2307/1598/2231
f 2308/1604/2198 2305/1607/2234 2306/1605/2199
f 2306/1605/2199 2307/1598/2231 2308/1604/2198
f 2308/1604/2198 2311/1613/2233 2305/1607/2234
f 2308/1604/2198 2309/1600/2229 2310/1600/2201
f 2308/1604/2198 2307/1598/2231 2309/1600/2229
f 2310/1600/2201 2311/1613/2233 2308/1604/2198
f 2311/1613/2233 2315/1614/2230 2312/1615/2232
f 2311/1613/2233 2312/1615/2232 2313/1616/2235
f 2311/1613/2233 2313/1616/2235 2305/1607/2234
f 2310/1600/2201 2314/1614/2203 2311/1613/2233
f 2311/1613/2233 2314/1614/2203 2315/1614/2230
f 2316/1617/2240 2315/1614/2230 2314/1614/2203
f 2316/1617/2240 2317/1618/2227 2315/1614/2230
f 2317/1618/2227 2318/1619/2229 2315/1614/2230
f 2315/1614/2230 2318/1619/2229 2319/1620/2231
f 2315/1614/2230 2319/1620/2231 2312/1615/2232
f 2320/1621/2199 2319/1620/2231 2321/1622/2198
f 2320/1621/2199 2322/1623/2238 2319/1620/2231
f 2321/1622/2198 2319/1620/2231 2318/1619/2229
f 2312/1615/2232 2319/1620/2231 2322/1623/2238
f 2312/1615/2232 2322/1623/2238 2313/1616/2235
f 2323/1624/2194 2322/1623/2238 2320/1621/2199
f 2323/1624/2194 2324/1625/2236 2322/1623/2238
f 2313/1616/2235 2322/1623/2238 2324/1625/2236
f 2313/1616/2235 2324/1625/2236 2326/1626/2237
f 2323/1624/2194 2325/1627/2239 2324/1625/2236
f 2324/1625/2236 2325/1627/2239 2327/1628/2241
f 2324/1625/2236 2327/1628/2241 2326/1626/2237
f 2302/1608/2200 2327/1628/2241 2299/1612/2190
f 2296/1608/2188 2299/1612/2190 2327/1628/2241
f 2302/1608/2200 2326/1626/2237 2327/1628/2241
f 2325/1627/2239 2328/1626/2189 2327/1628/2241
f 2296/1608/2188 2327/1628/2241 2328/1626/2189
f 2296/1608/2188 2328/1626/2189 2329/1616/2185
f 2330/1625/2187 2329/1616/2185 2328/1626/2189
f 2325/1627/2239 2330/1625/2187 2328/1626/2189
f 2333/1621/2193 2331/1623/2186 2330/1625/2187
f 2330/1625/2187 2331/1623/2186 2329/1616/2185
f 2333/1621/2193 2330/1625/2187 2332/1624/2191
f 2332/1624/2191 2330/1625/2187 2325/1627/2239
f 2336/1629/2188 2334/1630/2242 2333/1621/2193
f 2334/1630/2242 2335/1622/2178 2333/1621/2193
f 2335/1622/2178 2331/1623/2186 2333/1621/2193
f 2336/1629/2188 2333/1621/2193 2332/1624/2191
f 2338/1631/2195 2336/1629/2188 2332/1624/2191
f 2338/1631/2195 2337/1632/2190 2336/1629/2188
f 2334/1630/2242 2336/1629/2188 2337/1632/2190
f 2339/1629/2200 2337/1632/2190 2338/1631/2195
f 2323/1624/2194 2338/1631/2195 2325/1627/2239
f 2339/1629/2200 2338/1631/2195 2323/1624/2194
f 2332/1624/2191 2325/1627/2239 2338/1631/2195
f 2320/1621/2199 2340/1630/2234 2339/1629/2200
f 2337/1632/2190 2339/1629/2200 2340/1630/2234
f 2320/1621/2199 2339/1629/2200 2323/1624/2194
f 2340/1630/2234 2341/1633/2243 2344/1633/2244
f 2340/1630/2234 2342/1634/2203 2341/1633/2243
f 2340/1630/2234 2343/1635/2233 2342/1634/2203
f 2321/1622/2198 2343/1635/2233 2340/1630/2234
f 2321/1622/2198 2340/1630/2234 2320/1621/2199
f 2334/1630/2242 2337/1632/2190 2340/1630/2234
f 2344/1633/2244 2334/1630/2242 2340/1630/2234
f 2341/1633/2243 2345/1636/2208 2344/1633/2244
f 2345/1636/2208 2349/1637/2207 2344/1633/2244
f 2344/1633/2244 2347/1634/2180 2334/1630/2242
f 2346/1638/2211 2344/1633/2244 2349/1637/2207
f 2348/1639/2213 2344/1633/2244 2346/1638/2211
f 2344/1633/2244 2348/1639/2213 2347/1634/2180
f 2346/1638/2211 2349/1637/2207 2350/1640/2196
f 2349/1637/2207 2351/1641/2204 2350/1640/2196
f 2349/1637/2207 2345/1636/2208 2351/1641/2204
f 2351/1641/2204 2356/1642/2219 2352/1643/2218
f 2351/1641/2204 2352/1643/2218 2350/1640/2196
f 2351/1641/2204 2353/1637/2223 2355/1640/2205
f 2351/1641/2204 2345/1636/2208 2353/1637/2223
f 2351/1641/2204 2354/1643/2220 2356/1642/2219
f 2351/1641/2204 2355/1640/2205 2354/1643/2220
f 2352/1643/2218 2356/1642/2219 2357/1644/2222
f 2356/1642/2219 2358/1645/2221 2357/1644/2222
f 2356/1642/2219 2354/1643/2220 2358/1645/2221
f 2359/1646/2208 2357/1644/2222 2358/1645/2221
f 2359/1646/2208 2358/1645/2221 2362/1647/2223
f 2358/1645/2221 2354/1643/2220 2360/1648/2225
f 2358/1645/2221 2360/1648/2225 2361/1649/2224
f 2362/1647/2223 2358/1645/2221 2361/1649/2224
f 2362/1647/2223 2361/1649/2224 2363/1650/2226
f 2364/1651/2205 2362/1647/2223 2363/1650/2226
f 2359/1646/2208 2362/1647/2223 2364/1651/2205
f 2364/1651/2205 2363/1650/2226 2365/1652/2206
f 2365/1652/2206 2367/1653/2220 2364/1651/2205
f 2359/1646/2208 2364/1651/2205 2366/1654/2204
f 2366/1654/2204 2364/1651/2205 2367/1653/2220
f 2365/1652/2206 2368/1655/2225 2367/1653/2220
f 2366/1654/2204 2367/1653/2220 2370/1656/2219
f 2369/1657/2221 2367/1653/2220 2368/1655/2225
f 2370/1656/2219 2367/1653/2220 2369/1657/2221
f 2366/1654/2204 2370/1656/2219 2371/1653/2218
f 2371/1653/2218 2370/1656/2219 2372/1658/2222
f 2370/1656/2219 2369/1657/2221 2372/1658/2222
f 2246/1580/2208 2373/1657/2210 2372/1658/2222
f 2371/1653/2218 2372/1658/2222 2373/1657/2210
f 2246/1580/2208 2372/1658/2222 2369/1657/2221
f 2375/1655/2217 2373/1657/2210 2374/1659/2212
f 2244/1578/2209 2374/1659/2212 2373/1657/2210
f 2375/1655/2217 2371/1653/2218 2373/1657/2210
f 2246/1580/2208 2245/1579/2207 2373/1657/2210
f 2244/1578/2209 2373/1657/2210 2245/1579/2207
f 2377/1660/2216 2375/1655/2217 2374/1659/2212
f 2378/1651/2196 2371/1653/2218 2375/1655/2217
f 2378/1651/2196 2375/1655/2217 2376/1652/2211
f 2376/1652/2211 2375/1655/2217 2377/1660/2216
f 2379/1650/2209 2378/1651/2196 2376/1652/2211
f 2379/1650/2209 2380/1647/2207 2378/1651/2196
f 2378/1651/2196 2380/1647/2207 2359/1646/2208
f 2378/1651/2196 2359/1646/2208 2366/1654/2204
f 2366/1654/2204 2371/1653/2218 2378/1651/2196
f 2379/1650/2209 2381/1645/2210 2380/1647/2207
f 2359/1646/2208 2380/1647/2207 2381/1645/2210
f 2359/1646/2208 2381/1645/2210 2357/1644/2222
f 2379/1650/2209 2382/1649/2212 2381/1645/2210
f 2383/1648/2217 2381/1645/2210 2382/1649/2212
f 2383/1648/2217 2352/1643/2218 2381/1645/2210
f 2352/1643/2218 2357/1644/2222 2381/1645/2210
f 2350/1640/2196 2352/1643/2218 2383/1648/2217
f 2350/1640/2196 2383/1648/2217 2346/1638/2211
f 2346/1638/2211 2383/1648/2217 2384/1661/2216
f 2384/1661/2216 2383/1648/2217 2382/1649/2212
f 2346/1638/2211 2384/1661/2216 2385/1662/2179
f 2385/1662/2179 2384/1661/2216 2386/1619/2215
f 2386/1619/2215 2384/1661/2216 2387/1618/2214
f 2384/1661/2216 2382/1649/2212 2387/1618/2214
f 2386/1619/2215 2387/1618/2214 2388/1614/2181
f 2389/1617/2213 2388/1614/2181 2387/1618/2214
f 2389/1617/2213 2387/1618/2214 2382/1649/2212
f 2389/1617/2213 2382/1649/2212 2379/1650/2209
f 2389/1617/2213 2379/1650/2209 2376/1652/2211
f 2389/1617/2213 2376/1652/2211 2391/1663/2179
f 2389/1617/2213 2390/1614/2180 2388/1614/2181
f 2390/1614/2180 2389/1617/2213 2391/1663/2179
f 2390/1614/2180 2391/1663/2179 2392/1600/2177
f 2391/1663/2179 2287/1600/2215 2392/1600/2177
f 2391/1663/2179 2377/1660/2216 2287/1600/2215
f 2376/1652/2211 2377/1660/2216 2391/1663/2179
f 2292/1604/2178 2392/1600/2177 2287/1600/2215
f 2393/1613/2176 2392/1600/2177 2292/1604/2178
f 2393/1613/2176 2390/1614/2180 2392/1600/2177
f 2393/1613/2176 2388/1614/2181 2390/1614/2180
f 2393/1613/2176 2394/1615/2183 2388/1614/2181
f 2295/1607/2182 2394/1615/2183 2393/1613/2176
f 2295/1607/2182 2393/1613/2176 2292/1604/2178
f 2331/1623/2186 2395/1620/2184 2394/1615/2183
f 2331/1623/2186 2394/1615/2183 2329/1616/2185
f 2295/1607/2182 2329/1616/2185 2394/1615/2183
f 2395/1620/2184 2388/1614/2181 2394/1615/2183
f 2335/1622/2178 2386/1619/2215 2395/1620/2184
f 2395/1620/2184 2386/1619/2215 2388/1614/2181
f 2335/1622/2178 2395/1620/2184 2331/1623/2186
f 2385/1662/2179 2386/1619/2215 2396/1619/2177
f 2335/1622/2178 2396/1619/2177 2386/1619/2215
f 2347/1634/2180 2385/1662/2179 2396/1619/2177
f 2397/1635/2176 2347/1634/2180 2396/1619/2177
f 2397/1635/2176 2396/1619/2177 2335/1622/2178
f 2334/1630/2242 2397/1635/2176 2335/1622/2178
f 2347/1634/2180 2397/1635/2176 2334/1630/2242
f 2348/1639/2213 2346/1638/2211 2385/1662/2179
f 2347/1634/2180 2348/1639/2213 2385/1662/2179
f 2377/1660/2216 2374/1659/2212 2288/1601/2214
f 2287/1600/2215 2377/1660/2216 2288/1601/2214
f 2284/1597/2213 2288/1601/2214 2374/1659/2212
f 2284/1597/2213 2374/1659/2212 2244/1578/2209
f 2399/1579/2223 2369/1657/2221 2398/1659/2224
f 2369/1657/2221 2368/1655/2225 2398/1659/2224
f 2246/1580/2208 2369/1657/2221 2399/1579/2223
f 2249/1577/2205 2399/1579/2223 2400/1578/2226
f 2246/1580/2208 2399/1579/2223 2249/1577/2205
f 2399/1579/2223 2398/1659/2224 2400/1578/2226
f 2401/1573/2206 2400/1578/2226 2402/1597/2202
f 2249/1577/2205 2400/1578/2226 2401/1573/2206
f 2400/1578/2226 2403/1601/2227 2402/1597/2202
f 2400/1578/2226 2398/1659/2224 2403/1601/2227
f 2398/1659/2224 2404/1660/2228 2403/1601/2227
f 2402/1597/2202 2403/1601/2227 2405/1596/2230
f 2403/1601/2227 2309/1600/2229 2405/1596/2230
f 2403/1601/2227 2404/1660/2228 2309/1600/2229
f 2405/1596/2230 2309/1600/2229 2307/1598/2231
f 2405/1596/2230 2307/1598/2231 2406/1599/2232
f 2407/1595/2233 2405/1596/2230 2406/1599/2232
f 2407/1595/2233 2408/1596/2203 2405/1596/2230
f 2402/1597/2202 2405/1596/2230 2408/1596/2203
f 2409/1585/2201 2408/1596/2203 2407/1595/2233
f 2410/1664/2197 2408/1596/2203 2409/1585/2201
f 2410/1664/2197 2402/1597/2202 2408/1596/2203
f 2410/1664/2197 2409/1585/2201 2258/1585/2229
f 2410/1664/2197 2258/1585/2229 2259/1584/2228
f 2410/1664/2197 2259/1584/2228 2254/1575/2225
f 2401/1573/2206 2402/1597/2202 2410/1664/2197
f 2410/1664/2197 2254/1575/2225 2401/1573/2206
f 2409/1585/2201 2407/1595/2233 2411/1665/2198
f 2411/1665/2198 2258/1585/2229 2409/1585/2201
f 2411/1665/2198 2407/1595/2233 2274/1593/2234
f 2411/1665/2198 2261/1586/2231 2258/1585/2229
f 2269/1588/2199 2261/1586/2231 2411/1665/2198
f 2411/1665/2198 2274/1593/2234 2269/1588/2199
f 2407/1595/2233 2412/1603/2235 2274/1593/2234
f 2407/1595/2233 2406/1599/2232 2412/1603/2235
f 2412/1603/2235 2304/1606/2236 2413/1666/2237
f 2412/1603/2235 2303/1602/2238 2304/1606/2236
f 2274/1593/2234 2412/1603/2235 2413/1666/2237
f 2406/1599/2232 2303/1602/2238 2412/1603/2235
f 2413/1666/2237 2304/1606/2236 2298/1610/2239
f 2413/1666/2237 2298/1610/2239 2414/1667/2192
f 2274/1593/2234 2413/1666/2237 2273/1592/2200
f 2273/1592/2200 2413/1666/2237 2414/1667/2192
f 2277/1592/2188 2414/1667/2192 2415/1666/2189
f 2277/1592/2188 2272/1591/2190 2414/1667/2192
f 2273/1592/2200 2414/1667/2192 2272/1591/2190
f 2298/1610/2239 2415/1666/2189 2414/1667/2192
f 2277/1592/2188 2415/1666/2189 2290/1603/2185
f 2293/1606/2187 2290/1603/2185 2415/1666/2189
f 2298/1610/2239 2293/1606/2187 2415/1666/2189
f 2406/1599/2232 2307/1598/2231 2303/1602/2238
f 2398/1659/2224 2368/1655/2225 2404/1660/2228
f 2416/1663/2197 2309/1600/2229 2404/1660/2228
f 2416/1663/2197 2404/1660/2228 2368/1655/2225
f 2416/1663/2197 2310/1600/2201 2309/1600/2229
f 2416/1663/2197 2314/1614/2203 2310/1600/2201
f 2416/1663/2197 2316/1617/2240 2314/1614/2203
f 2365/1652/2206 2316/1617/2240 2416/1663/2197
f 2416/1663/2197 2368/1655/2225 2365/1652/2206
f 2401/1573/2206 2254/1575/2225 2248/1576/2220
f 2401/1573/2206 2248/1576/2220 2249/1577/2205
f 2365/1652/2206 2363/1650/2226 2316/1617/2240
f 2363/1650/2226 2317/1618/2227 2316/1617/2240
f 2363/1650/2226 2361/1649/2224 2317/1618/2227
f 2361/1649/2224 2417/1661/2228 2317/1618/2227
f 2361/1649/2224 2360/1648/2225 2417/1661/2228
f 2418/1662/2197 2417/1661/2228 2360/1648/2225
f 2418/1662/2197 2318/1619/2229 2417/1661/2228
f 2317/1618/2227 2417/1661/2228 2318/1619/2229
f 2418/1662/2197 2419/1639/2202 2342/1634/2203
f 2421/1638/2206 2419/1639/2202 2418/1662/2197
f 2418/1662/2197 2342/1634/2203 2420/1619/2201
f 2418/1662/2197 2420/1619/2201 2318/1619/2229
f 2418/1662/2197 2360/1648/2225 2421/1638/2206
f 2353/1637/2223 2421/1638/2206 2355/1640/2205
f 2421/1638/2206 2354/1643/2220 2355/1640/2205
f 2353/1637/2223 2341/1633/2243 2421/1638/2206
f 2421/1638/2206 2360/1648/2225 2354/1643/2220
f 2421/1638/2206 2341/1633/2243 2419/1639/2202
f 2420/1619/2201 2342/1634/2203 2343/1635/2233
f 2420/1619/2201 2343/1635/2233 2321/1622/2198
f 2321/1622/2198 2318/1619/2229 2420/1619/2201
f 2342/1634/2203 2419/1639/2202 2341/1633/2243
f 2341/1633/2243 2353/1637/2223 2345/1636/2208
f 2296/1608/2188 2329/1616/2185 2295/1607/2182
f 2305/1607/2234 2313/1616/2235 2326/1626/2237
f 2305/1607/2234 2326/1626/2237 2302/1608/2200
f 2292/1604/2178 2287/1600/2215 2286/1598/2184
f 2277/1592/2188 2290/1603/2185 2278/1593/2182
f 2284/1597/2213 2239/1573/2211 2240/1574/2179
f 2284/1597/2213 2244/1578/2209 2239/1573/2211
f 2219/1545/2198 2264/1548/2234 2220/1559/2199
f 2220/1559/2199 2264/1548/2234 2221/1554/2200
f 2253/1569/2224 2254/1575/2225 2259/1584/2228
f 2242/1576/2218 2251/1583/2222 2231/1568/2210
f 2229/1566/2208 2231/1568/2210 2251/1583/2222
f 2206/1550/2184 2237/1571/2215 2204/1547/2181
f 2221/1554/2200 2213/1558/2192 2212/1556/2190
f 2203/1548/2182 2199/1545/2178 2214/1559/2193
usemtl マテリアル.008
f 2423/1668/2245 2494/1669/2246 2493/1670/2247
f 2425/1671/2248 2502/1672/2249 2494/1669/2246
f 2502/1672/2249 2429/1673/2250 2510/1674/2251
f 2510/1674/2251 2431/1675/2252 2518/1676/2253
f 2518/1676/2253 2433/1677/2254 2526/1678/2255
f 2433/1677/2254 2534/1679/2256 2526/1678/2255
f 2435/1680/2257 2542/1681/2258 2534/1679/2256
f 2437/1682/2259 2550/1683/2260 2542/1681/2258
f 2439/1684/2261 2558/1685/2262 2550/1683/2260
f 2441/1686/2263 2566/1687/2264 2558/1685/2262
f 2443/1688/2265 2574/1689/2266 2566/1687/2264
f 2445/1690/2267 2582/1691/2268 2574/1689/2266
f 2582/1691/2268 2449/1692/2269 2590/1693/2270
f 2449/1692/2269 2598/1694/2271 2590/1693/2270
f 2451/1695/2272 2606/1696/2273 2598/1694/2271
f 2453/1697/2274 2614/1698/2275 2606/1696/2273
f 2455/1699/2276 2622/1700/2277 2614/1698/2275
f 2457/1701/2278 2630/1702/2279 2622/1700/2277
f 2630/1702/2279 2461/1703/2280 2638/1704/2281
f 2638/1704/2281 2463/1705/2282 2646/1706/2283
f 2463/1705/2282 2654/1707/2284 2646/1706/2283
f 2465/1708/2285 2662/1709/2286 2654/1707/2284
f 2467/1710/2287 2670/1711/2288 2662/1709/2286
f 2670/1711/2288 2471/1712/2289 2678/1713/2290
f 2471/1712/2289 2686/1714/2291 2678/1713/2290
f 2686/1714/2291 2475/1715/2292 2694/1716/2293
f 2475/1715/2292 2702/1717/2294 2694/1716/2293
f 2702/1717/2294 2479/1718/2295 2710/1719/2296
f 2710/1719/2296 2481/1720/2297 2718/1721/2298
f 2718/1721/2298 2483/1722/2299 2726/1723/2300
f 2483/1722/2299 2734/1724/2301 2726/1723/2300
f 2734/1724/2301 2423/1725/2245 2493/1726/2247
f 2436/1727/2302 2452/1728/2303 2468/1729/2304
f 2741/1730/2305 2422/1731/2306 2484/1732/2307
f 2740/1733/2308 2486/1734/2309 2741/1730/2305
f 2739/1735/2310 2487/1736/2311 2740/1733/2308
f 2738/1737/2312 2488/1738/2313 2739/1735/2310
f 2737/1739/2314 2489/1740/2315 2738/1737/2312
f 2736/1741/2316 2490/1742/2317 2737/1739/2314
f 2736/1741/2316 2492/1743/2318 2491/1744/2319
f 2735/1745/2320 2493/1726/2247 2492/1743/2318
f 2482/1746/2321 2741/1730/2305 2484/1732/2307
f 2732/1747/2322 2741/1730/2305 2733/1748/2323
f 2732/1747/2322 2739/1735/2310 2740/1733/2308
f 2730/1749/2324 2739/1735/2310 2731/1750/2325
f 2729/1751/2326 2738/1737/2312 2730/1749/2324
f 2729/1751/2326 2736/1741/2316 2737/1739/2314
f 2728/1752/2327 2735/1745/2320 2736/1741/2316
f 2726/1723/2300 2735/1745/2320 2727/1753/2328
f 2480/1754/2329 2733/1748/2323 2482/1746/2321
f 2724/1755/2330 2733/1748/2323 2725/1756/2331
f 2724/1755/2330 2731/1750/2325 2732/1747/2322
f 2722/1757/2332 2731/1750/2325 2723/1758/2333
f 2721/1759/2334 2730/1749/2324 2722/1757/2332
f 2721/1759/2334 2728/1752/2327 2729/1751/2326
f 2719/1760/2335 2728/1752/2327 2720/1761/2336
f 2718/1721/2298 2727/1753/2328 2719/1760/2335
f 2717/1762/2337 2480/1754/2329 2478/1763/2338
f 2716/1764/2339 2725/1756/2331 2717/1762/2337
f 2716/1764/2339 2723/1758/2333 2724/1755/2330
f 2714/1765/2340 2723/1758/2333 2715/1766/2341
f 2713/1767/2342 2722/1757/2332 2714/1765/2340
f 2712/1768/2343 2721/1759/2334 2713/1767/2342
f 2712/1768/2343 2719/1760/2335 2720/1761/2336
f 2710/1719/2296 2719/1760/2335 2711/1769/2344
f 2709/1770/2345 2478/1763/2338 2476/1771/2346
f 2708/1772/2347 2717/1762/2337 2709/1770/2345
f 2708/1772/2347 2715/1766/2341 2716/1764/2339
f 2706/1773/2348 2715/1766/2341 2707/1774/2349
f 2705/1775/2350 2714/1765/2340 2706/1773/2348
f 2704/1776/2351 2713/1767/2342 2705/1775/2350
f 2704/1776/2351 2711/1769/2344 2712/1768/2343
f 2703/1777/2352 2710/1719/2296 2711/1769/2344
f 2474/1778/2353 2709/1770/2345 2476/1771/2346
f 2700/1779/2354 2709/1770/2345 2701/1780/2355
f 2700/1779/2354 2707/1774/2349 2708/1772/2347
f 2699/1781/2356 2706/1773/2348 2707/1774/2349
f 2697/1782/2357 2706/1773/2348 2698/1783/2358
f 2696/1784/2359 2705/1775/2350 2697/1782/2357
f 2695/1785/2360 2704/1776/2351 2696/1784/2359
f 2694/1716/2293 2703/1777/2352 2695/1785/2360
f 2472/1786/2361 2701/1780/2355 2474/1778/2353
f 2692/1787/2362 2701/1780/2355 2693/1788/2363
f 2692/1787/2362 2699/1781/2356 2700/1779/2354
f 2691/1789/2364 2698/1783/2358 2699/1781/2356
f 2689/1790/2365 2698/1783/2358 2690/1791/2366
f 2688/1792/2367 2697/1782/2357 2689/1790/2365
f 2688/1792/2367 2695/1785/2360 2696/1784/2359
f 2687/1793/2368 2694/1716/2293 2695/1785/2360
f 2685/1794/2369 2472/1786/2361 2470/1795/2370
f 2684/1796/2371 2693/1788/2363 2685/1794/2369
f 2684/1796/2371 2691/1789/2364 2692/1787/2362
f 2682/1797/2372 2691/1789/2364 2683/1798/2373
f 2681/1799/2374 2690/1791/2366 2682/1797/2372
f 2680/1800/2375 2689/1790/2365 2681/1799/2374
f 2679/1801/2376 2688/1792/2367 2680/1800/2375
f 2678/1713/2290 2687/1793/2368 2679/1801/2376
f 2677/1802/2377 2470/1795/2370 2468/1803/2304
f 2676/1804/2378 2685/1794/2369 2677/1802/2377
f 2676/1804/2378 2683/1798/2373 2684/1796/2371
f 2674/1805/2379 2683/1798/2373 2675/1806/2380
f 2673/1807/2381 2682/1797/2372 2674/1805/2379
f 2673/1807/2381 2680/1800/2375 2681/1799/2374
f 2671/1808/2382 2680/1800/2375 2672/1809/2383
f 2670/1711/2288 2679/1801/2376 2671/1808/2382
f 2669/1810/2384 2468/1803/2304 2466/1811/2385
f 2669/1810/2384 2676/1804/2378 2677/1802/2377
f 2668/1812/2386 2675/1806/2380 2676/1804/2378
f 2666/1813/2387 2675/1806/2380 2667/1814/2388
f 2665/1815/2389 2674/1805/2379 2666/1813/2387
f 2664/1816/2390 2673/1807/2381 2665/1815/2389
f 2663/1817/2391 2672/1809/2383 2664/1816/2390
f 2662/1709/2286 2671/1808/2382 2663/1817/2391
f 2464/1818/2392 2669/1810/2384 2466/1811/2385
f 2660/1819/2393 2669/1810/2384 2661/1820/2394
f 2660/1819/2393 2667/1814/2388 2668/1812/2386
f 2658/1821/2395 2667/1814/2388 2659/1822/2396
f 2657/1823/2397 2666/1813/2387 2658/1821/2395
f 2656/1824/2398 2665/1815/2389 2657/1823/2397
f 2656/1824/2398 2663/1817/2391 2664/1816/2390
f 2655/1825/2399 2662/1709/2286 2663/1817/2391
f 2462/1826/2400 2661/1820/2394 2464/1818/2392
f 2652/1827/2401 2661/1820/2394 2653/1828/2402
f 2652/1827/2401 2659/1822/2396 2660/1819/2393
f 2650/1829/2403 2659/1822/2396 2651/1830/2404
f 2649/1831/2405 2658/1821/2395 2650/1829/2403
f 2648/1832/2406 2657/1823/2397 2649/1831/2405
f 2647/1833/2407 2656/1824/2398 2648/1832/2406
f 2647/1833/2407 2654/1707/2284 2655/1825/2399
f 2460/1834/2408 2653/1828/2402 2462/1826/2400
f 2644/1835/2409 2653/1828/2402 2645/1836/2410
f 2644/1835/2409 2651/1830/2404 2652/1827/2401
f 2642/1837/2411 2651/1830/2404 2643/1838/2412
f 2641/1839/2413 2650/1829/2403 2642/1837/2411
f 2640/1840/2414 2649/1831/2405 2641/1839/2413
f 2639/1841/2415 2648/1832/2406 2640/1840/2414
f 2638/1704/2281 2647/1833/2407 2639/1841/2415
f 2458/1842/2416 2645/1836/2410 2460/1834/2408
f 2637/1843/2417 2644/1835/2409 2645/1836/2410
f 2636/1844/2418 2643/1838/2412 2644/1835/2409
f 2635/1845/2419 2642/1837/2411 2643/1838/2412
f 2634/1846/2420 2641/1839/2413 2642/1837/2411
f 2633/1847/2421 2640/1840/2414 2641/1839/2413
f 2631/1848/2422 2640/1840/2414 2632/1849/2423
f 2630/1702/2279 2639/1841/2415 2631/1848/2422
f 2456/1850/2424 2637/1843/2417 2458/1842/2416
f 2629/1851/2425 2636/1844/2418 2637/1843/2417
f 2627/1852/2426 2636/1844/2418 2628/1853/2427
f 2619/1854/2428 2934/1855/2429 2935/1854/2430
f 2626/1856/2431 2633/1847/2421 2634/1846/2420
f 2625/1857/2432 2632/1849/2423 2633/1847/2421
f 2624/1858/2433 2631/1848/2422 2632/1849/2423
f 2622/1700/2277 2631/1848/2422 2623/1859/2434
f 2621/1860/2435 2456/1850/2424 2454/1861/2436
f 2620/1862/2437 2629/1851/2425 2621/1860/2435
f 2620/1862/2437 2627/1852/2426 2628/1853/2427
f 2618/1855/2438 2936/1856/2439 2934/1855/2429
f 2617/1863/2440 2626/1856/2431 2618/1855/2438
f 2616/1864/2441 2625/1857/2432 2617/1863/2440
f 2615/1865/2442 2624/1858/2433 2616/1864/2441
f 2614/1698/2275 2623/1859/2434 2615/1865/2442
f 2452/1866/2303 2621/1860/2435 2454/1861/2436
f 2612/1867/2443 2621/1860/2435 2613/1868/2444
f 2611/1869/2445 2620/1862/2437 2612/1867/2443
f 2611/1869/2445 2618/1855/2438 2619/1854/2428
f 2610/1870/2446 2617/1863/2440 2618/1855/2438
f 2609/1871/2447 2616/1864/2441 2617/1863/2440
f 2607/1872/2448 2616/1864/2441 2608/1873/2449
f 2607/1872/2448 2614/1698/2275 2615/1865/2442
f 2605/1874/2450 2452/1866/2303 2450/1875/2451
f 2605/1874/2450 2612/1867/2443 2613/1868/2444
f 2603/1876/2452 2612/1867/2443 2604/1877/2453
f 2602/1878/2454 2611/1869/2445 2603/1876/2452
f 2601/1879/2455 2610/1870/2446 2602/1878/2454
f 2601/1879/2455 2608/1873/2449 2609/1871/2447
f 2599/1880/2456 2608/1873/2449 2600/1881/2457
f 2599/1880/2456 2606/1696/2273 2607/1872/2448
f 2597/1882/2458 2450/1875/2451 2448/1883/2459
f 2597/1882/2458 2604/1877/2453 2605/1874/2450
f 2595/1884/2460 2604/1877/2453 2596/1885/2461
f 2594/1886/2462 2603/1876/2452 2595/1884/2460
f 2593/1887/2463 2602/1878/2454 2594/1886/2462
f 2593/1887/2463 2600/1881/2457 2601/1879/2455
f 2591/1888/2464 2600/1881/2457 2592/1889/2465
f 2590/1693/2270 2599/1880/2456 2591/1888/2464
f 2589/1890/2466 2448/1883/2459 2446/1891/2467
f 2589/1890/2466 2596/1885/2461 2597/1882/2458
f 2588/1892/2468 2595/1884/2460 2596/1885/2461
f 2586/1893/2469 2595/1884/2460 2587/1894/2470
f 2585/1895/2471 2594/1886/2462 2586/1893/2469
f 2585/1895/2471 2592/1889/2465 2593/1887/2463
f 2584/1896/2472 2591/1888/2464 2592/1889/2465
f 2583/1897/2473 2590/1693/2270 2591/1888/2464
f 2581/1898/2474 2446/1891/2467 2444/1899/2475
f 2580/1900/2476 2589/1890/2466 2581/1898/2474
f 2579/1901/2477 2588/1892/2468 2580/1900/2476
f 2578/1902/2478 2587/1894/2470 2579/1901/2477
f 2577/1903/2479 2586/1893/2469 2578/1902/2478
f 2576/1904/2480 2585/1895/2471 2577/1903/2479
f 2576/1904/2480 2583/1897/2473 2584/1896/2472
f 2575/1905/2481 2582/1691/2268 2583/1897/2473
f 2442/1906/2482 2581/1898/2474 2444/1899/2475
f 2573/1907/2483 2580/1900/2476 2581/1898/2474
f 2571/1908/2484 2580/1900/2476 2572/1909/2485
f 2570/1910/2486 2579/1901/2477 2571/1908/2484
f 2569/1911/2487 2578/1902/2478 2570/1910/2486
f 2568/1912/2488 2577/1903/2479 2569/1911/2487
f 2567/1913/2489 2576/1904/2480 2568/1912/2488
f 2567/1913/2489 2574/1689/2266 2575/1905/2481
f 2565/1914/2490 2442/1906/2482 2440/1915/2491
f 2565/1914/2490 2572/1909/2485 2573/1907/2483
f 2563/1916/2492 2572/1909/2485 2564/1917/2493
f 2563/1916/2492 2570/1910/2486 2571/1908/2484
f 2561/1918/2494 2570/1910/2486 2562/1919/2495
f 2560/1920/2496 2569/1911/2487 2561/1918/2494
f 2560/1920/2496 2567/1913/2489 2568/1912/2488
f 2559/1921/2497 2566/1687/2264 2567/1913/2489
f 2438/1922/2498 2565/1914/2490 2440/1915/2491
f 2557/1923/2499 2564/1917/2493 2565/1914/2490
f 2555/1924/2500 2564/1917/2493 2556/1925/2501
f 2554/1926/2502 2563/1916/2492 2555/1924/2500
f 2553/1927/2503 2562/1919/2495 2554/1926/2502
f 2553/1927/2503 2560/1920/2496 2561/1918/2494
f 2552/1928/2504 2559/1921/2497 2560/1920/2496
f 2550/1683/2260 2559/1921/2497 2551/1929/2505
f 2549/1930/2506 2438/1922/2498 2436/1931/2302
f 2549/1930/2506 2556/1925/2501 2557/1923/2499
f 2547/1932/2507 2556/1925/2501 2548/1933/2508
f 2546/1934/2509 2555/1924/2500 2547/1932/2507
f 2545/1935/2510 2554/1926/2502 2546/1934/2509
f 2545/1935/2510 2552/1928/2504 2553/1927/2503
f 2544/1936/2511 2551/1929/2505 2552/1928/2504
f 2543/1937/2512 2550/1683/2260 2551/1929/2505
f 2434/1938/2513 2549/1930/2506 2436/1931/2302
f 2541/1939/2514 2548/1933/2508 2549/1930/2506
f 2539/1940/2515 2548/1933/2508 2540/1941/2516
f 2538/1942/2517 2547/1932/2507 2539/1940/2515
f 2537/1943/2518 2546/1934/2509 2538/1942/2517
f 2537/1943/2518 2544/1936/2511 2545/1935/2510
f 2535/1944/2519 2544/1936/2511 2536/1945/2520
f 2535/1944/2519 2542/1681/2258 2543/1937/2512
f 2533/1946/2521 2434/1938/2513 2432/1947/2522
f 2533/1946/2521 2540/1941/2516 2541/1939/2514
f 2531/1948/2523 2540/1941/2516 2532/1949/2524
f 2530/1950/2525 2539/1940/2515 2531/1948/2523
f 2529/1951/2526 2538/1942/2517 2530/1950/2525
f 2529/1951/2526 2536/1945/2520 2537/1943/2518
f 2527/1952/2527 2536/1945/2520 2528/1953/2528
f 2527/1952/2527 2534/1679/2256 2535/1944/2519
f 2525/1954/2529 2432/1947/2522 2430/1955/2530
f 2525/1954/2529 2532/1949/2524 2533/1946/2521
f 2524/1956/2531 2531/1948/2523 2532/1949/2524
f 2522/1957/2532 2531/1948/2523 2523/1958/2533
f 2521/1959/2534 2530/1950/2525 2522/1957/2532
f 2520/1960/2535 2529/1951/2526 2521/1959/2534
f 2519/1961/2536 2528/1953/2528 2520/1960/2535
f 2519/1961/2536 2526/1678/2255 2527/1952/2527
f 2428/1962/2537 2525/1954/2529 2430/1955/2530
f 2516/1963/2538 2525/1954/2529 2517/1964/2539
f 2516/1963/2538 2523/1958/2533 2524/1956/2531
f 2514/1965/2540 2523/1958/2533 2515/1966/2541
f 2513/1967/2542 2522/1957/2532 2514/1965/2540
f 2512/1968/2543 2521/1959/2534 2513/1967/2542
f 2511/1969/2544 2520/1960/2535 2512/1968/2543
f 2510/1674/2251 2519/1961/2536 2511/1969/2544
f 2426/1970/2545 2517/1964/2539 2428/1962/2537
f 2509/1971/2546 2516/1963/2538 2517/1964/2539
f 2508/1972/2547 2515/1966/2541 2516/1963/2538
f 2506/1973/2548 2515/1966/2541 2507/1974/2549
f 2505/1975/2550 2514/1965/2540 2506/1973/2548
f 2505/1975/2550 2512/1968/2543 2513/1967/2542
f 2504/1976/2551 2511/1969/2544 2512/1968/2543
f 2502/1672/2249 2511/1969/2544 2503/1977/2552
f 2501/1978/2553 2426/1970/2545 2424/1979/2554
f 2500/1980/2555 2509/1971/2546 2501/1978/2553
f 2499/1981/2556 2508/1972/2547 2500/1980/2555
f 2498/1982/2557 2507/1974/2549 2499/1981/2556
f 2497/1983/2558 2506/1973/2548 2498/1982/2557
f 2497/1983/2558 2504/1976/2551 2505/1975/2550
f 2496/1984/2559 2503/1977/2552 2504/1976/2551
f 2494/1669/2246 2503/1977/2552 2495/1985/2560
f 2486/1986/2309 2424/1979/2554 2422/1987/2306
f 2486/1986/2309 2500/1980/2555 2501/1978/2553
f 2487/1988/2311 2499/1981/2556 2500/1980/2555
f 2489/1989/2315 2499/1981/2556 2488/1990/2313
f 2489/1989/2315 2497/1983/2558 2498/1982/2557
f 2490/1991/2317 2496/1984/2559 2497/1983/2558
f 2492/1992/2318 2496/1984/2559 2491/1993/2319
f 2493/1670/2247 2495/1985/2560 2492/1992/2318
f 2790/1994/2561 2855/1995/2562 2862/1994/2563
f 2477/1996/2564 2766/1718/2565 2479/1718/2295
f 2933/1997/2566 2807/1718/2567 2908/1998/2568
f 2459/1999/2569 2762/1703/2570 2461/1703/2280
f 2932/2000/2571 2809/1703/2572 2907/2001/2573
f 2441/1686/2263 2758/1688/2574 2443/1688/2265
f 2931/1686/2575 2811/1688/2576 2906/2002/2577
f 2485/2003/2578 2804/1725/2579 2423/1725/2245
f 2930/2003/2580 2813/1725/2581 2909/1725/2582
f 2425/1671/2248 2804/1668/2579 2754/2004/2583
f 2905/2005/2584 2813/1668/2581 2814/2004/2585
f 2467/1710/2287 2750/2006/2586 2469/2006/2587
f 2929/1710/2588 2816/2006/2589 2904/2007/2590
f 2449/1692/2269 2746/1695/2591 2451/1695/2272
f 2928/1692/2592 2818/2008/2593 2903/2009/2594
f 2431/1675/2252 2742/2010/2595 2433/1677/2254
f 2927/1675/2596 2820/1677/2597 2902/2011/2598
f 2477/1996/2564 2789/1715/2599 2803/2012/2600
f 2933/1997/2566 2821/1715/2601 2806/2012/2602
f 2457/1701/2278 2801/1999/2603 2459/1999/2569
f 2925/1701/2604 2808/1999/2605 2932/2000/2571
f 2439/1684/2261 2799/2013/2606 2441/1686/2263
f 2924/1684/2607 2810/1686/2608 2931/1686/2575
f 2483/1722/2299 2797/2003/2609 2485/2003/2578
f 2923/1722/2610 2812/2003/2611 2930/2003/2580
f 2467/1710/2287 2781/1708/2612 2795/1710/2613
f 2922/2014/2614 2815/1710/2615 2929/1710/2588
f 2447/2015/2616 2793/1692/2617 2449/1692/2269
f 2921/2015/2618 2817/1692/2619 2928/1692/2592
f 2429/1673/2250 2791/2016/2620 2431/1675/2252
f 2920/1673/2621 2819/1675/2622 2927/1675/2596
f 2475/1715/2292 2775/2017/2623 2789/1715/2599
f 2926/1715/2624 2828/2017/2625 2821/1715/2601
f 2457/1701/2278 2773/1699/2626 2787/1701/2627
f 2925/1701/2604 2829/1699/2628 2822/2018/2629
f 2437/1682/2259 2785/1684/2630 2439/1684/2261
f 2924/1684/2607 2830/1682/2631 2823/1684/2632
f 2483/1722/2299 2769/1720/2633 2783/1722/2634
f 2916/1720/2635 2824/1722/2636 2923/1722/2610
f 2465/1708/2285 2765/1705/2637 2781/1708/2612
f 2922/2014/2614 2832/1705/2638 2825/1708/2639
f 2445/1690/2267 2779/2015/2640 2447/2015/2616
f 2914/1690/2641 2826/2015/2642 2921/2015/2618
f 2427/2019/2643 2777/1673/2644 2429/1673/2250
f 2920/1673/2621 2834/2019/2645 2827/1673/2646
f 2473/2017/2647 2753/1712/2648 2775/2017/2623
f 2912/1712/2649 2828/2017/2625 2919/2017/2650
f 2453/1697/2274 2773/1699/2626 2455/1699/2276
f 2911/2020/2651 2829/1699/2628 2918/2021/2652
f 2435/1680/2257 2771/1682/2653 2437/1682/2259
f 2917/1682/2654 2837/1680/2655 2830/1682/2631
f 2481/1720/2297 2766/1718/2565 2769/1720/2633
f 2916/1720/2635 2807/1718/2567 2831/1720/2656
f 2463/1705/2282 2762/1703/2570 2765/1705/2637
f 2915/1705/2657 2809/1703/2572 2832/1705/2638
f 2443/1688/2265 2761/1690/2658 2445/1690/2267
f 2914/1690/2641 2811/1688/2576 2833/1690/2659
f 2427/2019/2643 2754/2004/2583 2757/2019/2660
f 2913/2022/2661 2814/2004/2585 2834/2019/2645
f 2471/1712/2289 2750/2006/2586 2753/1712/2648
f 2912/1712/2649 2816/2006/2589 2835/1712/2662
f 2453/1697/2274 2746/1695/2591 2749/1697/2663
f 2911/2020/2651 2818/2008/2593 2836/1697/2664
f 2435/1680/2257 2742/2010/2595 2745/2023/2665
f 2910/1680/2666 2820/1677/2597 2837/1680/2655
f 2802/2024/2667 2807/1718/2567 2806/2012/2602
f 2800/2025/2668 2809/1703/2572 2808/1999/2605
f 2759/2026/2669 2810/1686/2608 2798/2027/2670
f 2805/2028/2671 2812/2003/2611 2796/2029/2672
f 2805/2028/2671 2814/2004/2585 2813/1725/2581
f 2794/2030/2673 2816/2006/2589 2815/1710/2615
f 2747/2031/2674 2817/1692/2619 2792/2032/2675
f 2790/1994/2561 2820/1677/2597 2819/1675/2622
f 2802/2024/2667 2821/1715/2601 2788/2033/2676
f 2800/2025/2668 2822/2018/2629 2786/2034/2677
f 2798/2027/2670 2823/1684/2632 2784/2035/2678
f 2796/2029/2672 2824/1722/2636 2782/2036/2679
f 2794/2030/2673 2825/1708/2639 2780/2037/2680
f 2792/2032/2675 2826/2015/2642 2778/2038/2681
f 2776/1995/2682 2819/1675/2622 2827/1673/2646
f 2788/2033/2676 2828/2017/2625 2774/2039/2683
f 2772/2040/2684 2822/2018/2629 2829/1699/2628
f 2770/2041/2685 2823/1684/2632 2830/1682/2631
f 2768/2042/2686 2824/1722/2636 2831/1720/2656
f 2764/2043/2687 2825/1708/2639 2832/1705/2638
f 2760/2044/2688 2826/2015/2642 2833/1690/2659
f 2756/2045/2689 2827/1673/2646 2834/2019/2645
f 2774/2039/2683 2835/1712/2662 2752/2046/2690
f 2772/2040/2684 2836/1697/2664 2748/2047/2691
f 2770/2041/2685 2837/1680/2655 2744/2048/2692
f 2767/2049/2693 2831/1720/2656 2807/1718/2567
f 2764/2043/2687 2809/1703/2572 2763/2050/2694
f 2759/2026/2669 2833/1690/2659 2811/1688/2576
f 2756/2045/2689 2814/2004/2585 2755/2051/2695
f 2751/2052/2696 2835/1712/2662 2816/2006/2589
f 2747/2031/2674 2836/1697/2664 2818/2008/2593
f 2743/2053/2697 2837/1680/2655 2820/1677/2597
f 2845/2045/2698 2861/2033/2699 2867/2025/2700
f 2800/2025/2668 2848/2050/2701 2763/2050/2694
f 2755/2051/2695 2845/2045/2698 2756/2045/2689
f 2774/2039/2683 2861/2033/2699 2788/2033/2676
f 2759/2026/2669 2866/2027/2702 2846/2026/2703
f 2751/2052/2696 2843/2046/2704 2752/2046/2690
f 2772/2040/2684 2860/2034/2705 2786/2034/2677
f 2796/2029/2672 2869/2028/2706 2805/2028/2671
f 2748/2047/2691 2840/2031/2707 2841/2047/2708
f 2784/2035/2678 2852/2041/2709 2859/2035/2710
f 2805/2028/2671 2844/2051/2711 2755/2051/2695
f 2744/2048/2692 2838/2053/2712 2839/2048/2713
f 2768/2042/2686 2858/2036/2714 2782/2036/2679
f 2794/2030/2673 2842/2052/2715 2751/2052/2696
f 2764/2043/2687 2857/2037/2716 2780/2037/2680
f 2747/2031/2674 2863/2032/2717 2840/2031/2707
f 2778/2038/2681 2847/2044/2718 2856/2038/2719
f 2743/2053/2697 2862/1994/2563 2838/2053/2712
f 2756/2045/2689 2855/1995/2562 2776/1995/2682
f 2788/2033/2676 2868/2024/2720 2802/2024/2667
f 2752/2046/2690 2854/2039/2721 2774/2039/2683
f 2786/2034/2677 2867/2025/2700 2800/2025/2668
f 2748/2047/2691 2853/2040/2722 2772/2040/2684
f 2798/2027/2670 2859/2035/2710 2866/2027/2702
f 2770/2041/2685 2839/2048/2713 2852/2041/2709
f 2782/2036/2679 2865/2029/2723 2796/2029/2672
f 2767/2049/2693 2851/2042/2724 2768/2042/2686
f 2780/2037/2680 2864/2030/2725 2794/2030/2673
f 2763/2050/2694 2849/2043/2726 2764/2043/2687
f 2792/2032/2675 2856/2038/2719 2863/2032/2717
f 2802/2024/2667 2850/2049/2727 2767/2049/2693
f 2760/2044/2688 2846/2026/2703 2847/2044/2718
f 2745/2023/2665 2870/2054/2728 2871/2055/2729
f 2749/1697/2663 2872/1695/2730 2873/1697/2731
f 2753/1712/2648 2874/2006/2732 2875/2056/2733
f 2757/2019/2660 2876/2004/2734 2877/2019/2735
f 2761/1690/2658 2878/1688/2736 2879/2057/2737
f 2765/1705/2637 2880/1703/2738 2881/2058/2739
f 2769/1720/2633 2882/1718/2740 2883/1720/2741
f 2745/2023/2665 2884/1682/2742 2771/1682/2653
f 2749/1697/2663 2885/1699/2743 2773/1699/2626
f 2753/1712/2648 2886/2017/2744 2775/2017/2623
f 2757/2019/2660 2887/1673/2745 2777/1673/2644
f 2761/1690/2658 2888/2015/2746 2779/2015/2640
f 2765/1705/2637 2889/1708/2747 2781/1708/2612
f 2769/1720/2633 2890/1722/2748 2783/1722/2634
f 2771/1682/2653 2891/1684/2749 2785/1684/2630
f 2773/1699/2626 2892/1701/2750 2787/1701/2627
f 2775/2017/2623 2893/1715/2751 2789/1715/2599
f 2777/1673/2644 2894/2016/2752 2791/2016/2620
f 2779/2015/2640 2895/1692/2753 2793/1692/2617
f 2781/1708/2612 2896/1710/2754 2795/1710/2613
f 2783/1722/2634 2897/2059/2755 2797/2003/2609
f 2785/1684/2630 2898/1686/2756 2799/2013/2606
f 2787/1701/2627 2899/1999/2757 2801/1999/2603
f 2789/1715/2599 2900/1996/2758 2803/2012/2600
f 2791/2016/2620 2870/2054/2728 2742/2010/2595
f 2793/1692/2617 2872/1695/2730 2746/1695/2591
f 2795/1710/2613 2874/2006/2732 2750/2006/2586
f 2804/1668/2579 2876/2004/2734 2754/2004/2583
f 2797/2003/2609 2901/1725/2759 2804/1725/2579
f 2799/2013/2606 2878/1688/2736 2758/1688/2574
f 2801/1999/2603 2880/1703/2738 2762/1703/2570
f 2803/2012/2600 2882/1718/2740 2766/1718/2565
f 2870/2054/2728 2910/1680/2666 2871/2055/2729
f 2873/1697/2731 2903/2009/2594 2911/2020/2651
f 2875/2056/2733 2904/2007/2590 2912/1712/2649
f 2877/2019/2735 2905/2005/2584 2913/2022/2661
f 2878/1688/2736 2914/1690/2641 2879/2057/2737
f 2881/2058/2739 2907/2001/2573 2915/1705/2657
f 2883/1720/2741 2908/1998/2568 2916/1720/2635
f 2871/2055/2729 2917/1682/2654 2884/1682/2742
f 2885/1699/2743 2911/2020/2651 2918/2021/2652
f 2886/2017/2744 2912/1712/2649 2919/2017/2650
f 2877/2019/2735 2920/1673/2621 2887/1673/2745
f 2879/2057/2737 2921/2015/2618 2888/2015/2746
f 2889/1708/2747 2915/1705/2657 2922/2014/2614
f 2890/1722/2748 2916/1720/2635 2923/1722/2610
f 2884/1682/2742 2924/1684/2607 2891/1684/2749
f 2885/1699/2743 2925/1701/2604 2892/1701/2750
f 2893/1715/2751 2919/2017/2650 2926/1715/2624
f 2887/1673/2745 2927/1675/2596 2894/2016/2752
f 2888/2015/2746 2928/1692/2592 2895/1692/2753
f 2896/1710/2754 2922/2014/2614 2929/1710/2588
f 2897/2059/2755 2923/1722/2610 2930/2003/2580
f 2891/1684/2749 2931/1686/2575 2898/1686/2756
f 2899/1999/2757 2925/1701/2604 2932/2000/2571
f 2900/1996/2758 2926/1715/2624 2933/1997/2566
f 2894/2016/2752 2902/2011/2598 2870/2054/2728
f 2895/1692/2753 2903/2009/2594 2872/1695/2730
f 2874/2006/2732 2929/1710/2588 2904/2007/2590
f 2876/2004/2734 2909/1668/2582 2905/2005/2584
f 2897/2059/2755 2909/1725/2582 2901/1725/2759
f 2898/1686/2756 2906/2002/2577 2878/1688/2736
f 2880/1703/2738 2932/2000/2571 2907/2001/2573
f 2882/1718/2740 2933/1997/2566 2908/1998/2568
f 2936/1856/2439 2939/1845/2760 2937/1852/2761
f 2934/1855/2429 2937/1852/2761 2935/1854/2430
f 2634/1846/2420 2936/1856/2439 2626/1856/2431
f 2634/1846/2420 2939/1845/2760 2938/1846/2762
f 2619/1854/2428 2937/1852/2761 2627/1852/2426
f 2635/1845/2419 2937/1852/2761 2939/1845/2760
f 2423/1668/2245 2425/1671/2248 2494/1669/2246
f 2425/1671/2248 2427/2019/2643 2502/1672/2249
f 2502/1672/2249 2427/2019/2643 2429/1673/2250
f 2510/1674/2251 2429/1673/2250 2431/1675/2252
f 2518/1676/2253 2431/1675/2252 2433/1677/2254
f 2433/1677/2254 2435/1680/2257 2534/1679/2256
f 2435/1680/2257 2437/1682/2259 2542/1681/2258
f 2437/1682/2259 2439/1684/2261 2550/1683/2260
f 2439/1684/2261 2441/1686/2263 2558/1685/2262
f 2441/1686/2263 2443/1688/2265 2566/1687/2264
f 2443/1688/2265 2445/1690/2267 2574/1689/2266
f 2445/1690/2267 2447/2015/2616 2582/1691/2268
f 2582/1691/2268 2447/2015/2616 2449/1692/2269
f 2449/1692/2269 2451/1695/2272 2598/1694/2271
f 2451/1695/2272 2453/1697/2274 2606/1696/2273
f 2453/1697/2274 2455/1699/2276 2614/1698/2275
f 2455/1699/2276 2457/1701/2278 2622/1700/2277
f 2457/1701/2278 2459/1999/2569 2630/1702/2279
f 2630/1702/2279 2459/1999/2569 2461/1703/2280
f 2638/1704/2281 2461/1703/2280 2463/1705/2282
f 2463/1705/2282 2465/1708/2285 2654/1707/2284
f 2465/1708/2285 2467/1710/2287 2662/1709/2286
f 2467/1710/2287 2469/2006/2587 2670/1711/2288
f 2670/1711/2288 2469/2006/2587 2471/1712/2289
f 2471/1712/2289 2473/2017/2647 2686/1714/2291
f 2686/1714/2291 2473/2017/2647 2475/1715/2292
f 2475/1715/2292 2477/1996/2564 2702/1717/2294
f 2702/1717/2294 2477/1996/2564 2479/1718/2295
f 2710/1719/2296 2479/1718/2295 2481/1720/2297
f 2718/1721/2298 2481/1720/2297 2483/1722/2299
f 2483/1722/2299 2485/2003/2578 2734/1724/2301
f 2734/1724/2301 2485/2003/2578 2423/1725/2245
f 2484/2284/2307 2422/2285/2306 2428/2286/2537
f 2422/2285/2306 2424/2287/2554 2428/2286/2537
f 2424/2287/2554 2426/2288/2545 2428/2286/2537
f 2428/2286/2537 2430/2289/2530 2436/1727/2302
f 2430/2289/2530 2432/2290/2522 2436/1727/2302
f 2432/2290/2522 2434/2291/2513 2436/1727/2302
f 2436/1727/2302 2438/2292/2498 2440/2293/2491
f 2440/2293/2491 2442/2294/2482 2436/1727/2302
f 2442/2294/2482 2444/2295/2475 2436/1727/2302
f 2444/2295/2475 2446/2296/2467 2452/1728/2303
f 2446/2296/2467 2448/2297/2459 2452/1728/2303
f 2448/2297/2459 2450/2298/2451 2452/1728/2303
f 2452/1728/2303 2454/2299/2436 2460/2300/2408
f 2454/2299/2436 2456/2301/2424 2460/2300/2408
f 2456/2301/2424 2458/2302/2416 2460/2300/2408
f 2460/2300/2408 2462/2303/2400 2464/2304/2392
f 2464/2304/2392 2466/2305/2385 2468/1729/2304
f 2468/1729/2304 2470/2306/2370 2472/2307/2361
f 2472/2307/2361 2474/2308/2353 2476/2309/2346
f 2476/2309/2346 2478/2310/2338 2484/2284/2307
f 2478/2310/2338 2480/2311/2329 2484/2284/2307
f 2480/2311/2329 2482/2312/2321 2484/2284/2307
f 2460/2300/2408 2464/2304/2392 2452/1728/2303
f 2464/2304/2392 2468/1729/2304 2452/1728/2303
f 2468/1729/2304 2472/2307/2361 2476/2309/2346
f 2484/2284/2307 2428/2286/2537 2436/1727/2302
f 2436/1727/2302 2444/2295/2475 2452/1728/2303
f 2468/1729/2304 2476/2309/2346 2484/2284/2307
f 2484/2284/2307 2436/1727/2302 2468/1729/2304
f 2741/1730/2305 2486/1734/2309 2422/1731/2306
f 2740/1733/2308 2487/1736/2311 2486/1734/2309
f 2739/1735/2310 2488/1738/2313 2487/1736/2311
f 2738/1737/2312 2489/1740/2315 2488/1738/2313
f 2737/1739/2314 2490/1742/2317 2489/1740/2315
f 2736/1741/2316 2491/1744/2319 2490/1742/2317
f 2736/1741/2316 2735/1745/2320 2492/1743/2318
f 2735/1745/2320 2734/1724/2301 2493/1726/2247
f 2482/1746/2321 2733/1748/2323 2741/1730/2305
f 2732/1747/2322 2740/1733/2308 2741/1730/2305
f 2732/1747/2322 2731/1750/2325 2739/1735/2310
f 2730/1749/2324 2738/1737/2312 2739/1735/2310
f 2729/1751/2326 2737/1739/2314 2738/1737/2312
f 2729/1751/2326 2728/1752/2327 2736/1741/2316
f 2728/1752/2327 2727/1753/2328 2735/1745/2320
f 2726/1723/2300 2734/1724/2301 2735/1745/2320
f 2480/1754/2329 2725/1756/2331 2733/1748/2323
f 2724/1755/2330 2732/1747/2322 2733/1748/2323
f 2724/1755/2330 2723/1758/2333 2731/1750/2325
f 2722/1757/2332 2730/1749/2324 2731/1750/2325
f 2721/1759/2334 2729/1751/2326 2730/1749/2324
f 2721/1759/2334 2720/1761/2336 2728/1752/2327
f 2719/1760/2335 2727/1753/2328 2728/1752/2327
f 2718/1721/2298 2726/1723/2300 2727/1753/2328
f 2717/1762/2337 2725/1756/2331 2480/1754/2329
f 2716/1764/2339 2724/1755/2330 2725/1756/2331
f 2716/1764/2339 2715/1766/2341 2723/1758/2333
f 2714/1765/2340 2722/1757/2332 2723/1758/2333
f 2713/1767/2342 2721/1759/2334 2722/1757/2332
f 2712/1768/2343 2720/1761/2336 2721/1759/2334
f 2712/1768/2343 2711/1769/2344 2719/1760/2335
f 2710/1719/2296 2718/1721/2298 2719/1760/2335
f 2709/1770/2345 2717/1762/2337 2478/1763/2338
f 2708/1772/2347 2716/1764/2339 2717/1762/2337
f 2708/1772/2347 2707/1774/2349 2715/1766/2341
f 2706/1773/2348 2714/1765/2340 2715/1766/2341
f 2705/1775/2350 2713/1767/2342 2714/1765/2340
f 2704/1776/2351 2712/1768/2343 2713/1767/2342
f 2704/1776/2351 2703/1777/2352 2711/1769/2344
f 2703/1777/2352 2702/1717/2294 2710/1719/2296
f 2474/1778/2353 2701/1780/2355 2709/1770/2345
f 2700/1779/2354 2708/1772/2347 2709/1770/2345
f 2700/1779/2354 2699/1781/2356 2707/1774/2349
f 2699/1781/2356 2698/1783/2358 2706/1773/2348
f 2697/1782/2357 2705/1775/2350 2706/1773/2348
f 2696/1784/2359 2704/1776/2351 2705/1775/2350
f 2695/1785/2360 2703/1777/2352 2704/1776/2351
f 2694/1716/2293 2702/1717/2294 2703/1777/2352
f 2472/1786/2361 2693/1788/2363 2701/1780/2355
f 2692/1787/2362 2700/1779/2354 2701/1780/2355
f 2692/1787/2362 2691/1789/2364 2699/1781/2356
f 2691/1789/2364 2690/1791/2366 2698/1783/2358
f 2689/1790/2365 2697/1782/2357 2698/1783/2358
f 2688/1792/2367 2696/1784/2359 2697/1782/2357
f 2688/1792/2367 2687/1793/2368 2695/1785/2360
f 2687/1793/2368 2686/1714/2291 2694/1716/2293
f 2685/1794/2369 2693/1788/2363 2472/1786/2361
f 2684/1796/2371 2692/1787/2362 2693/1788/2363
f 2684/1796/2371 2683/1798/2373 2691/1789/2364
f 2682/1797/2372 2690/1791/2366 2691/1789/2364
f 2681/1799/2374 2689/1790/2365 2690/1791/2366
f 2680/1800/2375 2688/1792/2367 2689/1790/2365
f 2679/1801/2376 2687/1793/2368 2688/1792/2367
f 2678/1713/2290 2686/1714/2291 2687/1793/2368
f 2677/1802/2377 2685/1794/2369 2470/1795/2370
f 2676/1804/2378 2684/1796/2371 2685/1794/2369
f 2676/1804/2378 2675/1806/2380 2683/1798/2373
f 2674/1805/2379 2682/1797/2372 2683/1798/2373
f 2673/1807/2381 2681/1799/2374 2682/1797/2372
f 2673/1807/2381 2672/1809/2383 2680/1800/2375
f 2671/1808/2382 2679/1801/2376 2680/1800/2375
f 2670/1711/2288 2678/1713/2290 2679/1801/2376
f 2669/1810/2384 2677/1802/2377 2468/1803/2304
f 2669/1810/2384 2668/1812/2386 2676/1804/2378
f 2668/1812/2386 2667/1814/2388 2675/1806/2380
f 2666/1813/2387 2674/1805/2379 2675/1806/2380
f 2665/1815/2389 2673/1807/2381 2674/1805/2379
f 2664/1816/2390 2672/1809/2383 2673/1807/2381
f 2663/1817/2391 2671/1808/2382 2672/1809/2383
f 2662/1709/2286 2670/1711/2288 2671/1808/2382
f 2464/1818/2392 2661/1820/2394 2669/1810/2384
f 2660/1819/2393 2668/1812/2386 2669/1810/2384
f 2660/1819/2393 2659/1822/2396 2667/1814/2388
f 2658/1821/2395 2666/1813/2387 2667/1814/2388
f 2657/1823/2397 2665/1815/2389 2666/1813/2387
f 2656/1824/2398 2664/1816/2390 2665/1815/2389
f 2656/1824/2398 2655/1825/2399 2663/1817/2391
f 2655/1825/2399 2654/1707/2284 2662/1709/2286
f 2462/1826/2400 2653/1828/2402 2661/1820/2394
f 2652/1827/2401 2660/1819/2393 2661/1820/2394
f 2652/1827/2401 2651/1830/2404 2659/1822/2396
f 2650/1829/2403 2658/1821/2395 2659/1822/2396
f 2649/1831/2405 2657/1823/2397 2658/1821/2395
f 2648/1832/2406 2656/1824/2398 2657/1823/2397
f 2647/1833/2407 2655/1825/2399 2656/1824/2398
f 2647/1833/2407 2646/1706/2283 2654/1707/2284
f 2460/1834/2408 2645/1836/2410 2653/1828/2402
f 2644/1835/2409 2652/1827/2401 2653/1828/2402
f 2644/1835/2409 2643/1838/2412 2651/1830/2404
f 2642/1837/2411 2650/1829/2403 2651/1830/2404
f 2641/1839/2413 2649/1831/2405 2650/1829/2403
f 2640/1840/2414 2648/1832/2406 2649/1831/2405
f 2639/1841/2415 2647/1833/2407 2648/1832/2406
f 2638/1704/2281 2646/1706/2283 2647/1833/2407
f 2458/1842/2416 2637/1843/2417 2645/1836/2410
f 2637/1843/2417 2636/1844/2418 2644/1835/2409
f 2636/1844/2418 2635/1845/2419 2643/1838/2412
f 2635/1845/2419 2634/1846/2420 2642/1837/2411
f 2634/1846/2420 2633/1847/2421 2641/1839/2413
f 2633/1847/2421 2632/1849/2423 2640/1840/2414
f 2631/1848/2422 2639/1841/2415 2640/1840/2414
f 2630/1702/2279 2638/1704/2281 2639/1841/2415
f 2456/1850/2424 2629/1851/2425 2637/1843/2417
f 2629/1851/2425 2628/1853/2427 2636/1844/2418
f 2627/1852/2426 2635/1845/2419 2636/1844/2418
f 2619/1854/2428 2618/1855/2438 2934/1855/2429
f 2626/1856/2431 2625/1857/2432 2633/1847/2421
f 2625/1857/2432 2624/1858/2433 2632/1849/2423
f 2624/1858/2433 2623/1859/2434 2631/1848/2422
f 2622/1700/2277 2630/1702/2279 2631/1848/2422
f 2621/1860/2435 2629/1851/2425 2456/1850/2424
f 2620/1862/2437 2628/1853/2427 2629/1851/2425
f 2620/1862/2437 2619/1854/2428 2627/1852/2426
f 2618/1855/2438 2626/1856/2431 2936/1856/2439
f 2617/1863/2440 2625/1857/2432 2626/1856/2431
f 2616/1864/2441 2624/1858/2433 2625/1857/2432
f 2615/1865/2442 2623/1859/2434 2624/1858/2433
f 2614/1698/2275 2622/1700/2277 2623/1859/2434
f 2452/1866/2303 2613/1868/2444 2621/1860/2435
f 2612/1867/2443 2620/1862/2437 2621/1860/2435
f 2611/1869/2445 2619/1854/2428 2620/1862/2437
f 2611/1869/2445 2610/1870/2446 2618/1855/2438
f 2610/1870/2446 2609/1871/2447 2617/1863/2440
f 2609/1871/2447 2608/1873/2449 2616/1864/2441
f 2607/1872/2448 2615/1865/2442 2616/1864/2441
f 2607/1872/2448 2606/1696/2273 2614/1698/2275
f 2605/1874/2450 2613/1868/2444 2452/1866/2303
f 2605/1874/2450 2604/1877/2453 2612/1867/2443
f 2603/1876/2452 2611/1869/2445 2612/1867/2443
f 2602/1878/2454 2610/1870/2446 2611/1869/2445
f 2601/1879/2455 2609/1871/2447 2610/1870/2446
f 2601/1879/2455 2600/1881/2457 2608/1873/2449
f 2599/1880/2456 2607/1872/2448 2608/1873/2449
f 2599/1880/2456 2598/1694/2271 2606/1696/2273
f 2597/1882/2458 2605/1874/2450 2450/1875/2451
f 2597/1882/2458 2596/1885/2461 2604/1877/2453
f 2595/1884/2460 2603/1876/2452 2604/1877/2453
f 2594/1886/2462 2602/1878/2454 2603/1876/2452
f 2593/1887/2463 2601/1879/2455 2602/1878/2454
f 2593/1887/2463 2592/1889/2465 2600/1881/2457
f 2591/1888/2464 2599/1880/2456 2600/1881/2457
f 2590/1693/2270 2598/1694/2271 2599/1880/2456
f 2589/1890/2466 2597/1882/2458 2448/1883/2459
f 2589/1890/2466 2588/1892/2468 2596/1885/2461
f 2588/1892/2468 2587/1894/2470 2595/1884/2460
f 2586/1893/2469 2594/1886/2462 2595/1884/2460
f 2585/1895/2471 2593/1887/2463 2594/1886/2462
f 2585/1895/2471 2584/1896/2472 2592/1889/2465
f 2584/1896/2472 2583/1897/2473 2591/1888/2464
f 2583/1897/2473 2582/1691/2268 2590/1693/2270
f 2581/1898/2474 2589/1890/2466 2446/1891/2467
f 2580/1900/2476 2588/1892/2468 2589/1890/2466
f 2579/1901/2477 2587/1894/2470 2588/1892/2468
f 2578/1902/2478 2586/1893/2469 2587/1894/2470
f 2577/1903/2479 2585/1895/2471 2586/1893/2469
f 2576/1904/2480 2584/1896/2472 2585/1895/2471
f 2576/1904/2480 2575/1905/2481 2583/1897/2473
f 2575/1905/2481 2574/1689/2266 2582/1691/2268
f 2442/1906/2482 2573/1907/2483 2581/1898/2474
f 2573/1907/2483 2572/1909/2485 2580/1900/2476
f 2571/1908/2484 2579/1901/2477 2580/1900/2476
f 2570/1910/2486 2578/1902/2478 2579/1901/2477
f 2569/1911/2487 2577/1903/2479 2578/1902/2478
f 2568/1912/2488 2576/1904/2480 2577/1903/2479
f 2567/1913/2489 2575/1905/2481 2576/1904/2480
f 2567/1913/2489 2566/1687/2264 2574/1689/2266
f 2565/1914/2490 2573/1907/2483 2442/1906/2482
f 2565/1914/2490 2564/1917/2493 2572/1909/2485
f 2563/1916/2492 2571/1908/2484 2572/1909/2485
f 2563/1916/2492 2562/1919/2495 2570/1910/2486
f 2561/1918/2494 2569/1911/2487 2570/1910/2486
f 2560/1920/2496 2568/1912/2488 2569/1911/2487
f 2560/1920/2496 2559/1921/2497 2567/1913/2489
f 2559/1921/2497 2558/1685/2262 2566/1687/2264
f 2438/1922/2498 2557/1923/2499 2565/1914/2490
f 2557/1923/2499 2556/1925/2501 2564/1917/2493
f 2555/1924/2500 2563/1916/2492 2564/1917/2493
f 2554/1926/2502 2562/1919/2495 2563/1916/2492
f 2553/1927/2503 2561/1918/2494 2562/1919/2495
f 2553/1927/2503 2552/1928/2504 2560/1920/2496
f 2552/1928/2504 2551/1929/2505 2559/1921/2497
f 2550/1683/2260 2558/1685/2262 2559/1921/2497
f 2549/1930/2506 2557/1923/2499 2438/1922/2498
f 2549/1930/2506 2548/1933/2508 2556/1925/2501
f 2547/1932/2507 2555/1924/2500 2556/1925/2501
f 2546/1934/2509 2554/1926/2502 2555/1924/2500
f 2545/1935/2510 2553/1927/2503 2554/1926/2502
f 2545/1935/2510 2544/1936/2511 2552/1928/2504
f 2544/1936/2511 2543/1937/2512 2551/1929/2505
f 2543/1937/2512 2542/1681/2258 2550/1683/2260
f 2434/1938/2513 2541/1939/2514 2549/1930/2506
f 2541/1939/2514 2540/1941/2516 2548/1933/2508
f 2539/1940/2515 2547/1932/2507 2548/1933/2508
f 2538/1942/2517 2546/1934/2509 2547/1932/2507
f 2537/1943/2518 2545/1935/2510 2546/1934/2509
f 2537/1943/2518 2536/1945/2520 2544/1936/2511
f 2535/1944/2519 2543/1937/2512 2544/1936/2511
f 2535/1944/2519 2534/1679/2256 2542/1681/2258
f 2533/1946/2521 2541/1939/2514 2434/1938/2513
f 2533/1946/2521 2532/1949/2524 2540/1941/2516
f 2531/1948/2523 2539/1940/2515 2540/1941/2516
f 2530/1950/2525 2538/1942/2517 2539/1940/2515
f 2529/1951/2526 2537/1943/2518 2538/1942/2517
f 2529/1951/2526 2528/1953/2528 2536/1945/2520
f 2527/1952/2527 2535/1944/2519 2536/1945/2520
f 2527/1952/2527 2526/1678/2255 2534/1679/2256
f 2525/1954/2529 2533/1946/2521 2432/1947/2522
f 2525/1954/2529 2524/1956/2531 2532/1949/2524
f 2524/1956/2531 2523/1958/2533 2531/1948/2523
f 2522/1957/2532 2530/1950/2525 2531/1948/2523
f 2521/1959/2534 2529/1951/2526 2530/1950/2525
f 2520/1960/2535 2528/1953/2528 2529/1951/2526
f 2519/1961/2536 2527/1952/2527 2528/1953/2528
f 2519/1961/2536 2518/1676/2253 2526/1678/2255
f 2428/1962/2537 2517/1964/2539 2525/1954/2529
f 2516/1963/2538 2524/1956/2531 2525/1954/2529
f 2516/1963/2538 2515/1966/2541 2523/1958/2533
f 2514/1965/2540 2522/1957/2532 2523/1958/2533
f 2513/1967/2542 2521/1959/2534 2522/1957/2532
f 2512/1968/2543 2520/1960/2535 2521/1959/2534
f 2511/1969/2544 2519/1961/2536 2520/1960/2535
f 2510/1674/2251 2518/1676/2253 2519/1961/2536
f 2426/1970/2545 2509/1971/2546 2517/1964/2539
f 2509/1971/2546 2508/1972/2547 2516/1963/2538
f 2508/1972/2547 2507/1974/2549 2515/1966/2541
f 2506/1973/2548 2514/1965/2540 2515/1966/2541
f 2505/1975/2550 2513/1967/2542 2514/1965/2540
f 2505/1975/2550 2504/1976/2551 2512/1968/2543
f 2504/1976/2551 2503/1977/2552 2511/1969/2544
f 2502/1672/2249 2510/1674/2251 2511/1969/2544
f 2501/1978/2553 2509/1971/2546 2426/1970/2545
f 2500/1980/2555 2508/1972/2547 2509/1971/2546
f 2499/1981/2556 2507/1974/2549 2508/1972/2547
f 2498/1982/2557 2506/1973/2548 2507/1974/2549
f 2497/1983/2558 2505/1975/2550 2506/1973/2548
f 2497/1983/2558 2496/1984/2559 2504/1976/2551
f 2496/1984/2559 2495/1985/2560 2503/1977/2552
f 2494/1669/2246 2502/1672/2249 2503/1977/2552
f 2486/1986/2309 2501/1978/2553 2424/1979/2554
f 2486/1986/2309 2487/1988/2311 2500/1980/2555
f 2487/1988/2311 2488/1990/2313 2499/1981/2556
f 2489/1989/2315 2498/1982/2557 2499/1981/2556
f 2489/1989/2315 2490/1991/2317 2497/1983/2558
f 2490/1991/2317 2491/1993/2319 2496/1984/2559
f 2492/1992/2318 2495/1985/2560 2496/1984/2559
f 2493/1670/2247 2494/1669/2246 2495/1985/2560
f 2790/1994/2561 2776/1995/2682 2855/1995/2562
f 2477/1996/2564 2803/2012/2600 2766/1718/2565
f 2933/1997/2566 2806/2012/2602 2807/1718/2567
f 2459/1999/2569 2801/1999/2603 2762/1703/2570
f 2932/2000/2571 2808/1999/2605 2809/1703/2572
f 2441/1686/2263 2799/2013/2606 2758/1688/2574
f 2931/1686/2575 2810/1686/2608 2811/1688/2576
f 2485/2003/2578 2797/2003/2609 2804/1725/2579
f 2930/2003/2580 2812/2003/2611 2813/1725/2581
f 2425/1671/2248 2423/1668/2245 2804/1668/2579
f 2905/2005/2584 2909/1668/2582 2813/1668/2581
f 2467/1710/2287 2795/1710/2613 2750/2006/2586
f 2929/1710/2588 2815/1710/2615 2816/2006/2589
f 2449/1692/2269 2793/1692/2617 2746/1695/2591
f 2928/1692/2592 2817/1692/2619 2818/2008/2593
f 2431/1675/2252 2791/2016/2620 2742/2010/2595
f 2927/1675/2596 2819/1675/2622 2820/1677/2597
f 2477/1996/2564 2475/1715/2292 2789/1715/2599
f 2933/1997/2566 2926/1715/2624 2821/1715/2601
f 2457/1701/2278 2787/1701/2627 2801/1999/2603
f 2925/1701/2604 2822/2018/2629 2808/1999/2605
f 2439/1684/2261 2785/1684/2630 2799/2013/2606
f 2924/1684/2607 2823/1684/2632 2810/1686/2608
f 2483/1722/2299 2783/1722/2634 2797/2003/2609
f 2923/1722/2610 2824/1722/2636 2812/2003/2611
f 2467/1710/2287 2465/1708/2285 2781/1708/2612
f 2922/2014/2614 2825/1708/2639 2815/1710/2615
f 2447/2015/2616 2779/2015/2640 2793/1692/2617
f 2921/2015/2618 2826/2015/2642 2817/1692/2619
f 2429/1673/2250 2777/1673/2644 2791/2016/2620
f 2920/1673/2621 2827/1673/2646 2819/1675/2622
f 2475/1715/2292 2473/2017/2647 2775/2017/2623
f 2926/1715/2624 2919/2017/2650 2828/2017/2625
f 2457/1701/2278 2455/1699/2276 2773/1699/2626
f 2925/1701/2604 2918/2021/2652 2829/1699/2628
f 2437/1682/2259 2771/1682/2653 2785/1684/2630
f 2924/1684/2607 2917/1682/2654 2830/1682/2631
f 2483/1722/2299 2481/1720/2297 2769/1720/2633
f 2916/1720/2635 2831/1720/2656 2824/1722/2636
f 2465/1708/2285 2463/1705/2282 2765/1705/2637
f 2922/2014/2614 2915/1705/2657 2832/1705/2638
f 2445/1690/2267 2761/1690/2658 2779/2015/2640
f 2914/1690/2641 2833/1690/2659 2826/2015/2642
f 2427/2019/2643 2757/2019/2660 2777/1673/2644
f 2920/1673/2621 2913/2022/2661 2834/2019/2645
f 2473/2017/2647 2471/1712/2289 2753/1712/2648
f 2912/1712/2649 2835/1712/2662 2828/2017/2625
f 2453/1697/2274 2749/1697/2663 2773/1699/2626
f 2911/2020/2651 2836/1697/2664 2829/1699/2628
f 2435/1680/2257 2745/2023/2665 2771/1682/2653
f 2917/1682/2654 2910/1680/2666 2837/1680/2655
f 2481/1720/2297 2479/1718/2295 2766/1718/2565
f 2916/1720/2635 2908/1998/2568 2807/1718/2567
f 2463/1705/2282 2461/1703/2280 2762/1703/2570
f 2915/1705/2657 2907/2001/2573 2809/1703/2572
f 2443/1688/2265 2758/1688/2574 2761/1690/2658
f 2914/1690/2641 2906/2002/2577 2811/1688/2576
f 2427/2019/2643 2425/1671/2248 2754/2004/2583
f 2913/2022/2661 2905/2005/2584 2814/2004/2585
f 2471/1712/2289 2469/2006/2587 2750/2006/2586
f 2912/1712/2649 2904/2007/2590 2816/2006/2589
f 2453/1697/2274 2451/1695/2272 2746/1695/2591
f 2911/2020/2651 2903/2009/2594 2818/2008/2593
f 2435/1680/2257 2433/1677/2254 2742/2010/2595
f 2910/1680/2666 2902/2011/2598 2820/1677/2597
f 2802/2024/2667 2767/2049/2693 2807/1718/2567
f 2800/2025/2668 2763/2050/2694 2809/1703/2572
f 2759/2026/2669 2811/1688/2576 2810/1686/2608
f 2805/2028/2671 2813/1725/2581 2812/2003/2611
f 2805/2028/2671 2755/2051/2695 2814/2004/2585
f 2794/2030/2673 2751/2052/2696 2816/2006/2589
f 2747/2031/2674 2818/2008/2593 2817/1692/2619
f 2790/1994/2561 2743/2053/2697 2820/1677/2597
f 2802/2024/2667 2806/2012/2602 2821/1715/2601
f 2800/2025/2668 2808/1999/2605 2822/2018/2629
f 2798/2027/2670 2810/1686/2608 2823/1684/2632
f 2796/2029/2672 2812/2003/2611 2824/1722/2636
f 2794/2030/2673 2815/1710/2615 2825/1708/2639
f 2792/2032/2675 2817/1692/2619 2826/2015/2642
f 2776/1995/2682 2790/1994/2561 2819/1675/2622
f 2788/2033/2676 2821/1715/2601 2828/2017/2625
f 2772/2040/2684 2786/2034/2677 2822/2018/2629
f 2770/2041/2685 2784/2035/2678 2823/1684/2632
f 2768/2042/2686 2782/2036/2679 2824/1722/2636
f 2764/2043/2687 2780/2037/2680 2825/1708/2639
f 2760/2044/2688 2778/2038/2681 2826/2015/2642
f 2756/2045/2689 2776/1995/2682 2827/1673/2646
f 2774/2039/2683 2828/2017/2625 2835/1712/2662
f 2772/2040/2684 2829/1699/2628 2836/1697/2664
f 2770/2041/2685 2830/1682/2631 2837/1680/2655
f 2767/2049/2693 2768/2042/2686 2831/1720/2656
f 2764/2043/2687 2832/1705/2638 2809/1703/2572
f 2759/2026/2669 2760/2044/2688 2833/1690/2659
f 2756/2045/2689 2834/2019/2645 2814/2004/2585
f 2751/2052/2696 2752/2046/2690 2835/1712/2662
f 2747/2031/2674 2748/2047/2691 2836/1697/2664
f 2743/2053/2697 2744/2048/2692 2837/1680/2655
f 2845/2045/2698 2844/2051/2711 2869/2028/2706
f 2869/2028/2706 2865/2029/2723 2858/2036/2714
f 2858/2036/2714 2851/2042/2724 2850/2049/2727
f 2850/2049/2727 2868/2024/2720 2858/2036/2714
f 2868/2024/2720 2861/2033/2699 2858/2036/2714
f 2861/2033/2699 2854/2039/2721 2843/2046/2704
f 2843/2046/2704 2842/2052/2715 2861/2033/2699
f 2842/2052/2715 2864/2030/2725 2861/2033/2699
f 2864/2030/2725 2857/2037/2716 2867/2025/2700
f 2857/2037/2716 2849/2043/2726 2867/2025/2700
f 2849/2043/2726 2848/2050/2701 2867/2025/2700
f 2867/2025/2700 2860/2034/2705 2853/2040/2722
f 2853/2040/2722 2841/2047/2708 2867/2025/2700
f 2841/2047/2708 2840/2031/2707 2867/2025/2700
f 2840/2031/2707 2863/2032/2717 2856/2038/2719
f 2856/2038/2719 2847/2044/2718 2840/2031/2707
f 2847/2044/2718 2846/2026/2703 2840/2031/2707
f 2846/2026/2703 2866/2027/2702 2859/2035/2710
f 2859/2035/2710 2852/2041/2709 2839/2048/2713
f 2839/2048/2713 2838/2053/2712 2862/1994/2563
f 2862/1994/2563 2855/1995/2562 2845/2045/2698
f 2845/2045/2698 2869/2028/2706 2858/2036/2714
f 2846/2026/2703 2859/2035/2710 2839/2048/2713
f 2839/2048/2713 2862/1994/2563 2846/2026/2703
f 2862/1994/2563 2845/2045/2698 2846/2026/2703
f 2845/2045/2698 2858/2036/2714 2861/2033/2699
f 2861/2033/2699 2864/2030/2725 2867/2025/2700
f 2867/2025/2700 2840/2031/2707 2845/2045/2698
f 2840/2031/2707 2846/2026/2703 2845/2045/2698
f 2800/2025/2668 2867/2025/2700 2848/2050/2701
f 2755/2051/2695 2844/2051/2711 2845/2045/2698
f 2774/2039/2683 2854/2039/2721 2861/2033/2699
f 2759/2026/2669 2798/2027/2670 2866/2027/2702
f 2751/2052/2696 2842/2052/2715 2843/2046/2704
f 2772/2040/2684 2853/2040/2722 2860/2034/2705
f 2796/2029/2672 2865/2029/2723 2869/2028/2706
f 2748/2047/2691 2747/2031/2674 2840/2031/2707
f 2784/2035/2678 2770/2041/2685 2852/2041/2709
f 2805/2028/2671 2869/2028/2706 2844/2051/2711
f 2744/2048/2692 2743/2053/2697 2838/2053/2712
f 2768/2042/2686 2851/2042/2724 2858/2036/2714
f 2794/2030/2673 2864/2030/2725 2842/2052/2715
f 2764/2043/2687 2849/2043/2726 2857/2037/2716
f 2747/2031/2674 2792/2032/2675 2863/2032/2717
f 2778/2038/2681 2760/2044/2688 2847/2044/2718
f 2743/2053/2697 2790/1994/2561 2862/1994/2563
f 2756/2045/2689 2845/2045/2698 2855/1995/2562
f 2788/2033/2676 2861/2033/2699 2868/2024/2720
f 2752/2046/2690 2843/2046/2704 2854/2039/2721
f 2786/2034/2677 2860/2034/2705 2867/2025/2700
f 2748/2047/2691 2841/2047/2708 2853/2040/2722
f 2798/2027/2670 2784/2035/2678 2859/2035/2710
f 2770/2041/2685 2744/2048/2692 2839/2048/2713
f 2782/2036/2679 2858/2036/2714 2865/2029/2723
f 2767/2049/2693 2850/2049/2727 2851/2042/2724
f 2780/2037/2680 2857/2037/2716 2864/2030/2725
f 2763/2050/2694 2848/2050/2701 2849/2043/2726
f 2792/2032/2675 2778/2038/2681 2856/2038/2719
f 2802/2024/2667 2868/2024/2720 2850/2049/2727
f 2760/2044/2688 2759/2026/2669 2846/2026/2703
f 2745/2023/2665 2742/2010/2595 2870/2054/2728
f 2749/1697/2663 2746/1695/2591 2872/1695/2730
f 2753/1712/2648 2750/2006/2586 2874/2006/2732
f 2757/2019/2660 2754/2004/2583 2876/2004/2734
f 2761/1690/2658 2758/1688/2574 2878/1688/2736
f 2765/1705/2637 2762/1703/2570 2880/1703/2738
f 2769/1720/2633 2766/1718/2565 2882/1718/2740
f 2745/2023/2665 2871/2055/2729 2884/1682/2742
f 2749/1697/2663 2873/1697/2731 2885/1699/2743
f 2753/1712/2648 2875/2056/2733 2886/2017/2744
f 2757/2019/2660 2877/2019/2735 2887/1673/2745
f 2761/1690/2658 2879/2057/2737 2888/2015/2746
f 2765/1705/2637 2881/2058/2739 2889/1708/2747
f 2769/1720/2633 2883/1720/2741 2890/1722/2748
f 2771/1682/2653 2884/1682/2742 2891/1684/2749
f 2773/1699/2626 2885/1699/2743 2892/1701/2750
f 2775/2017/2623 2886/2017/2744 2893/1715/2751
f 2777/1673/2644 2887/1673/2745 2894/2016/2752
f 2779/2015/2640 2888/2015/2746 2895/1692/2753
f 2781/1708/2612 2889/1708/2747 2896/1710/2754
f 2783/1722/2634 2890/1722/2748 2897/2059/2755
f 2785/1684/2630 2891/1684/2749 2898/1686/2756
f 2787/1701/2627 2892/1701/2750 2899/1999/2757
f 2789/1715/2599 2893/1715/2751 2900/1996/2758
f 2791/2016/2620 2894/2016/2752 2870/2054/2728
f 2793/1692/2617 2895/1692/2753 2872/1695/2730
f 2795/1710/2613 2896/1710/2754 2874/2006/2732
f 2804/1668/2579 2901/1668/2759 2876/2004/2734
f 2797/2003/2609 2897/2059/2755 2901/1725/2759
f 2799/2013/2606 2898/1686/2756 2878/1688/2736
f 2801/1999/2603 2899/1999/2757 2880/1703/2738
f 2803/2012/2600 2900/1996/2758 2882/1718/2740
f 2870/2054/2728 2902/2011/2598 2910/1680/2666
f 2873/1697/2731 2872/1695/2730 2903/2009/2594
f 2875/2056/2733 2874/2006/2732 2904/2007/2590
f 2877/2019/2735 2876/2004/2734 2905/2005/2584
f 2878/1688/2736 2906/2002/2577 2914/1690/2641
f 2881/2058/2739 2880/1703/2738 2907/2001/2573
f 2883/1720/2741 2882/1718/2740 2908/1998/2568
f 2871/2055/2729 2910/1680/2666 2917/1682/2654
f 2885/1699/2743 2873/1697/2731 2911/2020/2651
f 2886/2017/2744 2875/2056/2733 2912/1712/2649
f 2877/2019/2735 2913/2022/2661 2920/1673/2621
f 2879/2057/2737 2914/1690/2641 2921/2015/2618
f 2889/1708/2747 2881/2058/2739 2915/1705/2657
f 2890/1722/2748 2883/1720/2741 2916/1720/2635
f 2884/1682/2742 2917/1682/2654 2924/1684/2607
f 2885/1699/2743 2918/2021/2652 2925/1701/2604
f 2893/1715/2751 2886/2017/2744 2919/2017/2650
f 2887/1673/2745 2920/1673/2621 2927/1675/2596
f 2888/2015/2746 2921/2015/2618 2928/1692/2592
f 2896/1710/2754 2889/1708/2747 2922/2014/2614
f 2897/2059/2755 2890/1722/2748 2923/1722/2610
f 2891/1684/2749 2924/1684/2607 2931/1686/2575
f 2899/1999/2757 2892/1701/2750 2925/1701/2604
f 2900/1996/2758 2893/1715/2751 2926/1715/2624
f 2894/2016/2752 2927/1675/2596 2902/2011/2598
f 2895/1692/2753 2928/1692/2592 2903/2009/2594
f 2874/2006/2732 2896/1710/2754 2929/1710/2588
f 2876/2004/2734 2901/1668/2759 2909/1668/2582
f 2897/2059/2755 2930/2003/2580 2909/1725/2582
f 2898/1686/2756 2931/1686/2575 2906/2002/2577
f 2880/1703/2738 2899/1999/2757 2932/2000/2571
f 2882/1718/2740 2900/1996/2758 2933/1997/2566
f 2936/1856/2439 2938/1846/2762 2939/1845/2760
f 2934/1855/2429 2936/1856/2439 2937/1852/2761
f 2634/1846/2420 2938/1846/2762 2936/1856/2439
f 2634/1846/2420 2635/1845/2419 2939/1845/2760
f 2619/1854/2428 2935/1854/2430 2937/1852/2761
f 2635/1845/2419 2627/1852/2426 2937/1852/2761
usemtl マテリアル.011
f 2955/2060/2303 2963/2061/2304 2971/2062/2307
f 2971/2063/2307 2972/2064/2309 2940/2065/2306
f 3131/2066/2305 2973/2067/2311 2972/2064/2309
f 3130/2068/2308 2974/2069/2313 2973/2067/2311
f 3128/2070/2312 2974/2069/2313 3129/2071/2310
f 3127/2072/2763 2975/2073/2315 3128/2070/2312
f 3126/2074/2323 2971/2063/2307 2970/2075/2321
f 3125/2076/2322 3131/2066/2305 3126/2074/2323
f 3125/2076/2322 3129/2071/2310 3130/2068/2308
f 3124/2077/2325 3128/2070/2312 3129/2071/2310
f 3122/2078/2764 3128/2070/2312 3123/2079/2324
f 2969/2080/2329 3126/2074/2323 2970/2075/2321
f 3121/2081/2331 3125/2076/2322 3126/2074/2323
f 3119/2082/2333 3125/2076/2322 3120/2083/2330
f 3119/2082/2333 3123/2079/2324 3124/2077/2325
f 3117/2084/2765 3123/2079/2324 3118/2085/2766
f 3116/2086/2337 2969/2080/2329 2968/2087/2338
f 3115/2088/2339 3121/2081/2331 3116/2086/2337
f 3115/2088/2339 3119/2082/2333 3120/2083/2330
f 3114/2089/2767 3118/2085/2766 3119/2082/2333
f 3113/2090/2768 3117/2084/2765 3118/2085/2766
f 2967/2091/2346 3116/2086/2337 2968/2087/2338
f 3111/2092/2345 3115/2088/2339 3116/2086/2337
f 3110/2093/2347 3114/2089/2767 3115/2088/2339
f 3108/2094/2769 3114/2089/2767 3109/2095/2349
f 3107/2096/2770 3113/2090/2768 3108/2094/2769
f 2966/2097/2353 3111/2092/2345 2967/2091/2346
f 3106/2098/2355 3110/2093/2347 3111/2092/2345
f 3105/2099/2354 3109/2095/2349 3110/2093/2347
f 3104/2100/2356 3108/2094/2769 3109/2095/2349
f 3102/2101/2771 3108/2094/2769 3103/2102/2358
f 2965/2103/2361 3106/2098/2355 2966/2097/2353
f 3100/2104/2362 3106/2098/2355 3101/2105/2363
f 3099/2106/2364 3105/2099/2354 3100/2104/2362
f 3098/2107/2366 3104/2100/2356 3099/2106/2364
f 3097/2108/2772 3103/2102/2358 3098/2107/2366
f 2964/2109/2370 3101/2105/2363 2965/2103/2361
f 3096/2110/2369 3100/2104/2362 3101/2105/2363
f 3095/2111/2371 3099/2106/2364 3100/2104/2362
f 3093/2112/2372 3099/2106/2364 3094/2113/2373
f 3092/2114/2773 3098/2107/2366 3093/2112/2372
f 3091/2115/2377 2964/2109/2370 2963/2116/2304
f 3090/2117/2378 3096/2110/2369 3091/2115/2377
f 3089/2118/2380 3095/2111/2371 3090/2117/2378
f 3089/2118/2380 3093/2112/2372 3094/2113/2373
f 3088/2119/2379 3092/2114/2773 3093/2112/2372
f 2962/2120/2385 3091/2115/2377 2963/2116/2304
f 3086/2121/2384 3090/2117/2378 3091/2115/2377
f 3085/2122/2386 3089/2118/2380 3090/2117/2378
f 3084/2123/2388 3088/2119/2379 3089/2118/2380
f 3082/2124/2774 3088/2119/2379 3083/2125/2387
f 3081/2126/2394 2962/2120/2385 2961/2127/2392
f 3080/2128/2393 3086/2121/2384 3081/2126/2394
f 3079/2129/2396 3085/2122/2386 3080/2128/2393
f 3079/2129/2396 3083/2125/2387 3084/2123/2388
f 3077/2130/2775 3083/2125/2387 3078/2131/2395
f 3076/2132/2402 2961/2127/2392 2960/2133/2400
f 3075/2134/2401 3081/2126/2394 3076/2132/2402
f 3075/2134/2401 3079/2129/2396 3080/2128/2393
f 3074/2135/2404 3078/2131/2395 3079/2129/2396
f 3072/2136/2776 3078/2131/2395 3073/2137/2403
f 2959/2138/2408 3076/2132/2402 2960/2133/2400
f 3071/2139/2410 3075/2134/2401 3076/2132/2402
f 3070/2140/2409 3074/2135/2404 3075/2134/2401
f 3069/2141/2412 3073/2137/2403 3074/2135/2404
f 3068/2142/2777 3072/2136/2776 3073/2137/2403
f 3066/2143/2417 2959/2138/2408 2958/2144/2416
f 3065/2145/2418 3071/2139/2410 3066/2143/2417
f 3065/2145/2418 3069/2141/2412 3070/2140/2409
f 3064/2146/2419 3068/2142/2777 3069/2141/2412
f 3062/2147/2778 3068/2142/2777 3063/2148/2779
f 3061/2149/2425 2958/2144/2416 2957/2150/2424
f 3060/2151/2427 3066/2143/2417 3061/2149/2425
f 3059/2152/2426 3065/2145/2418 3060/2151/2427
f 3054/2153/2428 3132/2154/2429 3133/2153/2430
f 3058/2155/2780 3062/2147/2778 3063/2148/2779
f 2956/2156/2436 3061/2149/2425 2957/2150/2424
f 3056/2157/2435 3060/2151/2427 3061/2149/2425
f 3055/2158/2437 3059/2152/2426 3060/2151/2427
f 3053/2154/2781 3134/2155/2439 3132/2154/2429
f 3052/2159/2782 3058/2155/2780 3053/2154/2781
f 3051/2160/2444 2956/2156/2436 2955/2161/2303
f 3050/2162/2443 3056/2157/2435 3051/2160/2444
f 3049/2163/2445 3055/2158/2437 3050/2162/2443
f 3049/2163/2445 3053/2154/2781 3054/2153/2428
f 3047/2164/2783 3053/2154/2781 3048/2165/2784
f 2954/2166/2451 3051/2160/2444 2955/2161/2303
f 3046/2167/2450 3050/2162/2443 3051/2160/2444
f 3045/2168/2453 3049/2163/2445 3050/2162/2443
f 3044/2169/2452 3048/2165/2784 3049/2163/2445
f 3042/2170/2785 3048/2165/2784 3043/2171/2454
f 2953/2172/2459 3046/2167/2450 2954/2166/2451
f 3040/2173/2461 3046/2167/2450 3041/2174/2458
f 3039/2175/2460 3045/2168/2453 3040/2173/2461
f 3039/2175/2460 3043/2171/2454 3044/2169/2452
f 3037/2176/2786 3043/2171/2454 3038/2177/2462
f 3036/2178/2466 2953/2172/2459 2952/2179/2467
f 3035/2180/2468 3041/2174/2458 3036/2178/2466
f 3034/2181/2470 3040/2173/2461 3035/2180/2468
f 3034/2181/2470 3038/2177/2462 3039/2175/2460
f 3032/2182/2787 3038/2177/2462 3033/2183/2469
f 2951/2184/2475 3036/2178/2466 2952/2179/2467
f 3031/2185/2474 3035/2180/2468 3036/2178/2466
f 3029/2186/2477 3035/2180/2468 3030/2187/2476
f 3029/2186/2477 3033/2183/2469 3034/2181/2470
f 3027/2188/2788 3033/2183/2469 3028/2189/2478
f 2950/2190/2482 3031/2185/2474 2951/2184/2475
f 3026/2191/2483 3030/2187/2476 3031/2185/2474
f 3024/2192/2484 3030/2187/2476 3025/2193/2485
f 3023/2194/2486 3029/2186/2477 3024/2192/2484
f 3022/2195/2789 3028/2189/2478 3023/2194/2486
f 3021/2196/2490 2950/2190/2482 2949/2197/2790
f 3020/2198/2493 3026/2191/2483 3021/2196/2490
f 3019/2199/2492 3025/2193/2485 3020/2198/2493
f 3018/2200/2495 3024/2192/2484 3019/2199/2492
f 3017/2201/2791 3023/2194/2486 3018/2200/2495
f 2948/2202/2498 3021/2196/2490 2949/2197/2790
f 3016/2203/2499 3020/2198/2493 3021/2196/2490
f 3014/2204/2500 3020/2198/2493 3015/2205/2501
f 3013/2206/2502 3019/2199/2492 3014/2204/2500
f 3013/2206/2502 3017/2201/2791 3018/2200/2495
f 3011/2207/2506 2948/2202/2498 2947/2208/2302
f 3011/2207/2506 3015/2205/2501 3016/2203/2499
f 3010/2209/2508 3014/2204/2500 3015/2205/2501
f 3008/2210/2509 3014/2204/2500 3009/2211/2507
f 3007/2212/2792 3013/2206/2502 3008/2210/2509
f 2946/2213/2513 3011/2207/2506 2947/2208/2302
f 3006/2214/2514 3010/2209/2508 3011/2207/2506
f 3004/2215/2515 3010/2209/2508 3005/2216/2516
f 3004/2215/2515 3008/2210/2509 3009/2211/2507
f 3003/2217/2517 3007/2212/2792 3008/2210/2509
f 2945/2218/2522 3006/2214/2514 2946/2213/2513
f 3001/2219/2521 3005/2216/2516 3006/2214/2514
f 2999/2220/2523 3005/2216/2516 3000/2221/2524
f 2998/2222/2525 3004/2215/2515 2999/2220/2523
f 2997/2223/2793 3003/2217/2517 2998/2222/2525
f 2996/2224/2529 2945/2218/2522 2944/2225/2794
f 2996/2224/2529 3000/2221/2524 3001/2219/2521
f 2994/2226/2533 3000/2221/2524 2995/2227/2531
f 2994/2226/2533 2998/2222/2525 2999/2220/2523
f 2992/2228/2795 2998/2222/2525 2993/2229/2532
f 2991/2230/2539 2944/2225/2794 2943/2231/2537
f 2991/2230/2539 2995/2227/2531 2996/2224/2529
f 2989/2232/2541 2995/2227/2531 2990/2233/2538
f 2989/2232/2541 2993/2229/2532 2994/2226/2533
f 2987/2234/2796 2993/2229/2532 2988/2235/2540
f 2942/2236/2545 2991/2230/2539 2943/2231/2537
f 2986/2237/2546 2990/2233/2538 2991/2230/2539
f 2984/2238/2549 2990/2233/2538 2985/2239/2547
f 2984/2238/2549 2988/2235/2540 2989/2232/2541
f 2982/2240/2797 2988/2235/2540 2983/2241/2548
f 2981/2242/2553 2942/2236/2545 2941/2243/2554
f 2980/2244/2555 2986/2237/2546 2981/2242/2553
f 2979/2245/2556 2985/2239/2547 2980/2244/2555
f 2979/2245/2556 2983/2241/2548 2984/2238/2549
f 2977/2246/2798 2983/2241/2548 2978/2247/2557
f 2940/2248/2306 2981/2242/2553 2941/2243/2554
f 2972/2249/2309 2980/2244/2555 2981/2242/2553
f 2973/2250/2311 2979/2245/2556 2980/2244/2555
f 2975/2251/2315 2979/2245/2556 2974/2252/2313
f 2975/2251/2315 2977/2246/2798 2978/2247/2557
f 3002/2253/2799 2976/2254/2800 3092/2114/2773
f 3134/2155/2439 3137/2146/2760 3135/2152/2761
f 3132/2154/2429 3135/2152/2761 3133/2153/2430
f 3063/2148/2779 3134/2155/2439 3058/2155/2780
f 3063/2148/2779 3137/2146/2760 3136/2148/2762
f 3054/2153/2428 3135/2152/2761 3059/2152/2426
f 3064/2146/2419 3135/2152/2761 3137/2146/2760
f 2971/2062/2307 2940/2313/2306 2941/2314/2554
f 2941/2314/2554 2942/2315/2545 2943/2316/2537
f 2943/2316/2537 2944/2317/2794 2945/2318/2522
f 2945/2318/2522 2946/2319/2513 2943/2316/2537
f 2946/2319/2513 2947/2320/2302 2943/2316/2537
f 2947/2320/2302 2948/2321/2498 2949/2322/2790
f 2949/2322/2790 2950/2323/2482 2951/2324/2475
f 2951/2324/2475 2952/2325/2467 2953/2326/2459
f 2953/2326/2459 2954/2327/2451 2951/2324/2475
f 2954/2327/2451 2955/2060/2303 2951/2324/2475
f 2955/2060/2303 2956/2328/2436 2957/2329/2424
f 2957/2329/2424 2958/2330/2416 2955/2060/2303
f 2958/2330/2416 2959/2331/2408 2955/2060/2303
f 2959/2331/2408 2960/2332/2400 2963/2061/2304
f 2960/2332/2400 2961/2333/2392 2963/2061/2304
f 2961/2333/2392 2962/2334/2385 2963/2061/2304
f 2963/2061/2304 2964/2335/2370 2965/2336/2361
f 2965/2336/2361 2966/2337/2353 2967/2338/2346
f 2967/2338/2346 2968/2339/2338 2971/2062/2307
f 2968/2339/2338 2969/2340/2329 2971/2062/2307
f 2969/2340/2329 2970/2341/2321 2971/2062/2307
f 2971/2062/2307 2941/2314/2554 2943/2316/2537
f 2947/2320/2302 2949/2322/2790 2955/2060/2303
f 2949/2322/2790 2951/2324/2475 2955/2060/2303
f 2963/2061/2304 2965/2336/2361 2971/2062/2307
f 2965/2336/2361 2967/2338/2346 2971/2062/2307
f 2971/2062/2307 2943/2316/2537 2955/2060/2303
f 2943/2316/2537 2947/2320/2302 2955/2060/2303
f 2955/2060/2303 2959/2331/2408 2963/2061/2304
f 2971/2063/2307 3131/2066/2305 2972/2064/2309
f 3131/2066/2305 3130/2068/2308 2973/2067/2311
f 3130/2068/2308 3129/2071/2310 2974/2069/2313
f 3128/2070/2312 2975/2073/2315 2974/2069/2313
f 3127/2072/2763 2976/2254/2800 2975/2073/2315
f 3126/2074/2323 3131/2066/2305 2971/2063/2307
f 3125/2076/2322 3130/2068/2308 3131/2066/2305
f 3125/2076/2322 3124/2077/2325 3129/2071/2310
f 3124/2077/2325 3123/2079/2324 3128/2070/2312
f 3122/2078/2764 3127/2072/2763 3128/2070/2312
f 2969/2080/2329 3121/2081/2331 3126/2074/2323
f 3121/2081/2331 3120/2083/2330 3125/2076/2322
f 3119/2082/2333 3124/2077/2325 3125/2076/2322
f 3119/2082/2333 3118/2085/2766 3123/2079/2324
f 3117/2084/2765 3122/2078/2764 3123/2079/2324
f 3116/2086/2337 3121/2081/2331 2969/2080/2329
f 3115/2088/2339 3120/2083/2330 3121/2081/2331
f 3115/2088/2339 3114/2089/2767 3119/2082/2333
f 3114/2089/2767 3113/2090/2768 3118/2085/2766
f 3113/2090/2768 3112/2342/2803 3117/2084/2765
f 2967/2091/2346 3111/2092/2345 3116/2086/2337
f 3111/2092/2345 3110/2093/2347 3115/2088/2339
f 3110/2093/2347 3109/2095/2349 3114/2089/2767
f 3108/2094/2769 3113/2090/2768 3114/2089/2767
f 3107/2096/2770 3112/2342/2803 3113/2090/2768
f 2966/2097/2353 3106/2098/2355 3111/2092/2345
f 3106/2098/2355 3105/2099/2354 3110/2093/2347
f 3105/2099/2354 3104/2100/2356 3109/2095/2349
f 3104/2100/2356 3103/2102/2358 3108/2094/2769
f 3102/2101/2771 3107/2096/2770 3108/2094/2769
f 2965/2103/2361 3101/2105/2363 3106/2098/2355
f 3100/2104/2362 3105/2099/2354 3106/2098/2355
f 3099/2106/2364 3104/2100/2356 3105/2099/2354
f 3098/2107/2366 3103/2102/2358 3104/2100/2356
f 3097/2108/2772 3102/2101/2771 3103/2102/2358
f 2964/2109/2370 3096/2110/2369 3101/2105/2363
f 3096/2110/2369 3095/2111/2371 3100/2104/2362
f 3095/2111/2371 3094/2113/2373 3099/2106/2364
f 3093/2112/2372 3098/2107/2366 3099/2106/2364
f 3092/2114/2773 3097/2108/2772 3098/2107/2366
f 3091/2115/2377 3096/2110/2369 2964/2109/2370
f 3090/2117/2378 3095/2111/2371 3096/2110/2369
f 3089/2118/2380 3094/2113/2373 3095/2111/2371
f 3089/2118/2380 3088/2119/2379 3093/2112/2372
f 3088/2119/2379 3087/2343/2804 3092/2114/2773
f 2962/2120/2385 3086/2121/2384 3091/2115/2377
f 3086/2121/2384 3085/2122/2386 3090/2117/2378
f 3085/2122/2386 3084/2123/2388 3089/2118/2380
f 3084/2123/2388 3083/2125/2387 3088/2119/2379
f 3082/2124/2774 3087/2343/2804 3088/2119/2379
f 3081/2126/2394 3086/2121/2384 2962/2120/2385
f 3080/2128/2393 3085/2122/2386 3086/2121/2384
f 3079/2129/2396 3084/2123/2388 3085/2122/2386
f 3079/2129/2396 3078/2131/2395 3083/2125/2387
f 3077/2130/2775 3082/2124/2774 3083/2125/2387
f 3076/2132/2402 3081/2126/2394 2961/2127/2392
f 3075/2134/2401 3080/2128/2393 3081/2126/2394
f 3075/2134/2401 3074/2135/2404 3079/2129/2396
f 3074/2135/2404 3073/2137/2403 3078/2131/2395
f 3072/2136/2776 3077/2130/2775 3078/2131/2395
f 2959/2138/2408 3071/2139/2410 3076/2132/2402
f 3071/2139/2410 3070/2140/2409 3075/2134/2401
f 3070/2140/2409 3069/2141/2412 3074/2135/2404
f 3069/2141/2412 3068/2142/2777 3073/2137/2403
f 3068/2142/2777 3067/2344/2805 3072/2136/2776
f 3066/2143/2417 3071/2139/2410 2959/2138/2408
f 3065/2145/2418 3070/2140/2409 3071/2139/2410
f 3065/2145/2418 3064/2146/2419 3069/2141/2412
f 3064/2146/2419 3063/2148/2779 3068/2142/2777
f 3062/2147/2778 3067/2344/2805 3068/2142/2777
f 3061/2149/2425 3066/2143/2417 2958/2144/2416
f 3060/2151/2427 3065/2145/2418 3066/2143/2417
f 3059/2152/2426 3064/2146/2419 3065/2145/2418
f 3054/2153/2428 3053/2154/2781 3132/2154/2429
f 3058/2155/2780 3057/2345/2806 3062/2147/2778
f 2956/2156/2436 3056/2157/2435 3061/2149/2425
f 3056/2157/2435 3055/2158/2437 3060/2151/2427
f 3055/2158/2437 3054/2153/2428 3059/2152/2426
f 3053/2154/2781 3058/2155/2780 3134/2155/2439
f 3052/2159/2782 3057/2345/2806 3058/2155/2780
f 3051/2160/2444 3056/2157/2435 2956/2156/2436
f 3050/2162/2443 3055/2158/2437 3056/2157/2435
f 3049/2163/2445 3054/2153/2428 3055/2158/2437
f 3049/2163/2445 3048/2165/2784 3053/2154/2781
f 3047/2164/2783 3052/2159/2782 3053/2154/2781
f 2954/2166/2451 3046/2167/2450 3051/2160/2444
f 3046/2167/2450 3045/2168/2453 3050/2162/2443
f 3045/2168/2453 3044/2169/2452 3049/2163/2445
f 3044/2169/2452 3043/2171/2454 3048/2165/2784
f 3042/2170/2785 3047/2164/2783 3048/2165/2784
f 2953/2172/2459 3041/2174/2458 3046/2167/2450
f 3040/2173/2461 3045/2168/2453 3046/2167/2450
f 3039/2175/2460 3044/2169/2452 3045/2168/2453
f 3039/2175/2460 3038/2177/2462 3043/2171/2454
f 3037/2176/2786 3042/2170/2785 3043/2171/2454
f 3036/2178/2466 3041/2174/2458 2953/2172/2459
f 3035/2180/2468 3040/2173/2461 3041/2174/2458
f 3034/2181/2470 3039/2175/2460 3040/2173/2461
f 3034/2181/2470 3033/2183/2469 3038/2177/2462
f 3032/2182/2787 3037/2176/2786 3038/2177/2462
f 2951/2184/2475 3031/2185/2474 3036/2178/2466
f 3031/2185/2474 3030/2187/2476 3035/2180/2468
f 3029/2186/2477 3034/2181/2470 3035/2180/2468
f 3029/2186/2477 3028/2189/2478 3033/2183/2469
f 3027/2188/2788 3032/2182/2787 3033/2183/2469
f 2950/2190/2482 3026/2191/2483 3031/2185/2474
f 3026/2191/2483 3025/2193/2485 3030/2187/2476
f 3024/2192/2484 3029/2186/2477 3030/2187/2476
f 3023/2194/2486 3028/2189/2478 3029/2186/2477
f 3022/2195/2789 3027/2188/2788 3028/2189/2478
f 3021/2196/2490 3026/2191/2483 2950/2190/2482
f 3020/2198/2493 3025/2193/2485 3026/2191/2483
f 3019/2199/2492 3024/2192/2484 3025/2193/2485
f 3018/2200/2495 3023/2194/2486 3024/2192/2484
f 3017/2201/2791 3022/2195/2789 3023/2194/2486
f 2948/2202/2498 3016/2203/2499 3021/2196/2490
f 3016/2203/2499 3015/2205/2501 3020/2198/2493
f 3014/2204/2500 3019/2199/2492 3020/2198/2493
f 3013/2206/2502 3018/2200/2495 3019/2199/2492
f 3013/2206/2502 3012/2346/2807 3017/2201/2791
f 3011/2207/2506 3016/2203/2499 2948/2202/2498
f 3011/2207/2506 3010/2209/2508 3015/2205/2501
f 3010/2209/2508 3009/2211/2507 3014/2204/2500
f 3008/2210/2509 3013/2206/2502 3014/2204/2500
f 3007/2212/2792 3012/2346/2807 3013/2206/2502
f 2946/2213/2513 3006/2214/2514 3011/2207/2506
f 3006/2214/2514 3005/2216/2516 3010/2209/2508
f 3004/2215/2515 3009/2211/2507 3010/2209/2508
f 3004/2215/2515 3003/2217/2517 3008/2210/2509
f 3003/2217/2517 3002/2253/2799 3007/2212/2792
f 2945/2218/2522 3001/2219/2521 3006/2214/2514
f 3001/2219/2521 3000/2221/2524 3005/2216/2516
f 2999/2220/2523 3004/2215/2515 3005/2216/2516
f 2998/2222/2525 3003/2217/2517 3004/2215/2515
f 2997/2223/2793 3002/2253/2799 3003/2217/2517
f 2996/2224/2529 3001/2219/2521 2945/2218/2522
f 2996/2224/2529 2995/2227/2531 3000/2221/2524
f 2994/2226/2533 2999/2220/2523 3000/2221/2524
f 2994/2226/2533 2993/2229/2532 2998/2222/2525
f 2992/2228/2795 2997/2223/2793 2998/2222/2525
f 2991/2230/2539 2996/2224/2529 2944/2225/2794
f 2991/2230/2539 2990/2233/2538 2995/2227/2531
f 2989/2232/2541 2994/2226/2533 2995/2227/2531
f 2989/2232/2541 2988/2235/2540 2993/2229/2532
f 2987/2234/2796 2992/2228/2795 2993/2229/2532
f 2942/2236/2545 2986/2237/2546 2991/2230/2539
f 2986/2237/2546 2985/2239/2547 2990/2233/2538
f 2984/2238/2549 2989/2232/2541 2990/2233/2538
f 2984/2238/2549 2983/2241/2548 2988/2235/2540
f 2982/2240/2797 2987/2234/2796 2988/2235/2540
f 2981/2242/2553 2986/2237/2546 2942/2236/2545
f 2980/2244/2555 2985/2239/2547 2986/2237/2546
f 2979/2245/2556 2984/2238/2549 2985/2239/2547
f 2979/2245/2556 2978/2247/2557 2983/2241/2548
f 2977/2246/2798 2982/2240/2797 2983/2241/2548
f 2940/2248/2306 2972/2249/2309 2981/2242/2553
f 2972/2249/2309 2973/2250/2311 2980/2244/2555
f 2973/2250/2311 2974/2252/2313 2979/2245/2556
f 2975/2251/2315 2978/2247/2557 2979/2245/2556
f 2975/2251/2315 2976/2347/2800 2977/2246/2798
f 2982/2240/2797 2977/2246/2798 2976/2254/2800
f 2976/2254/2800 3127/2072/2763 3112/2342/2803
f 3127/2072/2763 3122/2078/2764 3117/2084/2765
f 3112/2342/2803 3127/2072/2763 3117/2084/2765
f 3112/2342/2803 3107/2096/2770 2976/2254/2800
f 3107/2096/2770 3102/2101/2771 3092/2114/2773
f 2976/2254/2800 3107/2096/2770 3092/2114/2773
f 3102/2101/2771 3097/2108/2772 3092/2114/2773
f 3092/2114/2773 3087/2343/2804 3082/2124/2774
f 3082/2124/2774 3077/2130/2775 3092/2114/2773
f 3077/2130/2775 3072/2136/2776 3092/2114/2773
f 3072/2136/2776 3067/2344/2805 3062/2147/2778
f 3062/2147/2778 3057/2345/2806 3072/2136/2776
f 3057/2345/2806 3052/2159/2782 3072/2136/2776
f 3052/2159/2782 3047/2164/2783 3072/2136/2776
f 3047/2164/2783 3042/2170/2785 3092/2114/2773
f 3072/2136/2776 3047/2164/2783 3092/2114/2773
f 3042/2170/2785 3037/2176/2786 3092/2114/2773
f 3037/2176/2786 3032/2182/2787 3002/2253/2799
f 3032/2182/2787 3027/2188/2788 3022/2195/2789
f 3022/2195/2789 3017/2201/2791 3012/2346/2807
f 3012/2346/2807 3007/2212/2792 3002/2253/2799
f 3002/2253/2799 2997/2223/2793 2976/2254/2800
f 2997/2223/2793 2992/2228/2795 2976/2254/2800
f 2992/2228/2795 2987/2234/2796 2982/2240/2797
f 2982/2240/2797 2976/2254/2800 2992/2228/2795
f 3037/2176/2786 3002/2253/2799 3092/2114/2773
f 3032/2182/2787 3022/2195/2789 3012/2346/2807
f 3002/2253/2799 3032/2182/2787 3012/2346/2807
f 3134/2155/2439 3136/2148/2762 3137/2146/2760
f 3132/2154/2429 3134/2155/2439 3135/2152/2761
f 3063/2148/2779 3136/2148/2762 3134/2155/2439
f 3063/2148/2779 3064/2146/2419 3137/2146/2760
f 3054/2153/2428 3133/2153/2430 3135/2152/2761
f 3064/2146/2419 3059/2152/2426 3135/2152/2761
